mean_spread,median_spread,abs_original_irrelevant,abs_original_distracting,decision_change_original_irrelevant,decision_change_original_distracting,any_decision_change
0.0245,0.01,0.010833333333333335,0.018666666666666668,0.0,0.0,0.0
0.02366666666666667,0.010000000000000009,0.011000000000000005,0.018000000000000002,0.0,0.0,0.0
0.022833333333333337,0.01,0.0051666666666666675,0.02033333333333333,0.0,0.0,0.0
0.017666666666666667,0.010000000000000009,0.006666666666666668,0.014666666666666666,0.0,0.0,0.0
0.022500000000000003,0.010000000000000009,0.015333333333333336,0.014500000000000002,0.0,0.0,0.0
0.023333333333333334,0.010000000000000009,0.012666666666666666,0.014833333333333336,0.0,0.0,0.0
0.015500000000000003,0.01,0.008666666666666668,0.011500000000000003,0.0,0.0,0.0
0.024000000000000004,0.01,0.009833333333333335,0.019666666666666666,0.0,0.0,0.0
0.0215,0.010000000000000009,0.009666666666666667,0.016000000000000004,0.0,0.0,0.0
0.028499999999999994,0.010000000000000009,0.010000000000000002,0.023499999999999997,0.0,0.0,0.0
0.029666666666666668,0.010000000000000009,0.012500000000000002,0.022000000000000002,0.0,0.0,0.0
0.017000000000000005,0.009999999999999998,0.009666666666666667,0.012833333333333337,0.0,0.0,0.0
0.021833333333333333,0.009999999999999998,0.008500000000000002,0.016666666666666666,0.0,0.0,0.0
0.027166666666666665,0.010000000000000005,0.015499999999999998,0.017500000000000005,0.0,0.0,0.0
0.031000000000000003,0.010000000000000009,0.012833333333333337,0.024166666666666666,0.0,0.0,0.0
0.02133333333333333,0.01,0.015499999999999998,0.011000000000000003,0.0,0.0,0.0
0.031999999999999994,0.010000000000000009,0.014166666666666666,0.024,0.0,0.0,0.0
0.028666666666666667,0.010000000000000009,0.008500000000000004,0.026500000000000003,0.0,0.0,0.0
0.036,0.010000000000000009,0.010166666666666666,0.030166666666666665,0.0,0.0,0.0
0.0265,0.010000000000000002,0.007833333333333335,0.02383333333333333,0.0,0.0,0.0
0.017166666666666667,0.01,0.007166666666666668,0.012666666666666668,0.0,0.0,0.0
0.030000000000000006,0.010000000000000009,0.011500000000000003,0.025333333333333336,0.0,0.0,0.0
0.02683333333333333,0.01,0.01616666666666667,0.01716666666666667,0.0,0.0,0.0
0.022000000000000002,0.010000000000000005,0.007166666666666669,0.01983333333333333,0.0,0.0,0.0
0.024666666666666667,0.010000000000000009,0.01,0.019000000000000003,0.0,0.0,0.0
0.034999999999999996,0.010000000000000009,0.012333333333333333,0.028999999999999995,0.0,0.0,0.0
0.027666666666666666,0.010000000000000009,0.014333333333333337,0.020333333333333335,0.0,0.0,0.0
0.026666666666666665,0.010000000000000009,0.0085,0.02316666666666667,0.0,0.0,0.0
0.020500000000000004,0.009999999999999998,0.009000000000000001,0.015166666666666667,0.0,0.0,0.0
0.010166666666666668,0.009999999999999998,0.005666666666666668,0.007166666666666669,0.0,0.0,0.0
0.026166666666666668,0.010000000000000009,0.011833333333333335,0.019333333333333334,0.0,0.0,0.0
0.027833333333333328,0.010000000000000005,0.010166666666666668,0.021666666666666664,0.0,0.0,0.0
0.025333333333333333,0.009999999999999998,0.008,0.020166666666666666,0.0,0.0,0.0
0.017166666666666667,0.009999999999999998,0.005833333333333334,0.015000000000000001,0.0,0.0,0.0
0.01766666666666667,0.01,0.008500000000000004,0.014000000000000004,0.0,0.0,0.0
0.03433333333333333,0.010000000000000009,0.018333333333333337,0.024000000000000004,0.0,0.0,0.0
0.024666666666666663,0.010000000000000009,0.009166666666666667,0.019500000000000003,0.0,0.0,0.0
0.01616666666666667,0.01,0.007666666666666669,0.013833333333333335,0.0,0.0,0.0
0.02783333333333333,0.010000000000000009,0.014666666666666666,0.018833333333333334,0.0,0.0,0.0
0.020666666666666667,0.01,0.011333333333333332,0.014000000000000002,0.0,0.0,0.0
0.026333333333333334,0.010000000000000009,0.006500000000000002,0.023666666666666666,0.0,0.0,0.0
0.016666666666666666,0.01,0.007666666666666668,0.012833333333333337,0.0,0.0,0.0
0.014166666666666668,0.01,0.007333333333333335,0.010333333333333335,0.0,0.0,0.0
0.022833333333333334,0.009999999999999998,0.005500000000000001,0.02066666666666667,0.0,0.0,0.0
0.02266666666666667,0.01,0.008000000000000002,0.017666666666666667,0.0,0.0,0.0
0.017833333333333333,0.009999999999999998,0.008166666666666668,0.014000000000000002,0.0,0.0,0.0
0.030999999999999996,0.01,0.015333333333333334,0.021833333333333333,0.0,0.0,0.0
0.02466666666666667,0.009999999999999998,0.009666666666666665,0.017833333333333333,0.0,0.0,0.0
0.030166666666666668,0.010000000000000009,0.013166666666666667,0.020999999999999998,0.0,0.0,0.0
0.016500000000000004,0.010000000000000005,0.007500000000000003,0.014333333333333335,0.0,0.0,0.0
0.021333333333333336,0.010000000000000009,0.010833333333333337,0.017000000000000005,0.0,0.0,0.0
0.023666666666666666,0.010000000000000009,0.00816666666666667,0.019666666666666662,0.0,0.0,0.0
0.021500000000000002,0.010000000000000009,0.005000000000000004,0.02,0.0,0.0,0.0
0.026000000000000002,0.010000000000000009,0.009333333333333338,0.022333333333333334,0.0,0.0,0.0
0.01833333333333333,0.009999999999999998,0.008500000000000002,0.012666666666666666,0.0,0.0,0.0
0.02683333333333333,0.010000000000000009,0.009166666666666665,0.0205,0.0,0.0,0.0
0.016333333333333335,0.01,0.00716666666666667,0.013666666666666669,0.0,0.0,0.0
0.023666666666666673,0.010000000000000009,0.008833333333333337,0.018500000000000003,0.0,0.0,0.0
0.014999999999999998,0.009999999999999998,0.006000000000000003,0.012333333333333333,0.0,0.0,0.0
0.020833333333333332,0.010000000000000009,0.006000000000000002,0.018666666666666665,0.0,0.0,0.0
0.023,0.010000000000000009,0.012666666666666668,0.016333333333333335,0.0,0.0,0.0
0.022666666666666665,0.010000000000000009,0.009000000000000003,0.018666666666666668,0.0,0.0,0.0
0.01766666666666667,0.009999999999999998,0.006500000000000002,0.013833333333333335,0.0,0.0,0.0
0.022500000000000003,0.010000000000000009,0.010833333333333335,0.017166666666666667,0.0,0.0,0.0
0.027333333333333334,0.010000000000000009,0.012666666666666666,0.01966666666666667,0.0,0.0,0.0
0.022666666666666665,0.009999999999999998,0.00716666666666667,0.02,0.0,0.0,0.0
0.028666666666666667,0.010000000000000009,0.012333333333333333,0.02216666666666667,0.0,0.0,0.0
0.025833333333333333,0.010000000000000005,0.013333333333333334,0.0175,0.0,0.0,0.0
0.02,0.01,0.013166666666666667,0.011166666666666668,0.0,0.0,0.0
0.02916666666666667,0.010000000000000005,0.008500000000000002,0.025333333333333336,0.0,0.0,0.0
0.01616666666666667,0.010000000000000002,0.00616666666666667,0.014166666666666668,0.0,0.0,0.0
0.024833333333333336,0.010000000000000009,0.012833333333333335,0.017500000000000005,0.0,0.0,0.0
0.025500000000000002,0.010000000000000009,0.008333333333333333,0.020833333333333336,0.0,0.0,0.0
0.01216666666666667,0.01,0.005333333333333335,0.010333333333333335,0.0,0.0,0.0
0.026000000000000002,0.010000000000000009,0.013166666666666667,0.018666666666666668,0.0,0.0,0.0
0.033499999999999995,0.010000000000000009,0.014000000000000002,0.026999999999999993,0.0,0.0,0.0
0.01966666666666667,0.010000000000000005,0.009666666666666669,0.017,0.0,0.0,0.0
0.015500000000000002,0.01,0.006500000000000001,0.012333333333333335,0.0,0.0,0.0
0.021333333333333336,0.01,0.008333333333333335,0.017166666666666667,0.0,0.0,0.0
0.029666666666666664,0.010000000000000009,0.011666666666666664,0.022833333333333334,0.0,0.0,0.0
0.03033333333333333,0.010000000000000009,0.0115,0.0235,0.0,0.0,0.0
0.02383333333333333,0.010000000000000009,0.011333333333333334,0.018333333333333333,0.0,0.0,0.0
0.025833333333333333,0.010000000000000005,0.010000000000000002,0.0205,0.0,0.0,0.0
0.027499999999999993,0.01,0.011666666666666667,0.02266666666666666,0.0,0.0,0.0
0.023,0.010000000000000009,0.012666666666666666,0.014999999999999998,0.0,0.0,0.0
0.025000000000000005,0.010000000000000009,0.013833333333333336,0.016500000000000004,0.0,0.0,0.0
0.020999999999999998,0.009999999999999998,0.005666666666666668,0.01833333333333333,0.0,0.0,0.0
0.026333333333333327,0.010000000000000009,0.010333333333333335,0.021666666666666664,0.0,0.0,0.0
0.027666666666666666,0.010000000000000009,0.005833333333333335,0.024999999999999998,0.0,0.0,0.0
0.01666666666666667,0.010000000000000009,0.007166666666666669,0.01366666666666667,0.0,0.0,0.0
0.026000000000000002,0.010000000000000005,0.008333333333333337,0.022333333333333337,0.0,0.0,0.0
0.026666666666666665,0.010000000000000009,0.009666666666666667,0.022,0.0,0.0,0.0
0.023166666666666665,0.010000000000000009,0.010166666666666668,0.018500000000000003,0.0,0.0,0.0
0.029333333333333333,0.010000000000000009,0.012666666666666666,0.0225,0.0,0.0,0.0
0.02033333333333333,0.010000000000000005,0.011500000000000003,0.014500000000000004,0.0,0.0,0.0
0.022833333333333327,0.01,0.0105,0.015833333333333335,0.0,0.0,0.0
0.020833333333333332,0.01,0.013166666666666667,0.01266666666666667,0.0,0.0,0.0
0.029666666666666668,0.010000000000000009,0.014500000000000004,0.02383333333333333,0.0,0.0,0.0
0.027166666666666665,0.010000000000000002,0.011666666666666667,0.020000000000000004,0.0,0.0,0.0
0.023500000000000004,0.010000000000000009,0.011333333333333336,0.01716666666666667,0.0,0.0,0.0
0.02183333333333333,0.010000000000000009,0.010333333333333335,0.017,0.0,0.0,0.0
0.0195,0.01,0.006500000000000002,0.017166666666666667,0.0,0.0,0.0
0.021333333333333333,0.010000000000000002,0.011833333333333335,0.012833333333333334,0.0,0.0,0.0
0.02266666666666667,0.010000000000000009,0.009000000000000005,0.02016666666666667,0.0,0.0,0.0
0.027833333333333328,0.010000000000000009,0.015333333333333334,0.018833333333333334,0.0,0.0,0.0
0.025666666666666664,0.010000000000000009,0.015166666666666667,0.017666666666666667,0.0,0.0,0.0
0.025500000000000002,0.010000000000000009,0.009666666666666667,0.019833333333333335,0.0,0.0,0.0
0.02283333333333333,0.010000000000000005,0.012833333333333335,0.016333333333333335,0.0,0.0,0.0
0.021833333333333333,0.010000000000000009,0.009166666666666667,0.017333333333333336,0.0,0.0,0.0
0.028499999999999994,0.010000000000000009,0.016166666666666666,0.018833333333333334,0.0,0.0,0.0
0.022,0.010000000000000002,0.010666666666666666,0.01566666666666667,0.0,0.0,0.0
0.018666666666666668,0.01,0.009666666666666669,0.014833333333333336,0.0,0.0,0.0
0.028666666666666667,0.010000000000000002,0.014333333333333332,0.020500000000000004,0.0,0.0,0.0
0.03216666666666666,0.010000000000000009,0.013500000000000002,0.024333333333333332,0.0,0.0,0.0
0.02166666666666667,0.010000000000000002,0.009833333333333335,0.017333333333333336,0.0,0.0,0.0
0.0165,0.01,0.006000000000000001,0.013166666666666665,0.0,0.0,0.0
0.025,0.010000000000000009,0.009166666666666672,0.021666666666666664,0.0,0.0,0.0
0.029666666666666664,0.010000000000000009,0.009166666666666668,0.026166666666666664,0.0,0.0,0.0
0.0325,0.010000000000000009,0.014000000000000002,0.023000000000000003,0.0,0.0,0.0
0.019500000000000003,0.010000000000000009,0.011500000000000002,0.013000000000000005,0.0,0.0,0.0
0.024833333333333336,0.010000000000000009,0.009500000000000003,0.02033333333333333,0.0,0.0,0.0
0.022166666666666664,0.010000000000000009,0.011833333333333335,0.016333333333333335,0.0,0.0,0.0
0.01583333333333333,0.009999999999999998,0.005333333333333334,0.013833333333333333,0.0,0.0,0.0
0.024166666666666666,0.010000000000000009,0.014333333333333335,0.016500000000000004,0.0,0.0,0.0
0.02516666666666667,0.010000000000000009,0.006666666666666669,0.021166666666666667,0.0,0.0,0.0
0.019833333333333335,0.010000000000000009,0.005166666666666669,0.018166666666666668,0.0,0.0,0.0
0.0165,0.01,0.006000000000000001,0.014000000000000002,0.0,0.0,0.0
0.02983333333333333,0.010000000000000009,0.014666666666666668,0.020833333333333336,0.0,0.0,0.0
0.02333333333333333,0.010000000000000009,0.009500000000000005,0.02016666666666667,0.0,0.0,0.0
0.03383333333333332,0.010000000000000005,0.014666666666666666,0.024666666666666667,0.0,0.0,0.0
0.02866666666666667,0.010000000000000009,0.014000000000000004,0.020166666666666666,0.0,0.0,0.0
0.016666666666666666,0.009999999999999998,0.008666666666666668,0.013500000000000003,0.0,0.0,0.0
0.018666666666666668,0.009999999999999998,0.010166666666666664,0.013166666666666667,0.0,0.0,0.0
0.0275,0.010000000000000002,0.010000000000000002,0.020833333333333332,0.0,0.0,0.0
0.017666666666666664,0.009999999999999998,0.007500000000000001,0.013166666666666667,0.0,0.0,0.0
0.018500000000000003,0.01,0.009333333333333338,0.014000000000000002,0.0,0.0,0.0
0.026666666666666665,0.010000000000000009,0.013000000000000005,0.02116666666666667,0.0,0.0,0.0
0.025333333333333333,0.010000000000000009,0.013166666666666667,0.018333333333333333,0.0,0.0,0.0
0.020833333333333336,0.01,0.010666666666666666,0.014666666666666668,0.0,0.0,0.0
0.021166666666666663,0.009999999999999998,0.0063333333333333375,0.019166666666666665,0.0,0.0,0.0
0.022333333333333337,0.010000000000000009,0.007666666666666671,0.020000000000000007,0.0,0.0,0.0
0.025166666666666667,0.01,0.011000000000000005,0.01916666666666667,0.0,0.0,0.0
0.0235,0.010000000000000009,0.009000000000000003,0.019500000000000003,0.0,0.0,0.0
0.013333333333333336,0.009999999999999998,0.005000000000000003,0.011833333333333335,0.0,0.0,0.0
0.022500000000000003,0.01,0.009166666666666667,0.018500000000000003,0.0,0.0,0.0
0.0245,0.010000000000000009,0.013666666666666667,0.019,0.0,0.0,0.0
0.028,0.010000000000000009,0.012166666666666668,0.020833333333333332,0.0,0.0,0.0
0.021500000000000005,0.010000000000000009,0.012500000000000004,0.015000000000000003,0.0,0.0,0.0
0.028166666666666666,0.010000000000000009,0.011333333333333336,0.023500000000000004,0.0,0.0,0.0
0.022000000000000002,0.01,0.008833333333333335,0.0165,0.0,0.0,0.0
0.028833333333333336,0.010000000000000005,0.010500000000000002,0.023333333333333334,0.0,0.0,0.0
0.026000000000000002,0.010000000000000009,0.01266666666666667,0.02066666666666667,0.0,0.0,0.0
0.029166666666666667,0.009999999999999998,0.008833333333333337,0.026000000000000002,0.0,0.0,0.0
0.02266666666666667,0.01,0.008833333333333334,0.017000000000000005,0.0,0.0,0.0
0.02233333333333333,0.010000000000000002,0.009166666666666667,0.017166666666666667,0.0,0.0,0.0
0.02316666666666667,0.01,0.010666666666666668,0.017500000000000005,0.0,0.0,0.0
0.017166666666666667,0.01,0.006833333333333335,0.013000000000000001,0.0,0.0,0.0
0.022,0.010000000000000009,0.010500000000000002,0.016333333333333335,0.0,0.0,0.0
0.023833333333333335,0.010000000000000009,0.012500000000000002,0.016666666666666666,0.0,0.0,0.0
0.02283333333333333,0.010000000000000005,0.009833333333333335,0.018166666666666668,0.0,0.0,0.0
0.02483333333333333,0.009999999999999998,0.007833333333333336,0.02116666666666666,0.0,0.0,0.0
0.01916666666666667,0.01,0.013333333333333334,0.012500000000000006,0.0,0.0,0.0
0.02933333333333333,0.010000000000000009,0.009666666666666667,0.02633333333333333,0.0,0.0,0.0
0.022333333333333334,0.010000000000000009,0.012000000000000005,0.018166666666666668,0.0,0.0,0.0
0.023166666666666665,0.010000000000000009,0.0071666666666666675,0.02033333333333333,0.0,0.0,0.0
0.021833333333333333,0.010000000000000009,0.006000000000000003,0.0205,0.0,0.0,0.0
0.023999999999999997,0.010000000000000009,0.0058333333333333345,0.02133333333333333,0.0,0.0,0.0
0.022500000000000003,0.010000000000000002,0.007666666666666667,0.018166666666666668,0.0,0.0,0.0
0.02983333333333333,0.010000000000000009,0.014333333333333335,0.020666666666666673,0.0,0.0,0.0
0.022833333333333327,0.009999999999999998,0.005500000000000001,0.020333333333333328,0.0,0.0,0.0
0.021333333333333333,0.010000000000000009,0.0058333333333333345,0.019000000000000003,0.0,0.0,0.0
0.02783333333333333,0.010000000000000009,0.010333333333333335,0.02233333333333333,0.0,0.0,0.0
0.025166666666666664,0.010000000000000002,0.009666666666666669,0.021333333333333333,0.0,0.0,0.0
0.020000000000000004,0.01,0.011000000000000005,0.014666666666666668,0.0,0.0,0.0
0.02383333333333333,0.010000000000000005,0.011000000000000001,0.018000000000000002,0.0,0.0,0.0
0.020666666666666667,0.009999999999999998,0.009000000000000001,0.015500000000000003,0.0,0.0,0.0
0.02266666666666667,0.010000000000000005,0.008333333333333335,0.018500000000000003,0.0,0.0,0.0
0.025333333333333333,0.010000000000000009,0.0165,0.01483333333333334,0.0,0.0,0.0
0.023666666666666666,0.01,0.009000000000000001,0.01933333333333333,0.0,0.0,0.0
0.017333333333333333,0.01,0.0105,0.013333333333333336,0.0,0.0,0.0
0.019500000000000003,0.01,0.012000000000000002,0.013500000000000005,0.0,0.0,0.0
0.0145,0.009999999999999998,0.010000000000000002,0.008333333333333337,0.0,0.0,0.0
0.018833333333333334,0.01,0.011666666666666669,0.013000000000000005,0.0,0.0,0.0
0.023500000000000004,0.010000000000000005,0.007000000000000001,0.019166666666666665,0.0,0.0,0.0
0.03133333333333333,0.010000000000000009,0.013500000000000003,0.024333333333333332,0.0,0.0,0.0
0.024,0.010000000000000009,0.009166666666666668,0.020166666666666666,0.0,0.0,0.0
0.022166666666666668,0.010000000000000009,0.011666666666666669,0.016666666666666666,0.0,0.0,0.0
0.024333333333333332,0.010000000000000009,0.008833333333333334,0.02016666666666667,0.0,0.0,0.0
0.014333333333333335,0.009999999999999998,0.008166666666666668,0.011333333333333334,0.0,0.0,0.0
0.033166666666666664,0.010000000000000009,0.013833333333333335,0.025333333333333336,0.0,0.0,0.0
0.022833333333333334,0.010000000000000009,0.009166666666666667,0.016999999999999998,0.0,0.0,0.0
0.023000000000000003,0.010000000000000009,0.011333333333333334,0.017833333333333336,0.0,0.0,0.0
0.025666666666666667,0.01,0.009333333333333336,0.020666666666666667,0.0,0.0,0.0
0.014833333333333336,0.010000000000000009,0.005000000000000004,0.013833333333333335,0.0,0.0,0.0
0.01833333333333333,0.010000000000000002,0.006833333333333336,0.01566666666666667,0.0,0.0,0.0
0.026,0.010000000000000009,0.009500000000000003,0.021833333333333337,0.0,0.0,0.0
0.03566666666666665,0.010000000000000009,0.017333333333333333,0.025500000000000002,0.0,0.0,0.0
0.026500000000000003,0.010000000000000009,0.0075000000000000015,0.023166666666666665,0.0,0.0,0.0
0.025,0.010000000000000009,0.014833333333333334,0.01616666666666667,0.0,0.0,0.0
0.027166666666666665,0.010000000000000009,0.01566666666666667,0.018333333333333337,0.0,0.0,0.0
0.024666666666666667,0.01,0.009166666666666667,0.020000000000000004,0.0,0.0,0.0
0.022,0.01,0.010000000000000002,0.015500000000000002,0.0,0.0,0.0
0.018000000000000002,0.01,0.008,0.014333333333333335,0.0,0.0,0.0
0.02716666666666667,0.010000000000000005,0.0125,0.019166666666666665,0.0,0.0,0.0
0.017000000000000005,0.010000000000000005,0.007333333333333333,0.013000000000000003,0.0,0.0,0.0
0.020999999999999998,0.009999999999999998,0.0071666666666666675,0.017666666666666667,0.0,0.0,0.0
0.03166666666666666,0.010000000000000009,0.017166666666666663,0.021500000000000002,0.0,0.0,0.0
0.029333333333333333,0.010000000000000009,0.011333333333333334,0.02316666666666667,0.0,0.0,0.0
0.019833333333333328,0.009999999999999998,0.009333333333333334,0.014499999999999997,0.0,0.0,0.0
0.01783333333333333,0.009999999999999998,0.005500000000000001,0.015166666666666667,0.0,0.0,0.0
0.038666666666666655,0.010000000000000009,0.009500000000000001,0.03449999999999999,0.0,0.0,0.0
0.019666666666666666,0.01,0.005833333333333337,0.017666666666666664,0.0,0.0,0.0
0.0235,0.01,0.010000000000000002,0.019000000000000003,0.0,0.0,0.0
0.019166666666666665,0.01,0.0115,0.010833333333333335,0.0,0.0,0.0
0.026500000000000003,0.010000000000000009,0.009666666666666667,0.023,0.0,0.0,0.0
0.028833333333333336,0.010000000000000009,0.01066666666666667,0.025000000000000005,0.0,0.0,0.0
0.020833333333333332,0.010000000000000002,0.008500000000000002,0.017,0.0,0.0,0.0
0.020666666666666667,0.010000000000000009,0.012166666666666666,0.014000000000000002,0.0,0.0,0.0
0.0285,0.010000000000000009,0.011166666666666665,0.02266666666666667,0.0,0.0,0.0
0.015000000000000003,0.01,0.005166666666666669,0.013333333333333336,0.0,0.0,0.0
0.021666666666666667,0.010000000000000009,0.004666666666666668,0.0195,0.0,0.0,0.0
0.018500000000000003,0.01,0.01016666666666667,0.015500000000000003,0.0,0.0,0.0
0.028166666666666663,0.010000000000000002,0.016833333333333332,0.018000000000000002,0.0,0.0,0.0
0.024,0.010000000000000009,0.0071666666666666675,0.020999999999999998,0.0,0.0,0.0
0.024666666666666667,0.010000000000000002,0.014333333333333333,0.015333333333333336,0.0,0.0,0.0
0.019666666666666662,0.01,0.010666666666666668,0.014666666666666665,0.0,0.0,0.0
0.024,0.010000000000000005,0.006666666666666669,0.021833333333333333,0.0,0.0,0.0
0.015833333333333335,0.01,0.006166666666666668,0.013000000000000001,0.0,0.0,0.0
0.021666666666666667,0.01,0.009500000000000001,0.017,0.0,0.0,0.0
0.016,0.01,0.007166666666666669,0.013166666666666669,0.0,0.0,0.0
0.020166666666666666,0.010000000000000009,0.009166666666666668,0.016,0.0,0.0,0.0
0.03216666666666666,0.010000000000000009,0.013500000000000003,0.027333333333333334,0.0,0.0,0.0
0.02583333333333333,0.010000000000000009,0.010333333333333335,0.021833333333333333,0.0,0.0,0.0
0.025166666666666664,0.01,0.009166666666666668,0.0205,0.0,0.0,0.0
0.011666666666666669,0.010000000000000002,0.005333333333333337,0.009666666666666669,0.0,0.0,0.0
0.017,0.009999999999999998,0.008166666666666666,0.012000000000000002,0.0,0.0,0.0
0.02783333333333333,0.010000000000000009,0.010500000000000002,0.021666666666666667,0.0,0.0,0.0
0.025000000000000005,0.010000000000000009,0.010000000000000004,0.021666666666666664,0.0,0.0,0.0
0.02783333333333333,0.01,0.009666666666666667,0.022333333333333334,0.0,0.0,0.0
0.02333333333333333,0.010000000000000002,0.009166666666666667,0.018666666666666668,0.0,0.0,0.0
0.02233333333333333,0.009999999999999998,0.013500000000000002,0.013833333333333335,0.0,0.0,0.0
0.028333333333333332,0.010000000000000009,0.01316666666666667,0.02183333333333333,0.0,0.0,0.0
0.028833333333333332,0.010000000000000005,0.010500000000000002,0.022833333333333334,0.0,0.0,0.0
0.017666666666666667,0.01,0.008833333333333334,0.012833333333333334,0.0,0.0,0.0
0.023666666666666666,0.01,0.014333333333333333,0.014833333333333334,0.0,0.0,0.0
0.028499999999999994,0.01,0.015166666666666667,0.019333333333333334,0.0,0.0,0.0
0.02316666666666667,0.010000000000000002,0.013666666666666667,0.013666666666666669,0.0,0.0,0.0
0.022666666666666665,0.010000000000000005,0.010166666666666668,0.0185,0.0,0.0,0.0
0.026500000000000003,0.010000000000000009,0.0165,0.01766666666666667,0.0,0.0,0.0
0.01733333333333333,0.01,0.007500000000000002,0.013166666666666667,0.0,0.0,0.0
0.027000000000000003,0.010000000000000009,0.015666666666666672,0.020166666666666666,0.0,0.0,0.0
0.018166666666666668,0.010000000000000009,0.009166666666666672,0.01466666666666667,0.0,0.0,0.0
0.022999999999999996,0.01,0.010166666666666668,0.016999999999999998,0.0,0.0,0.0
0.020333333333333328,0.010000000000000005,0.011666666666666667,0.014833333333333336,0.0,0.0,0.0
0.028166666666666666,0.010000000000000009,0.014166666666666668,0.02166666666666667,0.0,0.0,0.0
0.01933333333333333,0.01,0.007333333333333333,0.014666666666666666,0.0,0.0,0.0
0.021333333333333333,0.01,0.008333333333333335,0.018166666666666668,0.0,0.0,0.0
0.024833333333333336,0.01,0.008666666666666666,0.018666666666666668,0.0,0.0,0.0
0.032,0.010000000000000009,0.012666666666666668,0.025500000000000002,0.0,0.0,0.0
0.026666666666666665,0.01,0.009000000000000003,0.023166666666666665,0.0,0.0,0.0
0.0205,0.010000000000000005,0.010333333333333335,0.016,0.0,0.0,0.0
0.025500000000000002,0.010000000000000009,0.013166666666666669,0.01966666666666667,0.0,0.0,0.0
0.031166666666666662,0.010000000000000009,0.017166666666666667,0.021333333333333333,0.0,0.0,0.0
0.02233333333333333,0.01,0.011000000000000001,0.016,0.0,0.0,0.0
0.020333333333333328,0.010000000000000004,0.009333333333333334,0.016,0.0,0.0,0.0
0.030499999999999996,0.010000000000000009,0.013000000000000005,0.025166666666666667,0.0,0.0,0.0
0.030000000000000002,0.010000000000000005,0.013000000000000003,0.021833333333333333,0.0,0.0,0.0
0.026166666666666668,0.010000000000000009,0.010166666666666668,0.022166666666666668,0.0,0.0,0.0
0.028666666666666663,0.010000000000000009,0.012666666666666668,0.022333333333333334,0.0,0.0,0.0
0.01983333333333333,0.009999999999999998,0.009000000000000001,0.013500000000000002,0.0,0.0,0.0
0.018000000000000002,0.009999999999999998,0.006500000000000001,0.015000000000000003,0.0,0.0,0.0
0.017166666666666667,0.010000000000000009,0.007666666666666666,0.014000000000000004,0.0,0.0,0.0
0.029166666666666667,0.010000000000000009,0.012833333333333337,0.023166666666666672,0.0,0.0,0.0
0.03333333333333333,0.010000000000000009,0.010833333333333335,0.028666666666666663,0.0,0.0,0.0
0.017166666666666667,0.01,0.0095,0.011833333333333336,0.0,0.0,0.0
0.023999999999999997,0.01,0.008166666666666668,0.01883333333333333,0.0,0.0,0.0
0.020000000000000004,0.01,0.011333333333333336,0.014833333333333337,0.0,0.0,0.0
0.01633333333333333,0.01,0.010833333333333335,0.010666666666666668,0.0,0.0,0.0
0.023833333333333335,0.010000000000000005,0.009333333333333338,0.019833333333333335,0.0,0.0,0.0
0.02783333333333333,0.01,0.013000000000000001,0.020000000000000004,0.0,0.0,0.0
0.028166666666666666,0.010000000000000009,0.009833333333333336,0.025166666666666667,0.0,0.0,0.0
0.018666666666666668,0.01,0.008166666666666671,0.01566666666666667,0.0,0.0,0.0
0.02233333333333333,0.010000000000000009,0.007333333333333334,0.019000000000000003,0.0,0.0,0.0
0.024833333333333336,0.010000000000000009,0.009000000000000001,0.02016666666666667,0.0,0.0,0.0
0.028833333333333332,0.010000000000000009,0.012166666666666668,0.02266666666666667,0.0,0.0,0.0
0.015000000000000005,0.009999999999999998,0.0070000000000000045,0.012833333333333337,0.0,0.0,0.0
0.024166666666666663,0.01,0.013000000000000001,0.01616666666666667,0.0,0.0,0.0
0.022666666666666665,0.009999999999999998,0.007333333333333334,0.01883333333333333,0.0,0.0,0.0
0.01966666666666667,0.01,0.006166666666666666,0.01666666666666667,0.0,0.0,0.0
0.02283333333333333,0.010000000000000009,0.014833333333333334,0.01366666666666667,0.0,0.0,0.0
0.02233333333333333,0.01,0.013500000000000002,0.015333333333333336,0.0,0.0,0.0
0.020833333333333336,0.01,0.011333333333333332,0.014000000000000005,0.0,0.0,0.0
0.027166666666666665,0.010000000000000009,0.008833333333333335,0.023500000000000004,0.0,0.0,0.0
0.022833333333333334,0.01,0.012000000000000002,0.016,0.0,0.0,0.0
0.020500000000000004,0.009999999999999998,0.012666666666666666,0.01416666666666667,0.0,0.0,0.0
0.023166666666666665,0.010000000000000002,0.014,0.014500000000000002,0.0,0.0,0.0
0.02666666666666666,0.010000000000000009,0.012333333333333335,0.020999999999999998,0.0,0.0,0.0
0.024333333333333335,0.010000000000000009,0.010833333333333339,0.019833333333333335,0.0,0.0,0.0
0.020833333333333332,0.010000000000000005,0.010000000000000002,0.01566666666666667,0.0,0.0,0.0
0.024666666666666663,0.01,0.007500000000000001,0.020666666666666667,0.0,0.0,0.0
0.026833333333333327,0.01,0.009666666666666667,0.0225,0.0,0.0,0.0
0.022333333333333327,0.009999999999999998,0.0065000000000000014,0.019166666666666665,0.0,0.0,0.0
0.02166666666666667,0.01,0.012000000000000004,0.01666666666666667,0.0,0.0,0.0
0.024666666666666667,0.01,0.011166666666666667,0.01816666666666667,0.0,0.0,0.0
0.025500000000000002,0.010000000000000009,0.01633333333333333,0.01633333333333334,0.0,0.0,0.0
0.0205,0.010000000000000005,0.009666666666666665,0.015166666666666667,0.0,0.0,0.0
0.023000000000000003,0.010000000000000009,0.009833333333333338,0.018000000000000002,0.0,0.0,0.0
0.016666666666666666,0.009999999999999998,0.008666666666666666,0.012166666666666668,0.0,0.0,0.0
0.023333333333333327,0.010000000000000005,0.007333333333333336,0.02033333333333333,0.0,0.0,0.0
0.0215,0.01,0.006500000000000001,0.018666666666666668,0.0,0.0,0.0
0.025833333333333333,0.010000000000000009,0.010000000000000004,0.02,0.0,0.0,0.0
0.024666666666666667,0.010000000000000009,0.01,0.02033333333333333,0.0,0.0,0.0
0.026333333333333334,0.010000000000000009,0.013833333333333335,0.017833333333333333,0.0,0.0,0.0
0.026000000000000002,0.01,0.0070000000000000045,0.024333333333333332,0.0,0.0,0.0
0.03233333333333333,0.010000000000000009,0.016333333333333335,0.02366666666666667,0.0,0.0,0.0
0.0185,0.009999999999999998,0.010500000000000002,0.013500000000000003,0.0,0.0,0.0
0.017666666666666667,0.01,0.009333333333333334,0.012500000000000002,0.0,0.0,0.0
0.030166666666666668,0.010000000000000009,0.010499999999999999,0.024,0.0,0.0,0.0
0.02416666666666667,0.010000000000000009,0.01566666666666667,0.01750000000000001,0.0,0.0,0.0
0.023833333333333328,0.010000000000000005,0.011833333333333335,0.016833333333333336,0.0,0.0,0.0
0.018166666666666664,0.009999999999999998,0.010833333333333335,0.013833333333333335,0.0,0.0,0.0
0.024166666666666673,0.010000000000000002,0.012000000000000002,0.017833333333333336,0.0,0.0,0.0
0.03166666666666666,0.010000000000000009,0.012333333333333335,0.024333333333333332,0.0,0.0,0.0
0.023333333333333334,0.010000000000000009,0.007000000000000003,0.020666666666666667,0.0,0.0,0.0
0.020666666666666667,0.01,0.008000000000000002,0.017166666666666667,0.0,0.0,0.0
0.018000000000000002,0.01,0.008666666666666668,0.013333333333333334,0.0,0.0,0.0
0.026333333333333327,0.010000000000000009,0.013666666666666666,0.018166666666666668,0.0,0.0,0.0
0.02866666666666666,0.01,0.010333333333333335,0.024999999999999998,0.0,0.0,0.0
0.019333333333333334,0.010000000000000005,0.005666666666666668,0.017166666666666667,0.0,0.0,0.0
0.025166666666666667,0.010000000000000002,0.012000000000000002,0.018666666666666668,0.0,0.0,0.0
0.026,0.010000000000000002,0.0125,0.019666666666666666,0.0,0.0,0.0
0.01833333333333333,0.010000000000000009,0.011166666666666668,0.013166666666666669,0.0,0.0,0.0
0.018500000000000003,0.009999999999999998,0.0061666666666666675,0.01633333333333333,0.0,0.0,0.0
0.022666666666666665,0.01,0.011000000000000001,0.016333333333333335,0.0,0.0,0.0
0.023666666666666666,0.009999999999999998,0.012333333333333335,0.017166666666666667,0.0,0.0,0.0
0.018000000000000002,0.01,0.004500000000000003,0.016499999999999997,0.0,0.0,0.0
0.0215,0.010000000000000002,0.012333333333333335,0.013333333333333336,0.0,0.0,0.0
0.020333333333333335,0.010000000000000002,0.009666666666666667,0.014833333333333336,0.0,0.0,0.0
0.024,0.009999999999999998,0.015166666666666667,0.014833333333333336,0.0,0.0,0.0
0.018833333333333334,0.010000000000000005,0.011166666666666668,0.01366666666666667,0.0,0.0,0.0
0.025833333333333333,0.010000000000000009,0.010333333333333337,0.02166666666666667,0.0,0.0,0.0
0.023666666666666666,0.010000000000000009,0.008500000000000002,0.019666666666666662,0.0,0.0,0.0
0.029166666666666664,0.010000000000000009,0.008166666666666668,0.0255,0.0,0.0,0.0
0.030500000000000003,0.010000000000000005,0.013166666666666667,0.022500000000000003,0.0,0.0,0.0
0.026,0.010000000000000009,0.008833333333333335,0.021166666666666667,0.0,0.0,0.0
0.026833333333333338,0.010000000000000009,0.011666666666666669,0.020833333333333336,0.0,0.0,0.0
0.023500000000000004,0.010000000000000009,0.01066666666666667,0.0205,0.0,0.0,0.0
0.014333333333333335,0.010000000000000002,0.0038333333333333357,0.013666666666666669,0.0,0.0,0.0
0.0315,0.010000000000000009,0.015000000000000003,0.02266666666666667,0.0,0.0,0.0
0.018,0.010000000000000002,0.007000000000000002,0.014999999999999998,0.0,0.0,0.0
0.02266666666666666,0.010000000000000009,0.011166666666666668,0.016999999999999998,0.0,0.0,0.0
0.024666666666666667,0.01,0.008166666666666668,0.02066666666666667,0.0,0.0,0.0
0.018500000000000003,0.010000000000000002,0.008666666666666671,0.014666666666666668,0.0,0.0,0.0
0.015500000000000003,0.010000000000000002,0.008666666666666668,0.011000000000000003,0.0,0.0,0.0
0.02849999999999999,0.010000000000000009,0.009333333333333334,0.02483333333333333,0.0,0.0,0.0
0.02216666666666667,0.010000000000000009,0.009666666666666667,0.016833333333333336,0.0,0.0,0.0
0.026333333333333334,0.010000000000000009,0.01133333333333334,0.022500000000000003,0.0,0.0,0.0
0.017166666666666667,0.009999999999999998,0.008833333333333334,0.012166666666666668,0.0,0.0,0.0
0.02983333333333333,0.010000000000000009,0.007666666666666668,0.026666666666666665,0.0,0.0,0.0
0.025,0.01,0.013166666666666667,0.017833333333333333,0.0,0.0,0.0
0.021166666666666667,0.010000000000000009,0.010833333333333335,0.01766666666666667,0.0,0.0,0.0
0.023666666666666666,0.010000000000000009,0.013166666666666669,0.016833333333333332,0.0,0.0,0.0
0.033,0.010000000000000009,0.013833333333333333,0.024333333333333332,0.0,0.0,0.0
0.015000000000000003,0.01,0.008000000000000004,0.011833333333333336,0.0,0.0,0.0
0.016,0.009999999999999998,0.006000000000000001,0.0125,0.0,0.0,0.0
0.019,0.01,0.006166666666666667,0.016,0.0,0.0,0.0
0.027333333333333328,0.010000000000000005,0.014166666666666666,0.0185,0.0,0.0,0.0
0.03233333333333333,0.010000000000000009,0.007500000000000003,0.029500000000000002,0.0,0.0,0.0
0.0195,0.010000000000000005,0.009166666666666668,0.014500000000000002,0.0,0.0,0.0
0.02316666666666667,0.010000000000000002,0.009666666666666672,0.020833333333333336,0.0,0.0,0.0
0.023500000000000004,0.01,0.009333333333333334,0.019000000000000003,0.0,0.0,0.0
0.025500000000000002,0.010000000000000009,0.011833333333333333,0.01883333333333333,0.0,0.0,0.0
0.029166666666666664,0.01,0.009500000000000001,0.0245,0.0,0.0,0.0
0.013833333333333336,0.01,0.005166666666666668,0.011666666666666669,0.0,0.0,0.0
0.030166666666666668,0.010000000000000009,0.011333333333333336,0.023666666666666666,0.0,0.0,0.0
0.026833333333333334,0.010000000000000009,0.013333333333333334,0.018500000000000003,0.0,0.0,0.0
0.025666666666666667,0.010000000000000009,0.004333333333333336,0.024333333333333332,0.0,0.0,0.0
0.02,0.009999999999999998,0.010333333333333332,0.013833333333333338,0.0,0.0,0.0
0.021833333333333337,0.010000000000000009,0.01216666666666667,0.015166666666666669,0.0,0.0,0.0
0.027999999999999994,0.010000000000000002,0.015000000000000005,0.020833333333333332,0.0,0.0,0.0
0.01816666666666667,0.009999999999999998,0.007333333333333335,0.0145,0.0,0.0,0.0
0.028666666666666667,0.010000000000000009,0.012333333333333337,0.022833333333333334,0.0,0.0,0.0
0.021833333333333333,0.010000000000000009,0.009166666666666668,0.018166666666666668,0.0,0.0,0.0
0.019833333333333335,0.010000000000000009,0.007833333333333336,0.01683333333333333,0.0,0.0,0.0
0.025333333333333326,0.009999999999999998,0.006166666666666667,0.022499999999999996,0.0,0.0,0.0
0.03233333333333333,0.010000000000000009,0.012666666666666668,0.026500000000000003,0.0,0.0,0.0
0.019333333333333327,0.010000000000000002,0.0038333333333333357,0.017666666666666664,0.0,0.0,0.0
0.02533333333333333,0.010000000000000009,0.012833333333333337,0.02016666666666667,0.0,0.0,0.0
0.021333333333333336,0.009999999999999998,0.008500000000000002,0.017500000000000005,0.0,0.0,0.0
0.019000000000000003,0.009999999999999998,0.005500000000000002,0.016166666666666666,0.0,0.0,0.0
0.0245,0.01,0.011666666666666667,0.018000000000000002,0.0,0.0,0.0
0.024833333333333332,0.010000000000000009,0.005166666666666669,0.02383333333333333,0.0,0.0,0.0
0.014166666666666666,0.009999999999999998,0.007666666666666668,0.011000000000000001,0.0,0.0,0.0
0.030333333333333334,0.010000000000000009,0.011666666666666674,0.026500000000000006,0.0,0.0,0.0
0.019500000000000003,0.009999999999999998,0.009166666666666667,0.014333333333333335,0.0,0.0,0.0
0.027,0.01,0.011833333333333335,0.01933333333333333,0.0,0.0,0.0
0.017333333333333333,0.010000000000000005,0.009500000000000003,0.013833333333333335,0.0,0.0,0.0
0.025333333333333333,0.009999999999999998,0.009833333333333335,0.021,0.0,0.0,0.0
0.02233333333333333,0.01,0.007666666666666666,0.0175,0.0,0.0,0.0
0.020833333333333336,0.010000000000000009,0.010166666666666668,0.01616666666666667,0.0,0.0,0.0
0.02016666666666667,0.010000000000000002,0.0075000000000000015,0.0165,0.0,0.0,0.0
0.023000000000000003,0.010000000000000009,0.01216666666666667,0.0175,0.0,0.0,0.0
0.030166666666666665,0.010000000000000009,0.013166666666666669,0.024833333333333332,0.0,0.0,0.0
0.017333333333333333,0.01,0.010000000000000002,0.012666666666666668,0.0,0.0,0.0
0.0175,0.009999999999999998,0.009000000000000001,0.012500000000000002,0.0,0.0,0.0
0.025333333333333333,0.01,0.012166666666666668,0.017833333333333333,0.0,0.0,0.0
0.033499999999999995,0.010000000000000009,0.0185,0.022000000000000006,0.0,0.0,0.0
0.024333333333333335,0.010000000000000009,0.010833333333333337,0.02116666666666667,0.0,0.0,0.0
0.027333333333333328,0.010000000000000005,0.008333333333333335,0.024,0.0,0.0,0.0
0.025666666666666667,0.010000000000000009,0.01616666666666667,0.01666666666666667,0.0,0.0,0.0
0.03333333333333333,0.010000000000000009,0.012333333333333335,0.026500000000000003,0.0,0.0,0.0
0.024,0.010000000000000009,0.008666666666666666,0.018833333333333337,0.0,0.0,0.0
0.01766666666666667,0.010000000000000009,0.008333333333333333,0.012500000000000004,0.0,0.0,0.0
0.01933333333333333,0.0,0.012666666666666666,0.012833333333333334,0.0,0.0,0.0
0.018166666666666668,0.01,0.007166666666666669,0.014666666666666668,0.0,0.0,0.0
0.025,0.010000000000000009,0.008166666666666671,0.022166666666666668,0.0,0.0,0.0
0.027333333333333328,0.010000000000000005,0.007166666666666669,0.024499999999999997,0.0,0.0,0.0
0.024500000000000004,0.010000000000000009,0.01116666666666667,0.019000000000000003,0.0,0.0,0.0
0.016833333333333332,0.009999999999999998,0.008833333333333335,0.011500000000000003,0.0,0.0,0.0
0.021833333333333337,0.010000000000000009,0.006500000000000004,0.019,0.0,0.0,0.0
0.023333333333333327,0.010000000000000009,0.011000000000000003,0.017499999999999998,0.0,0.0,0.0
0.02066666666666667,0.010000000000000002,0.009500000000000001,0.01666666666666667,0.0,0.0,0.0
0.021333333333333333,0.01,0.0145,0.01416666666666667,0.0,0.0,0.0
0.017,0.010000000000000005,0.007833333333333335,0.013000000000000005,0.0,0.0,0.0
0.0235,0.009999999999999998,0.008666666666666666,0.01833333333333333,0.0,0.0,0.0
0.023000000000000003,0.010000000000000009,0.008833333333333334,0.017666666666666667,0.0,0.0,0.0
0.0235,0.010000000000000009,0.014333333333333333,0.015833333333333335,0.0,0.0,0.0
0.024166666666666666,0.009999999999999998,0.012333333333333335,0.017000000000000005,0.0,0.0,0.0
0.024333333333333332,0.010000000000000009,0.010000000000000002,0.01916666666666667,0.0,0.0,0.0
0.0285,0.010000000000000002,0.012833333333333335,0.02083333333333333,0.0,0.0,0.0
0.020000000000000004,0.010000000000000005,0.007166666666666668,0.018333333333333333,0.0,0.0,0.0
0.021833333333333337,0.010000000000000009,0.008500000000000004,0.017166666666666667,0.0,0.0,0.0
0.029500000000000002,0.010000000000000009,0.016833333333333332,0.02016666666666667,0.0,0.0,0.0
0.025666666666666667,0.01,0.007000000000000003,0.022666666666666665,0.0,0.0,0.0
0.02,0.009999999999999998,0.007666666666666667,0.015999999999999997,0.0,0.0,0.0
0.026000000000000002,0.010000000000000005,0.013500000000000002,0.018833333333333334,0.0,0.0,0.0
0.022333333333333334,0.01,0.010333333333333333,0.01583333333333333,0.0,0.0,0.0
0.024,0.01,0.012,0.0165,0.0,0.0,0.0
0.023166666666666665,0.010000000000000009,0.008000000000000004,0.02033333333333333,0.0,0.0,0.0
0.0205,0.01,0.008833333333333334,0.015666666666666666,0.0,0.0,0.0
0.021333333333333333,0.009999999999999998,0.012333333333333335,0.013833333333333335,0.0,0.0,0.0
0.022500000000000003,0.010000000000000009,0.009833333333333336,0.018833333333333334,0.0,0.0,0.0
0.02383333333333333,0.010000000000000009,0.006833333333333335,0.021666666666666664,0.0,0.0,0.0
0.01216666666666667,0.010000000000000002,0.006333333333333335,0.009333333333333336,0.0,0.0,0.0
0.029666666666666664,0.010000000000000009,0.011333333333333332,0.02383333333333333,0.0,0.0,0.0
0.02066666666666667,0.009999999999999998,0.008166666666666671,0.017333333333333333,0.0,0.0,0.0
0.0195,0.010000000000000002,0.007666666666666668,0.01583333333333333,0.0,0.0,0.0
0.018500000000000003,0.01,0.010333333333333335,0.012833333333333335,0.0,0.0,0.0
0.03149999999999999,0.010000000000000009,0.018166666666666668,0.020166666666666673,0.0,0.0,0.0
0.020833333333333332,0.01,0.010166666666666668,0.01566666666666667,0.0,0.0,0.0
0.03133333333333334,0.010000000000000009,0.013333333333333334,0.023,0.0,0.0,0.0
0.02666666666666667,0.010000000000000009,0.005500000000000001,0.023833333333333328,0.0,0.0,0.0
0.01716666666666667,0.009999999999999998,0.009500000000000003,0.01266666666666667,0.0,0.0,0.0
0.016,0.009999999999999998,0.0085,0.012166666666666668,0.0,0.0,0.0
0.023666666666666666,0.010000000000000009,0.010166666666666664,0.016833333333333336,0.0,0.0,0.0
0.0225,0.010000000000000009,0.011833333333333335,0.01566666666666667,0.0,0.0,0.0
0.017500000000000005,0.01,0.008333333333333333,0.011833333333333336,0.0,0.0,0.0
0.021166666666666667,0.01,0.0066666666666666706,0.018833333333333334,0.0,0.0,0.0
0.025333333333333333,0.01,0.007166666666666668,0.0225,0.0,0.0,0.0
0.029,0.010000000000000009,0.008166666666666668,0.025833333333333333,0.0,0.0,0.0
0.024499999999999997,0.01,0.010833333333333335,0.02016666666666667,0.0,0.0,0.0
0.019666666666666662,0.010000000000000009,0.008333333333333333,0.015166666666666667,0.0,0.0,0.0
0.019166666666666665,0.01,0.0071666666666666675,0.015666666666666666,0.0,0.0,0.0
0.018333333333333337,0.009999999999999998,0.009000000000000001,0.012666666666666668,0.0,0.0,0.0
0.029166666666666667,0.010000000000000009,0.010500000000000004,0.025666666666666664,0.0,0.0,0.0
0.022499999999999996,0.010000000000000002,0.002666666666666667,0.021666666666666664,0.0,0.0,0.0
0.0275,0.010000000000000009,0.009666666666666667,0.022666666666666665,0.0,0.0,0.0
0.022,0.010000000000000005,0.00616666666666667,0.02083333333333333,0.0,0.0,0.0
0.025166666666666667,0.01,0.010166666666666666,0.018500000000000003,0.0,0.0,0.0
0.018666666666666665,0.010000000000000009,0.008333333333333333,0.015500000000000003,0.0,0.0,0.0
0.029499999999999995,0.010000000000000009,0.0125,0.022333333333333327,0.0,0.0,0.0
0.032,0.010000000000000009,0.012333333333333335,0.025,0.0,0.0,0.0
0.04083333333333332,0.010000000000000009,0.013166666666666669,0.03183333333333333,0.0,0.0,0.0
0.020666666666666667,0.010000000000000005,0.008166666666666666,0.01566666666666667,0.0,0.0,0.0
0.021166666666666667,0.010000000000000002,0.012833333333333332,0.01416666666666667,0.0,0.0,0.0
0.029666666666666664,0.010000000000000009,0.010000000000000002,0.02483333333333333,0.0,0.0,0.0
0.015833333333333335,0.01,0.008666666666666666,0.011500000000000003,0.0,0.0,0.0
0.021,0.01,0.008833333333333334,0.015833333333333335,0.0,0.0,0.0
0.016833333333333336,0.009999999999999998,0.007,0.013000000000000003,0.0,0.0,0.0
0.02783333333333333,0.010000000000000005,0.01266666666666667,0.022666666666666672,0.0,0.0,0.0
0.018000000000000002,0.01,0.008333333333333337,0.015166666666666669,0.0,0.0,0.0
0.025166666666666664,0.010000000000000009,0.011833333333333333,0.01833333333333333,0.0,0.0,0.0
0.03033333333333333,0.010000000000000009,0.012333333333333335,0.024000000000000004,0.0,0.0,0.0
0.02533333333333333,0.010000000000000009,0.009000000000000001,0.021166666666666667,0.0,0.0,0.0
0.014666666666666668,0.01,0.005166666666666668,0.012833333333333334,0.0,0.0,0.0
0.024666666666666667,0.010000000000000005,0.014666666666666668,0.017166666666666667,0.0,0.0,0.0
0.021833333333333333,0.010000000000000002,0.009333333333333336,0.016666666666666666,0.0,0.0,0.0
0.034999999999999996,0.010000000000000009,0.01566666666666667,0.025833333333333333,0.0,0.0,0.0
0.023166666666666665,0.009999999999999998,0.007833333333333333,0.018333333333333333,0.0,0.0,0.0
0.028833333333333332,0.010000000000000009,0.011333333333333334,0.021666666666666667,0.0,0.0,0.0
0.019000000000000003,0.010000000000000002,0.009666666666666667,0.014666666666666668,0.0,0.0,0.0
0.020500000000000008,0.010000000000000009,0.01216666666666667,0.01383333333333334,0.0,0.0,0.0
0.030166666666666668,0.010000000000000009,0.009500000000000005,0.025666666666666667,0.0,0.0,0.0
0.0195,0.01,0.010500000000000002,0.013166666666666667,0.0,0.0,0.0
0.022,0.01,0.011666666666666664,0.015166666666666669,0.0,0.0,0.0
0.024833333333333332,0.010000000000000009,0.010000000000000002,0.020833333333333332,0.0,0.0,0.0
0.017000000000000005,0.009999999999999998,0.004000000000000001,0.015000000000000003,0.0,0.0,0.0
0.019000000000000003,0.01,0.007333333333333336,0.01616666666666667,0.0,0.0,0.0
0.018000000000000002,0.0,0.010166666666666668,0.011500000000000002,0.0,0.0,0.0
0.02933333333333333,0.010000000000000009,0.009333333333333338,0.024833333333333336,0.0,0.0,0.0
0.02166666666666667,0.010000000000000009,0.005166666666666669,0.019833333333333335,0.0,0.0,0.0
0.025166666666666667,0.009999999999999998,0.004166666666666669,0.02383333333333333,0.0,0.0,0.0
0.03366666666666665,0.010000000000000009,0.01566666666666667,0.024,0.0,0.0,0.0
0.023499999999999997,0.01,0.009166666666666667,0.018333333333333333,0.0,0.0,0.0
0.024,0.010000000000000009,0.009166666666666667,0.020000000000000004,0.0,0.0,0.0
0.02983333333333333,0.010000000000000009,0.010666666666666668,0.025333333333333333,0.0,0.0,0.0
0.019833333333333335,0.010000000000000005,0.007500000000000002,0.017166666666666667,0.0,0.0,0.0
0.022333333333333334,0.010000000000000009,0.013500000000000005,0.015666666666666672,0.0,0.0,0.0
0.01616666666666667,0.010000000000000005,0.005666666666666669,0.013833333333333335,0.0,0.0,0.0
0.016500000000000004,0.010000000000000002,0.00666666666666667,0.013666666666666669,0.0,0.0,0.0
0.01916666666666667,0.010000000000000009,0.008500000000000002,0.015500000000000002,0.0,0.0,0.0
0.023500000000000004,0.010000000000000009,0.008166666666666673,0.021166666666666667,0.0,0.0,0.0
0.024166666666666666,0.010000000000000009,0.009000000000000005,0.020333333333333335,0.0,0.0,0.0
0.0265,0.010000000000000009,0.0125,0.020333333333333335,0.0,0.0,0.0
0.017833333333333333,0.01,0.008833333333333334,0.0125,0.0,0.0,0.0
0.022000000000000002,0.010000000000000009,0.013500000000000002,0.014333333333333337,0.0,0.0,0.0
0.021,0.010000000000000002,0.010833333333333335,0.015833333333333335,0.0,0.0,0.0
0.01916666666666667,0.010000000000000009,0.008666666666666668,0.015500000000000003,0.0,0.0,0.0
0.024833333333333336,0.010000000000000009,0.008833333333333337,0.022333333333333337,0.0,0.0,0.0
0.01966666666666667,0.010000000000000009,0.012833333333333334,0.013000000000000006,0.0,0.0,0.0
0.027500000000000004,0.010000000000000009,0.010500000000000002,0.022166666666666668,0.0,0.0,0.0
0.02783333333333333,0.010000000000000009,0.016,0.017000000000000005,0.0,0.0,0.0
0.023,0.010000000000000009,0.008666666666666666,0.018166666666666668,0.0,0.0,0.0
0.021,0.010000000000000009,0.008333333333333335,0.018500000000000003,0.0,0.0,0.0
0.024,0.01,0.008,0.019000000000000003,0.0,0.0,0.0
0.024166666666666666,0.010000000000000009,0.010666666666666668,0.018500000000000003,0.0,0.0,0.0
0.019500000000000003,0.01,0.009000000000000003,0.015499999999999998,0.0,0.0,0.0
0.013833333333333335,0.01,0.010833333333333334,0.007333333333333336,0.0,0.0,0.0
0.019166666666666665,0.010000000000000002,0.0071666666666666675,0.01683333333333333,0.0,0.0,0.0
0.014666666666666668,0.009999999999999998,0.00666666666666667,0.012500000000000002,0.0,0.0,0.0
0.02316666666666667,0.010000000000000002,0.0085,0.01866666666666667,0.0,0.0,0.0
0.016166666666666666,0.010000000000000009,0.004333333333333336,0.015166666666666665,0.0,0.0,0.0
0.0235,0.010000000000000009,0.008833333333333337,0.019500000000000003,0.0,0.0,0.0
0.020666666666666667,0.009999999999999998,0.008333333333333337,0.018666666666666665,0.0,0.0,0.0
0.022500000000000003,0.010000000000000009,0.010166666666666668,0.017333333333333333,0.0,0.0,0.0
0.021666666666666667,0.01,0.009000000000000005,0.018833333333333334,0.0,0.0,0.0
0.0255,0.010000000000000009,0.015166666666666667,0.01783333333333333,0.0,0.0,0.0
0.022,0.009999999999999998,0.006000000000000003,0.02,0.0,0.0,0.0
0.0185,0.009999999999999998,0.006,0.015000000000000001,0.0,0.0,0.0
0.020666666666666667,0.010000000000000009,0.013333333333333334,0.014000000000000005,0.0,0.0,0.0
0.01816666666666667,0.010000000000000002,0.008166666666666671,0.013666666666666669,0.0,0.0,0.0
0.02966666666666666,0.01,0.016166666666666666,0.01966666666666667,0.0,0.0,0.0
0.017166666666666667,0.009999999999999998,0.010833333333333334,0.010500000000000002,0.0,0.0,0.0
0.02316666666666667,0.009999999999999998,0.005833333333333337,0.022500000000000003,0.0,0.0,0.0
0.022500000000000003,0.010000000000000009,0.014166666666666668,0.013833333333333338,0.0,0.0,0.0
0.0165,0.009999999999999998,0.010333333333333335,0.010500000000000002,0.0,0.0,0.0
0.02983333333333333,0.010000000000000009,0.01333333333333333,0.020833333333333336,0.0,0.0,0.0
0.025333333333333333,0.01,0.010833333333333339,0.020833333333333332,0.0,0.0,0.0
0.022666666666666665,0.010000000000000005,0.007500000000000002,0.0185,0.0,0.0,0.0
0.017,0.01,0.009666666666666667,0.011333333333333336,0.0,0.0,0.0
0.03116666666666667,0.010000000000000009,0.013500000000000002,0.02366666666666667,0.0,0.0,0.0
0.02683333333333333,0.010000000000000009,0.008166666666666668,0.022666666666666665,0.0,0.0,0.0
0.027166666666666665,0.010000000000000009,0.007833333333333333,0.024,0.0,0.0,0.0
0.021500000000000002,0.010000000000000002,0.010833333333333337,0.017666666666666667,0.0,0.0,0.0
0.0265,0.010000000000000009,0.014666666666666668,0.019,0.0,0.0,0.0
0.020333333333333328,0.010000000000000009,0.010500000000000002,0.016,0.0,0.0,0.0
0.02066666666666667,0.009999999999999998,0.010666666666666666,0.015333333333333336,0.0,0.0,0.0
0.022500000000000003,0.010000000000000005,0.009666666666666667,0.017166666666666667,0.0,0.0,0.0
0.023833333333333335,0.010000000000000009,0.010166666666666666,0.01766666666666667,0.0,0.0,0.0
0.026333333333333334,0.010000000000000009,0.013833333333333333,0.019333333333333334,0.0,0.0,0.0
0.02616666666666666,0.010000000000000009,0.008833333333333335,0.02283333333333333,0.0,0.0,0.0
0.018666666666666668,0.010000000000000009,0.010833333333333335,0.01316666666666667,0.0,0.0,0.0
0.01666666666666667,0.010000000000000009,0.009500000000000001,0.013166666666666667,0.0,0.0,0.0
0.02933333333333333,0.010000000000000005,0.016,0.018500000000000003,0.0,0.0,0.0
0.031166666666666662,0.010000000000000009,0.016166666666666666,0.022000000000000002,0.0,0.0,0.0
0.022,0.010000000000000005,0.012500000000000002,0.015833333333333335,0.0,0.0,0.0
0.02,0.010000000000000005,0.0071666666666666675,0.016833333333333332,0.0,0.0,0.0
0.027166666666666665,0.010000000000000009,0.01566666666666667,0.01766666666666667,0.0,0.0,0.0
0.023666666666666666,0.010000000000000009,0.0125,0.018000000000000002,0.0,0.0,0.0
0.0175,0.009999999999999998,0.007666666666666669,0.014833333333333336,0.0,0.0,0.0
0.02233333333333333,0.010000000000000009,0.010333333333333335,0.018166666666666668,0.0,0.0,0.0
0.02333333333333333,0.009999999999999998,0.011166666666666665,0.017,0.0,0.0,0.0
0.03166666666666666,0.010000000000000009,0.015500000000000002,0.0235,0.0,0.0,0.0
0.020666666666666667,0.010000000000000002,0.010333333333333335,0.014500000000000002,0.0,0.0,0.0
0.02033333333333333,0.01,0.009166666666666667,0.015833333333333335,0.0,0.0,0.0
0.016000000000000004,0.010000000000000002,0.008666666666666671,0.012166666666666668,0.0,0.0,0.0
0.019,0.009999999999999998,0.007166666666666667,0.015166666666666665,0.0,0.0,0.0
0.026166666666666664,0.010000000000000002,0.011000000000000005,0.020166666666666663,0.0,0.0,0.0
0.027,0.010000000000000009,0.013499999999999996,0.018,0.0,0.0,0.0
0.028,0.010000000000000009,0.011000000000000003,0.022333333333333334,0.0,0.0,0.0
0.0225,0.010000000000000002,0.012333333333333333,0.015166666666666669,0.0,0.0,0.0
0.020833333333333332,0.010000000000000002,0.007333333333333335,0.018166666666666664,0.0,0.0,0.0
0.0245,0.010000000000000009,0.011166666666666668,0.018166666666666668,0.0,0.0,0.0
0.01933333333333333,0.010000000000000009,0.006333333333333335,0.017166666666666667,0.0,0.0,0.0
0.028000000000000004,0.010000000000000009,0.015500000000000003,0.019166666666666672,0.0,0.0,0.0
0.02283333333333333,0.010000000000000009,0.011666666666666669,0.018333333333333333,0.0,0.0,0.0
0.03449999999999999,0.010000000000000009,0.010833333333333335,0.028333333333333332,0.0,0.0,0.0
0.023666666666666666,0.009999999999999998,0.009833333333333335,0.018166666666666668,0.0,0.0,0.0
0.02366666666666667,0.010000000000000009,0.014166666666666668,0.01766666666666667,0.0,0.0,0.0
0.021,0.01,0.007333333333333335,0.017333333333333333,0.0,0.0,0.0
0.026666666666666665,0.010000000000000009,0.013666666666666667,0.0195,0.0,0.0,0.0
0.018500000000000003,0.01,0.009166666666666667,0.012500000000000004,0.0,0.0,0.0
0.021333333333333333,0.010000000000000009,0.009166666666666667,0.017166666666666667,0.0,0.0,0.0
0.022833333333333334,0.010000000000000009,0.013333333333333334,0.015000000000000003,0.0,0.0,0.0
0.02266666666666667,0.009999999999999998,0.009833333333333333,0.016833333333333332,0.0,0.0,0.0
0.024666666666666667,0.010000000000000009,0.011666666666666669,0.01983333333333333,0.0,0.0,0.0
0.028166666666666666,0.010000000000000009,0.015833333333333335,0.018666666666666668,0.0,0.0,0.0
0.012666666666666668,0.009999999999999998,0.0051666666666666675,0.010666666666666668,0.0,0.0,0.0
0.02483333333333333,0.010000000000000005,0.009166666666666668,0.01933333333333333,0.0,0.0,0.0
0.03166666666666667,0.010000000000000009,0.010000000000000004,0.027666666666666666,0.0,0.0,0.0
0.028166666666666666,0.010000000000000009,0.010166666666666666,0.02266666666666667,0.0,0.0,0.0
0.035166666666666666,0.01,0.014000000000000002,0.026166666666666664,0.0,0.0,0.0
0.025500000000000002,0.010000000000000005,0.006000000000000002,0.02233333333333333,0.0,0.0,0.0
0.025166666666666664,0.010000000000000009,0.012833333333333334,0.018333333333333333,0.0,0.0,0.0
0.022666666666666665,0.010000000000000009,0.009333333333333334,0.017166666666666667,0.0,0.0,0.0
0.022,0.01,0.009166666666666668,0.017333333333333333,0.0,0.0,0.0
0.025666666666666664,0.010000000000000005,0.010166666666666666,0.0195,0.0,0.0,0.0
0.021666666666666667,0.010000000000000005,0.012666666666666666,0.015333333333333336,0.0,0.0,0.0
0.022833333333333334,0.010000000000000009,0.011000000000000003,0.018000000000000002,0.0,0.0,0.0
0.018666666666666665,0.01,0.009333333333333334,0.012166666666666668,0.0,0.0,0.0
0.01616666666666667,0.01,0.011333333333333336,0.011166666666666668,0.0,0.0,0.0
0.015333333333333336,0.01,0.009666666666666667,0.010666666666666668,0.0,0.0,0.0
0.019666666666666666,0.01,0.0125,0.012666666666666668,0.0,0.0,0.0
0.01983333333333333,0.01,0.0071666666666666675,0.016166666666666666,0.0,0.0,0.0
0.0265,0.01,0.010000000000000002,0.022000000000000002,0.0,0.0,0.0
0.022833333333333334,0.010000000000000009,0.006500000000000002,0.02,0.0,0.0,0.0
0.024166666666666666,0.010000000000000009,0.009833333333333335,0.02066666666666667,0.0,0.0,0.0
0.022000000000000006,0.010000000000000002,0.014333333333333337,0.014000000000000004,0.0,0.0,0.0
0.022500000000000003,0.010000000000000009,0.006833333333333336,0.01983333333333333,0.0,0.0,0.0
0.016833333333333332,0.010000000000000009,0.0065000000000000014,0.013500000000000002,0.0,0.0,0.0
0.02033333333333333,0.010000000000000005,0.010666666666666668,0.015333333333333332,0.0,0.0,0.0
0.023,0.010000000000000005,0.014000000000000002,0.0165,0.0,0.0,0.0
0.03466666666666666,0.010000000000000009,0.015500000000000003,0.02683333333333333,0.0,0.0,0.0
0.025333333333333333,0.010000000000000009,0.015000000000000005,0.018500000000000003,0.0,0.0,0.0
0.02516666666666666,0.009999999999999998,0.006833333333333334,0.02233333333333333,0.0,0.0,0.0
0.021833333333333333,0.01,0.009833333333333335,0.016,0.0,0.0,0.0
0.03033333333333333,0.010000000000000009,0.011000000000000003,0.024,0.0,0.0,0.0
0.026333333333333327,0.01,0.010166666666666668,0.021166666666666667,0.0,0.0,0.0
0.027500000000000004,0.010000000000000009,0.012000000000000002,0.021,0.0,0.0,0.0
0.02183333333333333,0.010000000000000009,0.011000000000000003,0.016833333333333332,0.0,0.0,0.0
0.025166666666666664,0.009999999999999998,0.009333333333333334,0.021333333333333333,0.0,0.0,0.0
0.022000000000000006,0.01,0.014333333333333335,0.01316666666666667,0.0,0.0,0.0
0.022666666666666665,0.010000000000000009,0.013333333333333332,0.014000000000000005,0.0,0.0,0.0
0.026000000000000002,0.010000000000000009,0.010500000000000002,0.021333333333333336,0.0,0.0,0.0
0.03533333333333332,0.010000000000000009,0.009000000000000001,0.030333333333333327,0.0,0.0,0.0
0.030333333333333327,0.010000000000000009,0.012833333333333334,0.022166666666666668,0.0,0.0,0.0
0.03216666666666666,0.010000000000000009,0.01216666666666667,0.026333333333333334,0.0,0.0,0.0
0.02983333333333333,0.010000000000000009,0.008666666666666668,0.026,0.0,0.0,0.0
0.027166666666666665,0.010000000000000009,0.012333333333333337,0.022000000000000002,0.0,0.0,0.0
0.021166666666666667,0.010000000000000009,0.010500000000000002,0.01633333333333333,0.0,0.0,0.0
0.021833333333333333,0.010000000000000009,0.010833333333333334,0.01616666666666667,0.0,0.0,0.0
0.027166666666666665,0.010000000000000009,0.011500000000000003,0.02266666666666667,0.0,0.0,0.0
0.02666666666666667,0.010000000000000009,0.013166666666666665,0.018000000000000002,0.0,0.0,0.0
0.02866666666666667,0.010000000000000009,0.012333333333333333,0.022333333333333334,0.0,0.0,0.0
0.021,0.01,0.005333333333333334,0.018166666666666668,0.0,0.0,0.0
0.021,0.010000000000000009,0.0075000000000000015,0.017833333333333333,0.0,0.0,0.0
0.02783333333333333,0.010000000000000009,0.013333333333333336,0.02066666666666667,0.0,0.0,0.0
0.02333333333333333,0.010000000000000009,0.009666666666666667,0.018000000000000002,0.0,0.0,0.0
0.01983333333333333,0.01,0.005333333333333334,0.0175,0.0,0.0,0.0
0.024000000000000004,0.010000000000000009,0.009500000000000003,0.018333333333333337,0.0,0.0,0.0
0.021500000000000005,0.01,0.009500000000000005,0.017166666666666667,0.0,0.0,0.0
0.028666666666666667,0.010000000000000005,0.015000000000000001,0.019833333333333335,0.0,0.0,0.0
0.02766666666666667,0.010000000000000009,0.015000000000000003,0.020500000000000004,0.0,0.0,0.0
0.021000000000000005,0.009999999999999998,0.006166666666666669,0.019000000000000003,0.0,0.0,0.0
0.023000000000000003,0.010000000000000009,0.010333333333333335,0.019500000000000003,0.0,0.0,0.0
0.022833333333333334,0.010000000000000009,0.009166666666666668,0.018833333333333337,0.0,0.0,0.0
0.030833333333333327,0.010000000000000009,0.007666666666666671,0.027333333333333328,0.0,0.0,0.0
0.01566666666666667,0.010000000000000002,0.007333333333333335,0.012,0.0,0.0,0.0
0.022500000000000003,0.01,0.005000000000000003,0.0205,0.0,0.0,0.0
0.028166666666666666,0.009999999999999998,0.008666666666666668,0.0245,0.0,0.0,0.0
0.022833333333333337,0.010000000000000009,0.010333333333333335,0.018666666666666668,0.0,0.0,0.0
0.026833333333333327,0.010000000000000009,0.008000000000000004,0.02416666666666666,0.0,0.0,0.0
0.021333333333333336,0.010000000000000009,0.009500000000000001,0.01616666666666667,0.0,0.0,0.0
0.022333333333333327,0.010000000000000002,0.013333333333333334,0.014333333333333335,0.0,0.0,0.0
0.021500000000000002,0.009999999999999998,0.010999999999999998,0.015500000000000002,0.0,0.0,0.0
0.02616666666666666,0.010000000000000009,0.008833333333333335,0.022999999999999996,0.0,0.0,0.0
0.024,0.010000000000000009,0.013166666666666667,0.01766666666666667,0.0,0.0,0.0
0.022166666666666664,0.010000000000000002,0.007000000000000002,0.019,0.0,0.0,0.0
0.02833333333333333,0.009999999999999998,0.0135,0.021500000000000002,0.0,0.0,0.0
0.023666666666666666,0.01,0.008666666666666668,0.019000000000000003,0.0,0.0,0.0
0.02983333333333333,0.010000000000000009,0.009833333333333333,0.024666666666666663,0.0,0.0,0.0
0.024166666666666666,0.01,0.006166666666666668,0.021666666666666664,0.0,0.0,0.0
0.024500000000000004,0.010000000000000009,0.014666666666666668,0.018000000000000006,0.0,0.0,0.0
0.021166666666666667,0.009999999999999998,0.01,0.016833333333333332,0.0,0.0,0.0
0.0245,0.010000000000000009,0.014166666666666668,0.015833333333333335,0.0,0.0,0.0
0.02833333333333333,0.010000000000000009,0.010166666666666668,0.022,0.0,0.0,0.0
0.024999999999999998,0.009999999999999998,0.010666666666666668,0.02183333333333333,0.0,0.0,0.0
0.019333333333333334,0.010000000000000009,0.007333333333333334,0.016500000000000004,0.0,0.0,0.0
0.026,0.010000000000000009,0.006500000000000001,0.022,0.0,0.0,0.0
0.030666666666666672,0.010000000000000009,0.013000000000000003,0.023833333333333335,0.0,0.0,0.0
0.03133333333333333,0.010000000000000009,0.009166666666666667,0.02783333333333333,0.0,0.0,0.0
0.028833333333333332,0.010000000000000009,0.008666666666666666,0.024666666666666667,0.0,0.0,0.0
0.026166666666666668,0.010000000000000009,0.011833333333333335,0.0205,0.0,0.0,0.0
0.033666666666666664,0.010000000000000009,0.007000000000000002,0.029500000000000002,0.0,0.0,0.0
0.022333333333333334,0.010000000000000002,0.0105,0.017166666666666667,0.0,0.0,0.0
0.0195,0.009999999999999998,0.011666666666666667,0.012666666666666666,0.0,0.0,0.0
0.028499999999999994,0.010000000000000009,0.011833333333333333,0.02183333333333333,0.0,0.0,0.0
0.018500000000000003,0.01,0.011666666666666669,0.013000000000000003,0.0,0.0,0.0
0.027499999999999993,0.010000000000000002,0.008833333333333335,0.023166666666666665,0.0,0.0,0.0
0.025333333333333336,0.010000000000000009,0.010666666666666668,0.020833333333333336,0.0,0.0,0.0
0.022166666666666664,0.01,0.008666666666666666,0.016,0.0,0.0,0.0
0.025333333333333333,0.010000000000000009,0.009333333333333336,0.021166666666666667,0.0,0.0,0.0
0.025,0.010000000000000009,0.012333333333333337,0.019000000000000003,0.0,0.0,0.0
0.022666666666666665,0.010000000000000009,0.011666666666666669,0.0175,0.0,0.0,0.0
0.019000000000000003,0.010000000000000009,0.008333333333333335,0.016500000000000004,0.0,0.0,0.0
0.02233333333333333,0.010000000000000009,0.012000000000000004,0.017333333333333333,0.0,0.0,0.0
0.027,0.010000000000000009,0.010166666666666668,0.022500000000000003,0.0,0.0,0.0
0.01916666666666666,0.009999999999999998,0.005166666666666667,0.016499999999999997,0.0,0.0,0.0
0.018500000000000003,0.010000000000000009,0.00766666666666667,0.015666666666666666,0.0,0.0,0.0
0.02683333333333333,0.010000000000000009,0.006000000000000002,0.023999999999999997,0.0,0.0,0.0
0.02466666666666667,0.010000000000000009,0.010000000000000004,0.02033333333333334,0.0,0.0,0.0
0.018500000000000006,0.010000000000000009,0.010166666666666668,0.01216666666666667,0.0,0.0,0.0
0.018666666666666668,0.009999999999999998,0.010333333333333335,0.012000000000000004,0.0,0.0,0.0
0.019333333333333338,0.010000000000000009,0.008666666666666671,0.016000000000000004,0.0,0.0,0.0
0.02583333333333333,0.010000000000000005,0.010500000000000002,0.020166666666666663,0.0,0.0,0.0
0.03183333333333333,0.010000000000000009,0.015500000000000002,0.022500000000000003,0.0,0.0,0.0
0.03133333333333334,0.010000000000000009,0.014333333333333335,0.023333333333333334,0.0,0.0,0.0
0.021,0.010000000000000002,0.009500000000000001,0.015833333333333335,0.0,0.0,0.0
0.026833333333333334,0.010000000000000005,0.008333333333333333,0.022333333333333334,0.0,0.0,0.0
0.021333333333333333,0.010000000000000002,0.009666666666666667,0.016,0.0,0.0,0.0
0.021666666666666664,0.010000000000000009,0.007833333333333335,0.01733333333333333,0.0,0.0,0.0
0.02266666666666666,0.009999999999999998,0.009000000000000001,0.018,0.0,0.0,0.0
0.025166666666666667,0.010000000000000005,0.007833333333333335,0.020166666666666666,0.0,0.0,0.0
0.020166666666666666,0.009999999999999998,0.006166666666666667,0.016833333333333332,0.0,0.0,0.0
0.026333333333333334,0.010000000000000009,0.014666666666666668,0.01716666666666667,0.0,0.0,0.0
0.0245,0.01,0.0051666666666666675,0.0215,0.0,0.0,0.0
0.026166666666666668,0.010000000000000009,0.008666666666666666,0.021333333333333333,0.0,0.0,0.0
0.025333333333333333,0.01,0.012166666666666668,0.017499999999999998,0.0,0.0,0.0
0.025833333333333333,0.010000000000000009,0.009166666666666667,0.021333333333333336,0.0,0.0,0.0
0.022166666666666668,0.01,0.011000000000000001,0.015333333333333336,0.0,0.0,0.0
0.028166666666666663,0.010000000000000002,0.013666666666666667,0.01983333333333333,0.0,0.0,0.0
0.020333333333333328,0.010000000000000005,0.009833333333333335,0.014833333333333334,0.0,0.0,0.0
0.020666666666666667,0.010000000000000005,0.011833333333333335,0.014500000000000002,0.0,0.0,0.0
0.025333333333333333,0.010000000000000009,0.007166666666666669,0.022,0.0,0.0,0.0
0.023,0.01,0.012500000000000002,0.016833333333333332,0.0,0.0,0.0
0.017,0.009999999999999998,0.008333333333333333,0.012000000000000002,0.0,0.0,0.0
0.03066666666666667,0.010000000000000009,0.011000000000000003,0.024833333333333332,0.0,0.0,0.0
0.024833333333333332,0.010000000000000005,0.015166666666666667,0.01616666666666667,0.0,0.0,0.0
0.02533333333333333,0.010000000000000009,0.008000000000000002,0.021833333333333333,0.0,0.0,0.0
0.018500000000000003,0.009999999999999998,0.010000000000000002,0.013000000000000001,0.0,0.0,0.0
0.016999999999999998,0.01,0.011166666666666665,0.010166666666666668,0.0,0.0,0.0
0.026666666666666665,0.01,0.013500000000000002,0.018666666666666668,0.0,0.0,0.0
0.022,0.010000000000000005,0.009000000000000001,0.0165,0.0,0.0,0.0
0.020333333333333335,0.010000000000000009,0.009500000000000005,0.017333333333333336,0.0,0.0,0.0
0.017833333333333333,0.01,0.010833333333333335,0.012000000000000004,0.0,0.0,0.0
0.01566666666666667,0.01,0.005500000000000003,0.013166666666666667,0.0,0.0,0.0
0.022833333333333327,0.01,0.0105,0.017,0.0,0.0,0.0
0.02033333333333333,0.01,0.009166666666666667,0.01466666666666667,0.0,0.0,0.0
0.03233333333333333,0.010000000000000009,0.012166666666666666,0.02483333333333333,0.0,0.0,0.0
0.018666666666666665,0.01,0.009000000000000001,0.014000000000000002,0.0,0.0,0.0
0.02333333333333333,0.010000000000000009,0.010333333333333335,0.0175,0.0,0.0,0.0
0.02516666666666667,0.010000000000000009,0.011500000000000002,0.018666666666666668,0.0,0.0,0.0
0.026666666666666665,0.010000000000000009,0.008,0.022166666666666664,0.0,0.0,0.0
0.02116666666666667,0.010000000000000002,0.007000000000000003,0.018166666666666668,0.0,0.0,0.0
0.034999999999999996,0.010000000000000009,0.01266666666666667,0.02783333333333333,0.0,0.0,0.0
0.023500000000000004,0.010000000000000009,0.010666666666666673,0.020500000000000004,0.0,0.0,0.0
0.017333333333333333,0.010000000000000009,0.009333333333333334,0.012000000000000002,0.0,0.0,0.0
0.02783333333333333,0.010000000000000009,0.007999999999999998,0.02316666666666667,0.0,0.0,0.0
0.03033333333333333,0.010000000000000005,0.014,0.021333333333333333,0.0,0.0,0.0
0.019333333333333327,0.010000000000000009,0.007833333333333338,0.018166666666666668,0.0,0.0,0.0
0.02316666666666667,0.010000000000000009,0.01116666666666667,0.018333333333333333,0.0,0.0,0.0
0.020500000000000004,0.010000000000000009,0.009500000000000003,0.0165,0.0,0.0,0.0
0.017333333333333333,0.009999999999999998,0.008833333333333334,0.012,0.0,0.0,0.0
0.025,0.010000000000000009,0.009500000000000001,0.02016666666666667,0.0,0.0,0.0
0.02083333333333333,0.01,0.007833333333333335,0.01616666666666667,0.0,0.0,0.0
0.024000000000000004,0.010000000000000009,0.013833333333333338,0.018000000000000006,0.0,0.0,0.0
0.027333333333333338,0.010000000000000009,0.010333333333333338,0.023500000000000004,0.0,0.0,0.0
0.01966666666666667,0.010000000000000005,0.006500000000000002,0.017,0.0,0.0,0.0
0.02266666666666667,0.010000000000000009,0.008666666666666671,0.0195,0.0,0.0,0.0
0.021000000000000005,0.010000000000000005,0.010666666666666668,0.016500000000000004,0.0,0.0,0.0
0.011000000000000003,0.009999999999999998,0.004166666666666668,0.010000000000000002,0.0,0.0,0.0
0.024000000000000004,0.010000000000000009,0.010666666666666673,0.021500000000000002,0.0,0.0,0.0
0.01883333333333333,0.01,0.007000000000000004,0.015666666666666666,0.0,0.0,0.0
0.021666666666666664,0.010000000000000009,0.008,0.017,0.0,0.0,0.0
0.026666666666666665,0.010000000000000009,0.011000000000000003,0.021166666666666663,0.0,0.0,0.0
0.021500000000000002,0.01,0.008,0.016666666666666666,0.0,0.0,0.0
0.021666666666666664,0.009999999999999998,0.010833333333333332,0.015499999999999998,0.0,0.0,0.0
0.025,0.010000000000000009,0.013000000000000003,0.018666666666666668,0.0,0.0,0.0
0.026999999999999993,0.010000000000000009,0.011333333333333334,0.020666666666666663,0.0,0.0,0.0
0.03166666666666666,0.010000000000000009,0.008833333333333337,0.02683333333333333,0.0,0.0,0.0
0.0215,0.010000000000000009,0.013833333333333335,0.01266666666666667,0.0,0.0,0.0
0.0235,0.010000000000000009,0.012333333333333337,0.017666666666666667,0.0,0.0,0.0
0.023000000000000003,0.010000000000000009,0.011166666666666667,0.017666666666666667,0.0,0.0,0.0
0.028,0.010000000000000005,0.008333333333333335,0.0245,0.0,0.0,0.0
0.014666666666666665,0.009999999999999998,0.0051666666666666675,0.012166666666666666,0.0,0.0,0.0
0.026666666666666665,0.01,0.007333333333333334,0.02233333333333333,0.0,0.0,0.0
0.024999999999999998,0.010000000000000009,0.01733333333333333,0.01316666666666667,0.0,0.0,0.0
0.021833333333333333,0.010000000000000009,0.008166666666666666,0.017000000000000005,0.0,0.0,0.0
0.02833333333333333,0.010000000000000005,0.017833333333333336,0.018500000000000003,0.0,0.0,0.0
0.027666666666666666,0.010000000000000009,0.016,0.019833333333333335,0.0,0.0,0.0
0.027666666666666666,0.010000000000000009,0.010666666666666668,0.023166666666666665,0.0,0.0,0.0
0.02233333333333333,0.010000000000000002,0.009666666666666667,0.017500000000000005,0.0,0.0,0.0
0.0225,0.010000000000000002,0.006166666666666669,0.0195,0.0,0.0,0.0
0.024666666666666667,0.010000000000000009,0.011666666666666669,0.018833333333333334,0.0,0.0,0.0
0.02333333333333333,0.010000000000000009,0.012833333333333334,0.018333333333333333,0.0,0.0,0.0
0.0245,0.01,0.010166666666666668,0.019333333333333334,0.0,0.0,0.0
0.020333333333333335,0.01,0.006666666666666668,0.0175,0.0,0.0,0.0
0.023666666666666666,0.010000000000000005,0.009166666666666672,0.020000000000000004,0.0,0.0,0.0
0.02233333333333333,0.010000000000000009,0.013166666666666667,0.016333333333333335,0.0,0.0,0.0
0.03583333333333332,0.015000000000000005,0.019333333333333334,0.026333333333333337,0.0,0.0,0.0
0.024499999999999997,0.010000000000000009,0.007500000000000003,0.021833333333333326,0.0,0.0,0.0
0.022500000000000003,0.01,0.010666666666666665,0.016,0.0,0.0,0.0
0.022500000000000003,0.010000000000000002,0.010500000000000002,0.018000000000000002,0.0,0.0,0.0
0.022500000000000003,0.009999999999999998,0.009166666666666668,0.018500000000000003,0.0,0.0,0.0
0.025999999999999992,0.010000000000000009,0.016166666666666666,0.017833333333333333,0.0,0.0,0.0
0.020666666666666667,0.01,0.009333333333333338,0.018000000000000002,0.0,0.0,0.0
0.022,0.010000000000000009,0.007,0.018500000000000003,0.0,0.0,0.0
0.026000000000000002,0.010000000000000009,0.011333333333333336,0.021333333333333333,0.0,0.0,0.0
0.024000000000000004,0.010000000000000009,0.011166666666666668,0.019000000000000003,0.0,0.0,0.0
0.028333333333333335,0.010000000000000009,0.011500000000000002,0.02166666666666667,0.0,0.0,0.0
0.019999999999999997,0.01,0.0105,0.013333333333333334,0.0,0.0,0.0
0.014166666666666666,0.009999999999999998,0.008,0.009333333333333336,0.0,0.0,0.0
0.029500000000000002,0.010000000000000009,0.01616666666666667,0.021500000000000002,0.0,0.0,0.0
0.02033333333333333,0.010000000000000005,0.011000000000000003,0.015000000000000003,0.0,0.0,0.0
0.019333333333333334,0.010000000000000002,0.006,0.015500000000000003,0.0,0.0,0.0
0.020166666666666666,0.010000000000000002,0.005666666666666667,0.017333333333333333,0.0,0.0,0.0
0.014166666666666668,0.01,0.004000000000000003,0.012833333333333334,0.0,0.0,0.0
0.03766666666666666,0.010000000000000009,0.014833333333333337,0.0315,0.0,0.0,0.0
0.03266666666666666,0.010000000000000009,0.015500000000000002,0.02316666666666667,0.0,0.0,0.0
0.018666666666666665,0.01,0.010166666666666666,0.012833333333333334,0.0,0.0,0.0
0.02766666666666667,0.010000000000000009,0.013833333333333338,0.021666666666666667,0.0,0.0,0.0
0.022666666666666665,0.01,0.008833333333333334,0.019000000000000003,0.0,0.0,0.0
0.02733333333333333,0.01,0.0065000000000000014,0.024,0.0,0.0,0.0
0.023333333333333334,0.010000000000000009,0.011166666666666667,0.01716666666666667,0.0,0.0,0.0
0.018500000000000003,0.010000000000000005,0.010500000000000002,0.013833333333333335,0.0,0.0,0.0
0.028999999999999995,0.010000000000000005,0.014166666666666668,0.020166666666666666,0.0,0.0,0.0
0.029166666666666667,0.010000000000000009,0.012500000000000004,0.02233333333333333,0.0,0.0,0.0
0.017,0.01,0.00466666666666667,0.015500000000000002,0.0,0.0,0.0
0.034166666666666665,0.010000000000000009,0.01783333333333333,0.023333333333333334,0.0,0.0,0.0
0.0175,0.01,0.009000000000000005,0.015333333333333336,0.0,0.0,0.0
0.023333333333333334,0.010000000000000009,0.009333333333333334,0.01816666666666667,0.0,0.0,0.0
0.024333333333333332,0.01,0.004166666666666668,0.022,0.0,0.0,0.0
0.02666666666666667,0.010000000000000009,0.012833333333333337,0.01983333333333333,0.0,0.0,0.0
0.023166666666666665,0.01,0.009666666666666667,0.01833333333333333,0.0,0.0,0.0
0.034999999999999996,0.010000000000000009,0.018666666666666668,0.024333333333333332,0.0,0.0,0.0
0.0275,0.01,0.01,0.022166666666666664,0.0,0.0,0.0
0.015333333333333332,0.009999999999999998,0.006833333333333334,0.012166666666666666,0.0,0.0,0.0
0.016999999999999998,0.01,0.007000000000000001,0.012333333333333333,0.0,0.0,0.0
0.024666666666666667,0.010000000000000002,0.009833333333333335,0.019333333333333334,0.0,0.0,0.0
0.01816666666666667,0.010000000000000009,0.010333333333333337,0.014500000000000004,0.0,0.0,0.0
0.016666666666666666,0.009999999999999998,0.008,0.011833333333333335,0.0,0.0,0.0
0.0245,0.010000000000000009,0.010833333333333337,0.018833333333333334,0.0,0.0,0.0
0.022833333333333327,0.010000000000000009,0.012000000000000002,0.0165,0.0,0.0,0.0
0.026833333333333334,0.010000000000000005,0.008666666666666671,0.023500000000000007,0.0,0.0,0.0
0.021500000000000005,0.01,0.010000000000000004,0.018333333333333333,0.0,0.0,0.0
0.01933333333333333,0.004999999999999999,0.011,0.012000000000000004,0.0,0.0,0.0
0.017166666666666667,0.010000000000000002,0.009500000000000001,0.011833333333333336,0.0,0.0,0.0
0.026833333333333327,0.010000000000000009,0.009333333333333334,0.021666666666666664,0.0,0.0,0.0
0.02183333333333333,0.010000000000000009,0.009166666666666667,0.0165,0.0,0.0,0.0
0.02233333333333333,0.01,0.014,0.014166666666666666,0.0,0.0,0.0
0.027500000000000007,0.010000000000000009,0.011166666666666667,0.021833333333333333,0.0,0.0,0.0
0.018000000000000002,0.01,0.007166666666666668,0.014833333333333336,0.0,0.0,0.0
0.018166666666666668,0.01,0.009666666666666669,0.014500000000000002,0.0,0.0,0.0
0.020166666666666666,0.010000000000000002,0.011166666666666667,0.013833333333333336,0.0,0.0,0.0
0.023166666666666665,0.010000000000000005,0.007000000000000003,0.0205,0.0,0.0,0.0
0.01566666666666667,0.01,0.007833333333333336,0.010833333333333335,0.0,0.0,0.0
0.029500000000000002,0.010000000000000009,0.015500000000000003,0.020000000000000004,0.0,0.0,0.0
0.029666666666666668,0.010000000000000009,0.009166666666666672,0.025666666666666667,0.0,0.0,0.0
0.022333333333333334,0.009999999999999998,0.011166666666666668,0.01566666666666667,0.0,0.0,0.0
0.02366666666666667,0.010000000000000009,0.013166666666666667,0.016166666666666673,0.0,0.0,0.0
0.02033333333333333,0.010000000000000002,0.007666666666666668,0.015833333333333335,0.0,0.0,0.0
0.025500000000000002,0.010000000000000009,0.011000000000000001,0.01966666666666667,0.0,0.0,0.0
0.0225,0.010000000000000005,0.010166666666666668,0.01766666666666667,0.0,0.0,0.0
0.02816666666666667,0.010000000000000009,0.011000000000000003,0.022000000000000002,0.0,0.0,0.0
0.025333333333333336,0.010000000000000009,0.013833333333333335,0.0175,0.0,0.0,0.0
0.030000000000000002,0.010000000000000009,0.013166666666666669,0.023666666666666666,0.0,0.0,0.0
0.022000000000000002,0.010000000000000002,0.008833333333333335,0.018666666666666668,0.0,0.0,0.0
0.024166666666666663,0.010000000000000009,0.012833333333333334,0.0175,0.0,0.0,0.0
0.027,0.010000000000000009,0.010166666666666666,0.021166666666666667,0.0,0.0,0.0
0.02683333333333333,0.010000000000000009,0.008666666666666668,0.022499999999999996,0.0,0.0,0.0
0.025166666666666664,0.010000000000000005,0.011000000000000001,0.019000000000000003,0.0,0.0,0.0
0.018833333333333337,0.010000000000000002,0.007666666666666672,0.017666666666666667,0.0,0.0,0.0
0.024166666666666663,0.010000000000000002,0.009333333333333332,0.01883333333333333,0.0,0.0,0.0
0.020000000000000004,0.01,0.009666666666666667,0.013666666666666667,0.0,0.0,0.0
0.016833333333333332,0.010000000000000009,0.008500000000000004,0.01316666666666667,0.0,0.0,0.0
0.023,0.010000000000000009,0.008000000000000002,0.019166666666666665,0.0,0.0,0.0
0.017500000000000005,0.009999999999999998,0.006500000000000002,0.01566666666666667,0.0,0.0,0.0
0.023833333333333335,0.010000000000000009,0.011166666666666668,0.019500000000000003,0.0,0.0,0.0
0.021666666666666667,0.010000000000000009,0.009666666666666672,0.016666666666666666,0.0,0.0,0.0
0.024666666666666667,0.010000000000000005,0.009000000000000003,0.020333333333333335,0.0,0.0,0.0
0.01316666666666667,0.009999999999999998,0.008000000000000004,0.009833333333333338,0.0,0.0,0.0
0.020000000000000004,0.010000000000000009,0.013,0.012333333333333337,0.0,0.0,0.0
0.019833333333333335,0.010000000000000009,0.008500000000000002,0.0165,0.0,0.0,0.0
0.019,0.010000000000000009,0.006000000000000004,0.017166666666666663,0.0,0.0,0.0
0.023500000000000004,0.010000000000000009,0.013000000000000005,0.018333333333333333,0.0,0.0,0.0
0.028333333333333332,0.010000000000000005,0.01016666666666667,0.022000000000000002,0.0,0.0,0.0
0.03266666666666666,0.010000000000000009,0.012166666666666666,0.025666666666666667,0.0,0.0,0.0
0.0175,0.009999999999999998,0.011166666666666667,0.010166666666666668,0.0,0.0,0.0
0.019333333333333334,0.010000000000000009,0.009333333333333336,0.014666666666666672,0.0,0.0,0.0
0.026500000000000003,0.010000000000000009,0.009000000000000005,0.022500000000000003,0.0,0.0,0.0
0.02583333333333333,0.010000000000000009,0.007333333333333334,0.022,0.0,0.0,0.0
0.028166666666666666,0.01,0.009000000000000003,0.024,0.0,0.0,0.0
0.018833333333333334,0.01,0.005833333333333337,0.015833333333333335,0.0,0.0,0.0
0.0255,0.01,0.009333333333333334,0.02033333333333333,0.0,0.0,0.0
0.019,0.009999999999999998,0.007833333333333336,0.016,0.0,0.0,0.0
0.02433333333333333,0.010000000000000009,0.013333333333333336,0.017,0.0,0.0,0.0
0.012833333333333334,0.01,0.007666666666666668,0.009000000000000001,0.0,0.0,0.0
0.028166666666666666,0.010000000000000009,0.007500000000000002,0.023833333333333328,0.0,0.0,0.0
0.016000000000000004,0.009999999999999998,0.00616666666666667,0.014333333333333335,0.0,0.0,0.0
0.024,0.010000000000000005,0.008666666666666671,0.0205,0.0,0.0,0.0
0.01616666666666667,0.01,0.009000000000000003,0.012833333333333335,0.0,0.0,0.0
0.020833333333333332,0.010000000000000009,0.01016666666666667,0.016833333333333332,0.0,0.0,0.0
0.0215,0.010000000000000009,0.013333333333333338,0.015333333333333336,0.0,0.0,0.0
0.0235,0.01,0.008499999999999999,0.018000000000000002,0.0,0.0,0.0
0.021,0.01,0.009000000000000005,0.017166666666666667,0.0,0.0,0.0
0.02733333333333333,0.010000000000000005,0.011833333333333336,0.0205,0.0,0.0,0.0
0.02666666666666667,0.010000000000000009,0.010333333333333337,0.022500000000000003,0.0,0.0,0.0
0.021166666666666663,0.010000000000000005,0.006000000000000004,0.019666666666666666,0.0,0.0,0.0
0.013000000000000001,0.01,0.0061666666666666675,0.010333333333333335,0.0,0.0,0.0
0.015166666666666667,0.009999999999999998,0.006833333333333336,0.013333333333333336,0.0,0.0,0.0
0.02633333333333333,0.010000000000000005,0.014500000000000004,0.01916666666666667,0.0,0.0,0.0
0.02733333333333333,0.010000000000000009,0.015333333333333336,0.019500000000000003,0.0,0.0,0.0
0.01933333333333333,0.009999999999999998,0.008666666666666671,0.016666666666666666,0.0,0.0,0.0
0.028833333333333332,0.010000000000000009,0.010833333333333335,0.024833333333333336,0.0,0.0,0.0
0.027666666666666666,0.010000000000000009,0.010500000000000002,0.022333333333333334,0.0,0.0,0.0
0.020666666666666667,0.010000000000000005,0.012500000000000002,0.014333333333333335,0.0,0.0,0.0
0.02783333333333333,0.010000000000000009,0.009333333333333338,0.02333333333333333,0.0,0.0,0.0
0.021833333333333333,0.010000000000000002,0.012000000000000004,0.015500000000000002,0.0,0.0,0.0
0.024333333333333332,0.010000000000000009,0.010333333333333335,0.018500000000000003,0.0,0.0,0.0
0.022000000000000002,0.010000000000000009,0.011833333333333335,0.015833333333333335,0.0,0.0,0.0
0.028333333333333332,0.010000000000000009,0.010000000000000002,0.02283333333333333,0.0,0.0,0.0
0.027666666666666666,0.010000000000000009,0.011500000000000003,0.021833333333333333,0.0,0.0,0.0
0.030833333333333327,0.01,0.008666666666666666,0.026,0.0,0.0,0.0
0.0205,0.01,0.010833333333333334,0.013333333333333334,0.0,0.0,0.0
0.018333333333333333,0.01,0.007666666666666668,0.014166666666666666,0.0,0.0,0.0
0.019500000000000003,0.01,0.008500000000000002,0.016,0.0,0.0,0.0
0.026000000000000002,0.010000000000000009,0.01216666666666667,0.021833333333333333,0.0,0.0,0.0
0.023166666666666665,0.01,0.011333333333333336,0.018333333333333333,0.0,0.0,0.0
0.01633333333333333,0.010000000000000009,0.0085,0.013000000000000001,0.0,0.0,0.0
0.018833333333333334,0.01,0.009666666666666667,0.013666666666666667,0.0,0.0,0.0
0.021666666666666667,0.01,0.016,0.013833333333333338,0.0,0.0,0.0
0.02083333333333334,0.010000000000000002,0.005333333333333337,0.019000000000000003,0.0,0.0,0.0
0.026666666666666665,0.010000000000000005,0.006333333333333336,0.024333333333333332,0.0,0.0,0.0
0.028166666666666666,0.010000000000000009,0.007333333333333336,0.0245,0.0,0.0,0.0
0.025,0.010000000000000009,0.008666666666666666,0.019666666666666666,0.0,0.0,0.0
0.02266666666666667,0.010000000000000005,0.009500000000000001,0.018000000000000002,0.0,0.0,0.0
0.025500000000000005,0.010000000000000009,0.010333333333333335,0.021833333333333333,0.0,0.0,0.0
0.02933333333333333,0.010000000000000009,0.013166666666666667,0.022000000000000002,0.0,0.0,0.0
0.02633333333333333,0.010000000000000009,0.016333333333333335,0.015833333333333335,0.0,0.0,0.0
0.025333333333333333,0.010000000000000005,0.012000000000000002,0.01716666666666667,0.0,0.0,0.0
0.028666666666666667,0.010000000000000009,0.009000000000000003,0.025166666666666664,0.0,0.0,0.0
0.0235,0.010000000000000009,0.009000000000000003,0.01916666666666667,0.0,0.0,0.0
0.023333333333333327,0.010000000000000005,0.011333333333333336,0.01883333333333333,0.0,0.0,0.0
0.022333333333333334,0.010000000000000005,0.008333333333333335,0.018666666666666668,0.0,0.0,0.0
0.025666666666666667,0.01,0.013833333333333333,0.01716666666666667,0.0,0.0,0.0
0.02666666666666667,0.010000000000000009,0.011333333333333336,0.021333333333333336,0.0,0.0,0.0
0.019666666666666666,0.010000000000000002,0.0066666666666666706,0.016166666666666666,0.0,0.0,0.0
0.01983333333333333,0.01,0.011000000000000003,0.013666666666666667,0.0,0.0,0.0
0.022166666666666668,0.01,0.008666666666666666,0.017166666666666667,0.0,0.0,0.0
0.026833333333333334,0.010000000000000009,0.009666666666666669,0.023833333333333335,0.0,0.0,0.0
0.022000000000000002,0.01,0.007500000000000001,0.01866666666666667,0.0,0.0,0.0
0.027666666666666662,0.010000000000000009,0.007000000000000001,0.023,0.0,0.0,0.0
0.021833333333333333,0.01,0.011333333333333336,0.016333333333333335,0.0,0.0,0.0
0.02783333333333333,0.010000000000000002,0.015166666666666667,0.018666666666666668,0.0,0.0,0.0
0.024333333333333332,0.010000000000000005,0.012333333333333337,0.018166666666666668,0.0,0.0,0.0
0.018333333333333333,0.010000000000000002,0.011500000000000003,0.013333333333333338,0.0,0.0,0.0
0.025333333333333333,0.010000000000000009,0.009833333333333336,0.021333333333333333,0.0,0.0,0.0
0.02783333333333333,0.010000000000000009,0.012500000000000004,0.021500000000000005,0.0,0.0,0.0
0.028333333333333335,0.010000000000000009,0.013000000000000005,0.021833333333333333,0.0,0.0,0.0
0.0165,0.010000000000000005,0.00766666666666667,0.013500000000000002,0.0,0.0,0.0
0.02116666666666667,0.010000000000000009,0.010666666666666666,0.015000000000000001,0.0,0.0,0.0
0.022666666666666665,0.01,0.009000000000000001,0.018500000000000003,0.0,0.0,0.0
0.020999999999999998,0.01,0.004000000000000002,0.019666666666666662,0.0,0.0,0.0
0.024333333333333335,0.010000000000000005,0.011666666666666665,0.01816666666666667,0.0,0.0,0.0
0.02016666666666667,0.010000000000000002,0.012166666666666666,0.012500000000000004,0.0,0.0,0.0
0.022000000000000002,0.01,0.007833333333333336,0.019000000000000003,0.0,0.0,0.0
0.029333333333333336,0.010000000000000009,0.01266666666666667,0.02433333333333334,0.0,0.0,0.0
0.021000000000000008,0.010000000000000009,0.007833333333333338,0.017833333333333336,0.0,0.0,0.0
0.024999999999999998,0.010000000000000009,0.007000000000000002,0.021833333333333333,0.0,0.0,0.0
0.0245,0.010000000000000002,0.011500000000000002,0.016166666666666666,0.0,0.0,0.0
0.01566666666666667,0.01,0.006833333333333335,0.013166666666666667,0.0,0.0,0.0
0.026499999999999992,0.01,0.007833333333333335,0.022,0.0,0.0,0.0
0.0205,0.009999999999999998,0.0051666666666666675,0.018,0.0,0.0,0.0
0.032499999999999994,0.010000000000000009,0.017333333333333333,0.022500000000000003,0.0,0.0,0.0
0.026000000000000002,0.010000000000000009,0.013000000000000001,0.020666666666666667,0.0,0.0,0.0
0.024833333333333336,0.01,0.008833333333333337,0.022500000000000006,0.0,0.0,0.0
0.023000000000000003,0.010000000000000005,0.010500000000000002,0.017,0.0,0.0,0.0
0.013000000000000003,0.009999999999999998,0.006166666666666668,0.010500000000000002,0.0,0.0,0.0
0.019166666666666665,0.01,0.009000000000000003,0.014166666666666666,0.0,0.0,0.0
0.032999999999999995,0.010000000000000009,0.0125,0.02633333333333333,0.0,0.0,0.0
0.01683333333333333,0.004999999999999999,0.005166666666666668,0.014499999999999997,0.0,0.0,0.0
0.028,0.01,0.012833333333333335,0.019833333333333335,0.0,0.0,0.0
0.02333333333333333,0.010000000000000009,0.008666666666666666,0.01883333333333333,0.0,0.0,0.0
0.025500000000000002,0.010000000000000009,0.011666666666666669,0.02166666666666667,0.0,0.0,0.0
0.03066666666666666,0.01,0.009333333333333336,0.02566666666666666,0.0,0.0,0.0
0.03216666666666666,0.010000000000000009,0.008333333333333331,0.0265,0.0,0.0,0.0
0.024333333333333332,0.010000000000000005,0.009333333333333336,0.02133333333333333,0.0,0.0,0.0
0.022000000000000002,0.01,0.008000000000000002,0.017666666666666667,0.0,0.0,0.0
0.015833333333333335,0.010000000000000002,0.007666666666666672,0.013666666666666669,0.0,0.0,0.0
0.013666666666666669,0.009999999999999998,0.006333333333333334,0.010833333333333335,0.0,0.0,0.0
0.02616666666666666,0.010000000000000009,0.011000000000000001,0.019499999999999997,0.0,0.0,0.0
0.028666666666666667,0.010000000000000009,0.01116666666666667,0.023833333333333335,0.0,0.0,0.0
0.02633333333333333,0.010000000000000009,0.007000000000000002,0.022666666666666665,0.0,0.0,0.0
0.027166666666666665,0.010000000000000009,0.014833333333333334,0.018666666666666668,0.0,0.0,0.0
0.026000000000000002,0.010000000000000002,0.009666666666666669,0.021333333333333333,0.0,0.0,0.0
0.025166666666666667,0.01,0.009833333333333335,0.019000000000000003,0.0,0.0,0.0
0.02716666666666667,0.010000000000000009,0.013166666666666667,0.020000000000000007,0.0,0.0,0.0
0.026166666666666664,0.010000000000000002,0.010000000000000002,0.021666666666666664,0.0,0.0,0.0
0.020333333333333335,0.010000000000000009,0.010833333333333335,0.015833333333333335,0.0,0.0,0.0
0.032499999999999994,0.010000000000000009,0.015333333333333336,0.023166666666666665,0.0,0.0,0.0
0.021333333333333336,0.009999999999999998,0.007666666666666671,0.018500000000000003,0.0,0.0,0.0
0.025333333333333333,0.01,0.008166666666666668,0.022500000000000003,0.0,0.0,0.0
0.02266666666666667,0.010000000000000005,0.010500000000000002,0.016833333333333332,0.0,0.0,0.0
0.021,0.010000000000000009,0.006166666666666668,0.018666666666666668,0.0,0.0,0.0
0.027000000000000003,0.010000000000000002,0.008000000000000002,0.021666666666666667,0.0,0.0,0.0
0.022500000000000003,0.010000000000000002,0.009166666666666668,0.017833333333333333,0.0,0.0,0.0
0.028666666666666667,0.010000000000000009,0.009333333333333336,0.024,0.0,0.0,0.0
0.024833333333333336,0.010000000000000009,0.008666666666666666,0.02016666666666667,0.0,0.0,0.0
0.025,0.010000000000000005,0.007833333333333338,0.024166666666666666,0.0,0.0,0.0
0.017666666666666667,0.01,0.008833333333333334,0.012000000000000002,0.0,0.0,0.0
0.0235,0.01,0.011,0.017,0.0,0.0,0.0
0.0205,0.01,0.005666666666666669,0.01833333333333333,0.0,0.0,0.0
0.021500000000000002,0.01,0.010666666666666666,0.016833333333333336,0.0,0.0,0.0
0.01966666666666667,0.01,0.005666666666666669,0.018333333333333333,0.0,0.0,0.0
0.0235,0.01,0.010666666666666666,0.01716666666666667,0.0,0.0,0.0
0.026166666666666668,0.010000000000000005,0.017500000000000005,0.01666666666666667,0.0,0.0,0.0
0.015333333333333338,0.01,0.007333333333333338,0.013333333333333336,0.0,0.0,0.0
0.0325,0.010000000000000009,0.0125,0.025,0.0,0.0,0.0
0.018000000000000002,0.009999999999999998,0.010500000000000004,0.013333333333333336,0.0,0.0,0.0
0.028999999999999995,0.010000000000000009,0.010166666666666668,0.023833333333333328,0.0,0.0,0.0
0.02033333333333333,0.01,0.008166666666666668,0.016666666666666666,0.0,0.0,0.0
0.019833333333333335,0.010000000000000009,0.011666666666666667,0.012666666666666668,0.0,0.0,0.0
0.02383333333333333,0.01,0.008166666666666668,0.020500000000000004,0.0,0.0,0.0
0.029,0.010000000000000009,0.014666666666666668,0.022000000000000002,0.0,0.0,0.0
0.022000000000000002,0.010000000000000009,0.005166666666666669,0.02016666666666667,0.0,0.0,0.0
0.025,0.010000000000000009,0.013666666666666667,0.0175,0.0,0.0,0.0
0.010500000000000002,0.009999999999999998,0.004333333333333336,0.008833333333333334,0.0,0.0,0.0
0.024166666666666666,0.009999999999999998,0.009333333333333334,0.0175,0.0,0.0,0.0
0.024166666666666666,0.01,0.007666666666666668,0.019833333333333328,0.0,0.0,0.0
0.016666666666666666,0.010000000000000002,0.0058333333333333345,0.014500000000000002,0.0,0.0,0.0
0.026333333333333334,0.010000000000000009,0.011833333333333338,0.021833333333333333,0.0,0.0,0.0
0.02233333333333333,0.01,0.006166666666666667,0.0185,0.0,0.0,0.0
0.0165,0.009999999999999998,0.003833333333333334,0.014833333333333336,0.0,0.0,0.0
0.0165,0.01,0.008666666666666666,0.012333333333333335,0.0,0.0,0.0
0.014000000000000002,0.01,0.00766666666666667,0.011500000000000003,0.0,0.0,0.0
0.01933333333333333,0.01,0.0071666666666666675,0.015833333333333335,0.0,0.0,0.0
0.02683333333333333,0.01,0.009166666666666667,0.022833333333333327,0.0,0.0,0.0
0.02366666666666667,0.010000000000000002,0.007000000000000001,0.020500000000000004,0.0,0.0,0.0
0.020666666666666667,0.010000000000000009,0.010000000000000002,0.015333333333333336,0.0,0.0,0.0
0.022500000000000003,0.01,0.0085,0.017666666666666667,0.0,0.0,0.0
0.020999999999999998,0.009999999999999998,0.008166666666666666,0.016,0.0,0.0,0.0
0.023000000000000003,0.01,0.012333333333333337,0.017666666666666667,0.0,0.0,0.0
0.017166666666666667,0.01,0.007000000000000005,0.0165,0.0,0.0,0.0
0.019000000000000006,0.010000000000000009,0.006333333333333335,0.016000000000000004,0.0,0.0,0.0
0.02133333333333333,0.01,0.008666666666666666,0.016333333333333335,0.0,0.0,0.0
0.024999999999999998,0.010000000000000009,0.009333333333333338,0.022166666666666664,0.0,0.0,0.0
0.033999999999999996,0.010000000000000009,0.01666666666666667,0.02366666666666667,0.0,0.0,0.0
0.014166666666666666,0.01,0.0048333333333333344,0.012833333333333334,0.0,0.0,0.0
0.015666666666666666,0.009999999999999998,0.007166666666666667,0.010666666666666666,0.0,0.0,0.0
0.028333333333333335,0.010000000000000009,0.009666666666666667,0.023500000000000007,0.0,0.0,0.0
0.030500000000000003,0.010000000000000009,0.009500000000000001,0.0255,0.0,0.0,0.0
0.017333333333333333,0.009999999999999998,0.00466666666666667,0.016,0.0,0.0,0.0
0.0195,0.010000000000000005,0.009000000000000005,0.01616666666666667,0.0,0.0,0.0
0.019166666666666665,0.01,0.009500000000000003,0.015333333333333336,0.0,0.0,0.0
0.020333333333333328,0.01,0.007833333333333335,0.016833333333333332,0.0,0.0,0.0
0.026666666666666665,0.010000000000000005,0.014833333333333334,0.017833333333333336,0.0,0.0,0.0
0.0235,0.010000000000000009,0.011000000000000003,0.018500000000000003,0.0,0.0,0.0
0.022,0.010000000000000005,0.008,0.018166666666666664,0.0,0.0,0.0
0.024000000000000004,0.010000000000000002,0.007500000000000002,0.01983333333333333,0.0,0.0,0.0
0.023833333333333335,0.010000000000000005,0.011333333333333336,0.01883333333333333,0.0,0.0,0.0
0.020333333333333335,0.010000000000000005,0.006333333333333335,0.018333333333333333,0.0,0.0,0.0
0.028666666666666667,0.010000000000000009,0.011000000000000005,0.024000000000000004,0.0,0.0,0.0
0.025166666666666667,0.010000000000000009,0.013166666666666667,0.018000000000000002,0.0,0.0,0.0
0.023,0.010000000000000002,0.006500000000000002,0.020000000000000004,0.0,0.0,0.0
0.026333333333333334,0.010000000000000005,0.014166666666666664,0.018333333333333333,0.0,0.0,0.0
0.025166666666666664,0.01,0.008333333333333335,0.021666666666666667,0.0,0.0,0.0
0.028333333333333335,0.010000000000000009,0.017,0.017833333333333336,0.0,0.0,0.0
0.018833333333333334,0.010000000000000005,0.011500000000000003,0.013500000000000005,0.0,0.0,0.0
0.020666666666666663,0.01,0.007500000000000002,0.018666666666666665,0.0,0.0,0.0
0.036166666666666666,0.010000000000000009,0.009166666666666672,0.03333333333333333,0.0,0.0,0.0
0.02016666666666667,0.010000000000000009,0.012666666666666668,0.013333333333333338,0.0,0.0,0.0
0.024333333333333332,0.009999999999999998,0.009833333333333335,0.019333333333333334,0.0,0.0,0.0
0.01883333333333333,0.010000000000000009,0.006833333333333334,0.01566666666666667,0.0,0.0,0.0
0.019666666666666666,0.01,0.004166666666666668,0.01783333333333333,0.0,0.0,0.0
0.024166666666666666,0.010000000000000009,0.014000000000000004,0.016333333333333335,0.0,0.0,0.0
0.02333333333333333,0.01,0.012666666666666668,0.016000000000000004,0.0,0.0,0.0
0.01883333333333333,0.01,0.008666666666666668,0.014500000000000002,0.0,0.0,0.0
0.016666666666666666,0.01,0.004666666666666669,0.015000000000000001,0.0,0.0,0.0
0.024499999999999997,0.010000000000000005,0.010333333333333332,0.018833333333333334,0.0,0.0,0.0
0.025833333333333333,0.01,0.014333333333333335,0.01716666666666667,0.0,0.0,0.0
0.024,0.010000000000000005,0.010666666666666666,0.017833333333333333,0.0,0.0,0.0
0.022500000000000003,0.010000000000000009,0.008000000000000002,0.019500000000000003,0.0,0.0,0.0
0.021833333333333337,0.01,0.011666666666666667,0.014666666666666668,0.0,0.0,0.0
0.020500000000000004,0.01,0.014000000000000004,0.013333333333333336,0.0,0.0,0.0
0.01916666666666667,0.01,0.008833333333333332,0.014000000000000002,0.0,0.0,0.0
0.02566666666666667,0.010000000000000009,0.009500000000000001,0.021500000000000002,0.0,0.0,0.0
0.015000000000000003,0.01,0.005333333333333334,0.012833333333333335,0.0,0.0,0.0
0.028333333333333335,0.010000000000000009,0.014833333333333336,0.021333333333333336,0.0,0.0,0.0
0.0225,0.01,0.005333333333333335,0.020166666666666663,0.0,0.0,0.0
0.024833333333333336,0.010000000000000005,0.005166666666666668,0.022,0.0,0.0,0.0
0.015333333333333334,0.010000000000000002,0.006833333333333334,0.012,0.0,0.0,0.0
0.020666666666666667,0.010000000000000009,0.010666666666666665,0.015166666666666669,0.0,0.0,0.0
0.026333333333333334,0.010000000000000009,0.012000000000000004,0.0195,0.0,0.0,0.0
0.021833333333333333,0.010000000000000009,0.009500000000000001,0.016000000000000004,0.0,0.0,0.0
0.031166666666666665,0.010000000000000009,0.010833333333333335,0.0265,0.0,0.0,0.0
0.02183333333333333,0.01,0.012666666666666665,0.014000000000000005,0.0,0.0,0.0
0.017166666666666663,0.009999999999999998,0.007000000000000002,0.013166666666666665,0.0,0.0,0.0
0.021333333333333333,0.01,0.010666666666666666,0.014500000000000004,0.0,0.0,0.0
0.01933333333333333,0.009999999999999998,0.01,0.014166666666666668,0.0,0.0,0.0
0.032,0.010000000000000009,0.01316666666666667,0.025,0.0,0.0,0.0
0.030666666666666665,0.010000000000000009,0.013333333333333338,0.026166666666666664,0.0,0.0,0.0
0.03616666666666665,0.010000000000000009,0.010666666666666668,0.029999999999999995,0.0,0.0,0.0
0.01883333333333333,0.010000000000000005,0.009666666666666667,0.014166666666666668,0.0,0.0,0.0
0.016500000000000004,0.01,0.006666666666666669,0.014333333333333337,0.0,0.0,0.0
0.02066666666666667,0.010000000000000009,0.009166666666666672,0.017000000000000005,0.0,0.0,0.0
0.022000000000000006,0.010000000000000009,0.009000000000000005,0.019166666666666665,0.0,0.0,0.0
0.030166666666666668,0.010000000000000009,0.0125,0.022333333333333337,0.0,0.0,0.0
0.03466666666666666,0.010000000000000009,0.009166666666666672,0.03166666666666666,0.0,0.0,0.0
0.021666666666666667,0.01,0.008666666666666666,0.016666666666666666,0.0,0.0,0.0
0.023,0.01,0.013166666666666667,0.015333333333333334,0.0,0.0,0.0
0.02666666666666667,0.010000000000000009,0.012500000000000002,0.020833333333333332,0.0,0.0,0.0
0.01916666666666667,0.009999999999999998,0.009333333333333334,0.013333333333333336,0.0,0.0,0.0
0.03549999999999998,0.010000000000000009,0.012333333333333335,0.02783333333333333,0.0,0.0,0.0
0.027333333333333334,0.01,0.011666666666666667,0.021666666666666667,0.0,0.0,0.0
0.024833333333333332,0.010000000000000002,0.012000000000000004,0.01916666666666667,0.0,0.0,0.0
0.0195,0.010000000000000005,0.008666666666666671,0.014333333333333333,0.0,0.0,0.0
0.018000000000000002,0.01,0.008666666666666666,0.012833333333333335,0.0,0.0,0.0
0.023500000000000007,0.010000000000000009,0.01466666666666667,0.01716666666666667,0.0,0.0,0.0
0.02383333333333333,0.01,0.007666666666666668,0.01933333333333333,0.0,0.0,0.0
0.02233333333333333,0.010000000000000009,0.009500000000000003,0.018333333333333333,0.0,0.0,0.0
0.014500000000000002,0.01,0.005166666666666669,0.0125,0.0,0.0,0.0
0.030999999999999996,0.010000000000000009,0.018666666666666668,0.01916666666666667,0.0,0.0,0.0
0.030499999999999996,0.010000000000000009,0.014833333333333332,0.020666666666666667,0.0,0.0,0.0
0.0245,0.010000000000000005,0.011000000000000003,0.018833333333333334,0.0,0.0,0.0
0.018166666666666668,0.009999999999999998,0.007833333333333335,0.013833333333333335,0.0,0.0,0.0
0.020666666666666667,0.010000000000000009,0.010666666666666668,0.016000000000000004,0.0,0.0,0.0
0.021166666666666667,0.010000000000000009,0.006500000000000002,0.019000000000000003,0.0,0.0,0.0
0.020333333333333335,0.010000000000000009,0.014833333333333336,0.01166666666666667,0.0,0.0,0.0
0.0225,0.009999999999999998,0.009333333333333336,0.017333333333333333,0.0,0.0,0.0
0.022333333333333327,0.009999999999999998,0.013333333333333332,0.013666666666666667,0.0,0.0,0.0
0.013000000000000001,0.009999999999999998,0.006333333333333335,0.010666666666666668,0.0,0.0,0.0
0.0325,0.010000000000000009,0.015000000000000001,0.02416666666666667,0.0,0.0,0.0
0.030666666666666665,0.015000000000000003,0.01316666666666667,0.027166666666666665,0.0,0.0,0.0
0.024,0.01,0.007666666666666668,0.019166666666666665,0.0,0.0,0.0
0.01883333333333333,0.009999999999999998,0.0035000000000000014,0.017333333333333333,0.0,0.0,0.0
0.020000000000000004,0.010000000000000009,0.01016666666666667,0.013500000000000003,0.0,0.0,0.0
0.02133333333333333,0.010000000000000009,0.012166666666666664,0.014000000000000005,0.0,0.0,0.0
0.02416666666666667,0.01,0.013500000000000002,0.016666666666666666,0.0,0.0,0.0
0.024500000000000004,0.010000000000000005,0.012500000000000002,0.01666666666666667,0.0,0.0,0.0
0.022333333333333334,0.01,0.014500000000000002,0.015166666666666669,0.0,0.0,0.0
0.029333333333333336,0.010000000000000009,0.015500000000000002,0.020833333333333336,0.0,0.0,0.0
0.022500000000000003,0.010000000000000002,0.011166666666666668,0.017166666666666663,0.0,0.0,0.0
0.02566666666666666,0.010000000000000009,0.012333333333333335,0.018666666666666668,0.0,0.0,0.0
0.0205,0.010000000000000005,0.007833333333333335,0.017,0.0,0.0,0.0
0.026500000000000003,0.010000000000000009,0.008333333333333333,0.02266666666666667,0.0,0.0,0.0
0.018333333333333333,0.009999999999999998,0.006833333333333334,0.015333333333333332,0.0,0.0,0.0
0.02816666666666666,0.010000000000000009,0.012833333333333332,0.020000000000000004,0.0,0.0,0.0
0.02333333333333333,0.010000000000000009,0.012833333333333334,0.017333333333333333,0.0,0.0,0.0
0.027833333333333335,0.010000000000000005,0.011000000000000005,0.0245,0.0,0.0,0.0
0.024166666666666666,0.010000000000000002,0.007833333333333336,0.019833333333333335,0.0,0.0,0.0
0.02116666666666667,0.01,0.008166666666666671,0.017333333333333333,0.0,0.0,0.0
0.024333333333333335,0.010000000000000009,0.008166666666666668,0.019833333333333335,0.0,0.0,0.0
0.027000000000000003,0.010000000000000009,0.01366666666666667,0.021333333333333336,0.0,0.0,0.0
0.01833333333333333,0.01,0.007166666666666669,0.014833333333333336,0.0,0.0,0.0
0.025500000000000002,0.010000000000000009,0.008666666666666671,0.02116666666666667,0.0,0.0,0.0
0.0255,0.010000000000000009,0.009000000000000001,0.021000000000000005,0.0,0.0,0.0
0.027833333333333328,0.010000000000000005,0.009333333333333334,0.023000000000000003,0.0,0.0,0.0
0.024,0.010000000000000009,0.007333333333333335,0.021333333333333333,0.0,0.0,0.0
0.023500000000000004,0.010000000000000009,0.008833333333333337,0.021166666666666667,0.0,0.0,0.0
0.0245,0.01,0.011666666666666667,0.016500000000000004,0.0,0.0,0.0
0.019833333333333335,0.009999999999999998,0.007666666666666666,0.014833333333333336,0.0,0.0,0.0
0.01683333333333333,0.01,0.0071666666666666675,0.013833333333333331,0.0,0.0,0.0
0.020833333333333332,0.01,0.012333333333333333,0.013000000000000003,0.0,0.0,0.0
0.027999999999999994,0.010000000000000009,0.01616666666666667,0.01983333333333333,0.0,0.0,0.0
0.028333333333333332,0.010000000000000009,0.009333333333333334,0.0225,0.0,0.0,0.0
0.02466666666666667,0.010000000000000005,0.010833333333333334,0.018166666666666668,0.0,0.0,0.0
0.029333333333333333,0.010000000000000009,0.016166666666666666,0.02066666666666667,0.0,0.0,0.0
0.029999999999999995,0.010000000000000009,0.012166666666666668,0.024333333333333332,0.0,0.0,0.0
0.023500000000000004,0.010000000000000002,0.011333333333333336,0.016,0.0,0.0,0.0
0.029,0.010000000000000002,0.013500000000000003,0.022833333333333334,0.0,0.0,0.0
0.026999999999999993,0.010000000000000009,0.0105,0.020333333333333335,0.0,0.0,0.0
0.024166666666666663,0.010000000000000009,0.0105,0.017833333333333333,0.0,0.0,0.0
0.017499999999999998,0.009999999999999998,0.009666666666666667,0.013166666666666667,0.0,0.0,0.0
0.016,0.010000000000000009,0.008333333333333333,0.011666666666666669,0.0,0.0,0.0
0.022000000000000006,0.010000000000000002,0.011166666666666668,0.01566666666666667,0.0,0.0,0.0
0.021500000000000002,0.010000000000000009,0.008666666666666666,0.01666666666666667,0.0,0.0,0.0
0.030833333333333334,0.010000000000000009,0.01616666666666667,0.022333333333333337,0.0,0.0,0.0
0.021666666666666667,0.010000000000000009,0.00816666666666667,0.018000000000000002,0.0,0.0,0.0
0.018000000000000006,0.01,0.007000000000000003,0.014666666666666668,0.0,0.0,0.0
0.026833333333333338,0.010000000000000009,0.013833333333333336,0.02166666666666667,0.0,0.0,0.0
0.020833333333333332,0.010000000000000009,0.011333333333333334,0.015166666666666669,0.0,0.0,0.0
0.034499999999999996,0.010000000000000009,0.017,0.024833333333333332,0.0,0.0,0.0
0.02166666666666667,0.010000000000000002,0.008000000000000002,0.016666666666666666,0.0,0.0,0.0
0.021166666666666667,0.01,0.012000000000000004,0.0145,0.0,0.0,0.0
0.017,0.010000000000000002,0.010500000000000002,0.010666666666666668,0.0,0.0,0.0
0.02366666666666667,0.010000000000000009,0.011500000000000002,0.019666666666666673,0.0,0.0,0.0
0.018000000000000002,0.01,0.0085,0.013833333333333335,0.0,0.0,0.0
0.022166666666666664,0.01,0.0125,0.014666666666666668,0.0,0.0,0.0
0.025166666666666667,0.01,0.012500000000000002,0.017833333333333333,0.0,0.0,0.0
0.02316666666666667,0.01,0.008,0.01933333333333333,0.0,0.0,0.0
0.022166666666666668,0.01,0.010166666666666668,0.016833333333333332,0.0,0.0,0.0
0.0255,0.010000000000000005,0.010500000000000002,0.021500000000000002,0.0,0.0,0.0
0.02,0.01,0.012166666666666666,0.013500000000000003,0.0,0.0,0.0
0.023666666666666666,0.010000000000000009,0.012,0.01616666666666667,0.0,0.0,0.0
0.023833333333333335,0.010000000000000009,0.012166666666666668,0.017333333333333336,0.0,0.0,0.0
0.025,0.009999999999999998,0.007000000000000001,0.021666666666666664,0.0,0.0,0.0
0.020666666666666663,0.010000000000000009,0.008500000000000002,0.01633333333333333,0.0,0.0,0.0
0.02383333333333333,0.01,0.011666666666666667,0.0165,0.0,0.0,0.0
0.018666666666666665,0.01,0.009333333333333334,0.013000000000000001,0.0,0.0,0.0
0.0255,0.01,0.015000000000000001,0.0165,0.0,0.0,0.0
0.022,0.01,0.009833333333333335,0.0165,0.0,0.0,0.0
0.02866666666666667,0.010000000000000009,0.014333333333333335,0.021500000000000005,0.0,0.0,0.0
0.013666666666666667,0.009999999999999998,0.006333333333333334,0.009666666666666667,0.0,0.0,0.0
0.015499999999999998,0.009999999999999998,0.0038333333333333357,0.014499999999999997,0.0,0.0,0.0
0.02566666666666666,0.01,0.004500000000000001,0.023499999999999997,0.0,0.0,0.0
0.02633333333333333,0.010000000000000005,0.013000000000000001,0.018833333333333334,0.0,0.0,0.0
0.03033333333333333,0.010000000000000005,0.009000000000000003,0.0265,0.0,0.0,0.0
0.015333333333333332,0.01,0.010333333333333335,0.009333333333333338,0.0,0.0,0.0
0.026666666666666665,0.010000000000000002,0.010000000000000002,0.022,0.0,0.0,0.0
0.02566666666666667,0.010000000000000009,0.00816666666666667,0.022333333333333334,0.0,0.0,0.0
0.015499999999999998,0.01,0.009500000000000001,0.010833333333333335,0.0,0.0,0.0
0.01566666666666667,0.009999999999999998,0.008,0.012333333333333337,0.0,0.0,0.0
0.03166666666666666,0.010000000000000005,0.017333333333333333,0.023333333333333334,0.0,0.0,0.0
0.0315,0.010000000000000009,0.014333333333333335,0.0225,0.0,0.0,0.0
0.0235,0.01,0.0071666666666666675,0.0195,0.0,0.0,0.0
0.027833333333333328,0.010000000000000002,0.010333333333333333,0.021333333333333333,0.0,0.0,0.0
0.021333333333333333,0.010000000000000009,0.00766666666666667,0.018333333333333333,0.0,0.0,0.0
0.022833333333333334,0.010000000000000009,0.0071666666666666675,0.019500000000000003,0.0,0.0,0.0
0.021166666666666667,0.01,0.0115,0.015333333333333336,0.0,0.0,0.0
0.016333333333333335,0.010000000000000002,0.006500000000000002,0.013000000000000005,0.0,0.0,0.0
0.028500000000000004,0.010000000000000009,0.009500000000000001,0.023000000000000003,0.0,0.0,0.0
0.025000000000000005,0.010000000000000009,0.01066666666666667,0.0205,0.0,0.0,0.0
0.022500000000000003,0.009999999999999998,0.012666666666666668,0.016500000000000004,0.0,0.0,0.0
0.021333333333333333,0.01,0.013333333333333336,0.014833333333333337,0.0,0.0,0.0
0.021166666666666667,0.010000000000000005,0.008166666666666668,0.0165,0.0,0.0,0.0
0.020000000000000004,0.010000000000000002,0.005500000000000002,0.019,0.0,0.0,0.0
0.027500000000000004,0.010000000000000009,0.010166666666666668,0.022833333333333334,0.0,0.0,0.0
0.025333333333333333,0.010000000000000009,0.015833333333333335,0.01566666666666667,0.0,0.0,0.0
0.019000000000000003,0.009999999999999998,0.009666666666666667,0.014333333333333335,0.0,0.0,0.0
0.03549999999999999,0.010000000000000009,0.012166666666666666,0.02783333333333333,0.0,0.0,0.0
0.031000000000000003,0.010000000000000009,0.01266666666666667,0.02516666666666667,0.0,0.0,0.0
0.03066666666666667,0.010000000000000005,0.010666666666666665,0.023833333333333328,0.0,0.0,0.0
0.0225,0.01,0.008000000000000004,0.017666666666666667,0.0,0.0,0.0
0.02733333333333333,0.010000000000000009,0.013833333333333335,0.0205,0.0,0.0,0.0
0.02066666666666667,0.010000000000000009,0.007000000000000004,0.017666666666666667,0.0,0.0,0.0
0.015500000000000002,0.01,0.008166666666666668,0.011666666666666667,0.0,0.0,0.0
0.029333333333333333,0.01,0.009333333333333336,0.025166666666666667,0.0,0.0,0.0
0.026999999999999993,0.010000000000000002,0.016,0.01616666666666667,0.0,0.0,0.0
0.027333333333333334,0.010000000000000009,0.01216666666666667,0.020833333333333332,0.0,0.0,0.0
0.0285,0.010000000000000009,0.011333333333333334,0.022500000000000003,0.0,0.0,0.0
0.0245,0.01,0.010000000000000002,0.01983333333333333,0.0,0.0,0.0
0.0255,0.01,0.013833333333333336,0.017833333333333333,0.0,0.0,0.0
0.018500000000000003,0.010000000000000005,0.009333333333333338,0.016333333333333335,0.0,0.0,0.0
0.033,0.010000000000000009,0.018000000000000006,0.023500000000000004,0.0,0.0,0.0
0.014666666666666666,0.009999999999999998,0.0065000000000000014,0.011500000000000002,0.0,0.0,0.0
0.029999999999999995,0.010000000000000002,0.004166666666666668,0.028499999999999994,0.0,0.0,0.0
0.03133333333333333,0.010000000000000009,0.010166666666666664,0.026,0.0,0.0,0.0
0.025500000000000002,0.010000000000000009,0.011333333333333336,0.021,0.0,0.0,0.0
0.014333333333333335,0.010000000000000009,0.008833333333333335,0.010666666666666668,0.0,0.0,0.0
0.025,0.010000000000000009,0.010000000000000004,0.021666666666666664,0.0,0.0,0.0
0.023833333333333328,0.009999999999999998,0.012000000000000002,0.017499999999999998,0.0,0.0,0.0
0.021333333333333333,0.009999999999999998,0.012833333333333334,0.014500000000000006,0.0,0.0,0.0
0.02683333333333333,0.01,0.008000000000000004,0.023500000000000004,0.0,0.0,0.0
0.0265,0.010000000000000009,0.007833333333333335,0.024499999999999997,0.0,0.0,0.0
0.021000000000000005,0.010000000000000009,0.010666666666666668,0.016000000000000004,0.0,0.0,0.0
0.026000000000000002,0.010000000000000005,0.009666666666666672,0.023,0.0,0.0,0.0
0.013500000000000003,0.01,0.005000000000000003,0.011500000000000003,0.0,0.0,0.0
0.02016666666666667,0.010000000000000009,0.009333333333333336,0.015833333333333335,0.0,0.0,0.0
0.016666666666666666,0.01,0.007166666666666669,0.013666666666666667,0.0,0.0,0.0
0.029666666666666664,0.010000000000000009,0.010000000000000005,0.026,0.0,0.0,0.0
0.022833333333333334,0.010000000000000009,0.010166666666666668,0.018666666666666668,0.0,0.0,0.0
0.021500000000000002,0.010000000000000005,0.009666666666666667,0.016333333333333335,0.0,0.0,0.0
0.02283333333333333,0.010000000000000002,0.008333333333333333,0.019166666666666665,0.0,0.0,0.0
0.019333333333333334,0.010000000000000002,0.013000000000000003,0.011833333333333338,0.0,0.0,0.0
0.02883333333333333,0.010000000000000009,0.01216666666666667,0.022166666666666664,0.0,0.0,0.0
0.013000000000000003,0.009999999999999998,0.004666666666666669,0.011500000000000002,0.0,0.0,0.0
0.020000000000000004,0.01,0.005166666666666667,0.0175,0.0,0.0,0.0
0.026,0.010000000000000009,0.009666666666666672,0.023166666666666665,0.0,0.0,0.0
0.026833333333333334,0.010000000000000005,0.009833333333333336,0.021833333333333333,0.0,0.0,0.0
0.023,0.01,0.010000000000000005,0.019333333333333334,0.0,0.0,0.0
0.029666666666666664,0.010000000000000009,0.010666666666666668,0.02483333333333333,0.0,0.0,0.0
0.02766666666666667,0.010000000000000009,0.01316666666666667,0.01966666666666667,0.0,0.0,0.0
0.0175,0.01,0.0085,0.013166666666666669,0.0,0.0,0.0
0.027666666666666666,0.010000000000000009,0.012833333333333334,0.020666666666666667,0.0,0.0,0.0
0.022666666666666665,0.010000000000000009,0.010500000000000002,0.016666666666666666,0.0,0.0,0.0
0.022500000000000003,0.01,0.010166666666666668,0.0145,0.0,0.0,0.0
0.02833333333333333,0.01,0.009166666666666667,0.024166666666666666,0.0,0.0,0.0
0.026666666666666665,0.010000000000000009,0.010833333333333335,0.020833333333333332,0.0,0.0,0.0
0.02083333333333334,0.010000000000000009,0.011333333333333336,0.01516666666666667,0.0,0.0,0.0
0.023,0.010000000000000009,0.005666666666666668,0.01983333333333333,0.0,0.0,0.0
0.020166666666666666,0.01,0.005333333333333334,0.017666666666666664,0.0,0.0,0.0
0.02733333333333333,0.010000000000000005,0.012000000000000002,0.021500000000000002,0.0,0.0,0.0
0.029833333333333333,0.010000000000000002,0.010833333333333335,0.023500000000000004,0.0,0.0,0.0
0.0245,0.010000000000000005,0.007666666666666668,0.020166666666666663,0.0,0.0,0.0
0.017333333333333333,0.010000000000000009,0.006166666666666668,0.014333333333333335,0.0,0.0,0.0
0.021666666666666664,0.01,0.0115,0.016,0.0,0.0,0.0
0.024666666666666667,0.010000000000000009,0.012666666666666666,0.016333333333333335,0.0,0.0,0.0
0.020666666666666667,0.010000000000000002,0.011666666666666669,0.013666666666666667,0.0,0.0,0.0
0.021333333333333336,0.010000000000000005,0.00766666666666667,0.018333333333333333,0.0,0.0,0.0
0.023833333333333335,0.010000000000000009,0.007000000000000002,0.0205,0.0,0.0,0.0
0.029499999999999995,0.010000000000000009,0.010333333333333335,0.024166666666666663,0.0,0.0,0.0
0.0215,0.01,0.011166666666666665,0.01633333333333333,0.0,0.0,0.0
0.018166666666666668,0.01,0.006333333333333335,0.014833333333333332,0.0,0.0,0.0
0.018333333333333344,0.01,0.007000000000000003,0.014000000000000004,0.0,0.0,0.0
0.01633333333333333,0.009999999999999998,0.004333333333333336,0.014999999999999998,0.0,0.0,0.0
0.026500000000000003,0.010000000000000009,0.012833333333333334,0.018833333333333334,0.0,0.0,0.0
0.024166666666666666,0.01,0.007500000000000001,0.020166666666666666,0.0,0.0,0.0
0.01983333333333333,0.010000000000000009,0.007833333333333335,0.01616666666666667,0.0,0.0,0.0
0.023000000000000003,0.010000000000000009,0.012333333333333335,0.015333333333333338,0.0,0.0,0.0
0.026166666666666668,0.010000000000000009,0.010000000000000002,0.020666666666666667,0.0,0.0,0.0
0.027166666666666665,0.010000000000000009,0.013666666666666666,0.019500000000000003,0.0,0.0,0.0
0.024166666666666663,0.010000000000000002,0.008000000000000002,0.02033333333333333,0.0,0.0,0.0
0.021,0.010000000000000002,0.0135,0.01216666666666667,0.0,0.0,0.0
0.029500000000000002,0.010000000000000005,0.008833333333333335,0.025666666666666667,0.0,0.0,0.0
0.011000000000000001,0.009999999999999998,0.006500000000000002,0.008333333333333335,0.0,0.0,0.0
0.021833333333333333,0.009999999999999998,0.011666666666666667,0.014333333333333335,0.0,0.0,0.0
0.018000000000000006,0.01,0.00616666666666667,0.01666666666666667,0.0,0.0,0.0
0.03366666666666666,0.010000000000000009,0.009166666666666667,0.027833333333333335,0.0,0.0,0.0
0.02266666666666667,0.010000000000000009,0.010666666666666668,0.018833333333333334,0.0,0.0,0.0
0.015500000000000005,0.01,0.005500000000000003,0.013000000000000003,0.0,0.0,0.0
0.016666666666666666,0.010000000000000009,0.006833333333333335,0.013999999999999997,0.0,0.0,0.0
0.019666666666666666,0.01,0.008833333333333334,0.016,0.0,0.0,0.0
0.023833333333333328,0.01,0.008500000000000002,0.020833333333333332,0.0,0.0,0.0
0.0205,0.01,0.005166666666666668,0.018500000000000003,0.0,0.0,0.0
0.020999999999999998,0.01,0.007333333333333335,0.017666666666666664,0.0,0.0,0.0
0.024833333333333332,0.010000000000000009,0.008666666666666671,0.022500000000000003,0.0,0.0,0.0
0.013666666666666669,0.009999999999999998,0.005500000000000003,0.012333333333333337,0.0,0.0,0.0
0.019666666666666666,0.009999999999999998,0.005833333333333335,0.01816666666666666,0.0,0.0,0.0
0.03183333333333333,0.01,0.011666666666666669,0.025166666666666664,0.0,0.0,0.0
0.025166666666666667,0.010000000000000009,0.012333333333333335,0.020333333333333335,0.0,0.0,0.0
0.022166666666666668,0.01,0.009166666666666665,0.01616666666666667,0.0,0.0,0.0
0.02733333333333333,0.009999999999999998,0.011166666666666667,0.020333333333333335,0.0,0.0,0.0
0.022500000000000003,0.01,0.009000000000000001,0.017500000000000005,0.0,0.0,0.0
0.016166666666666666,0.009999999999999998,0.006500000000000001,0.012833333333333332,0.0,0.0,0.0
0.01633333333333333,0.010000000000000005,0.004166666666666668,0.014333333333333333,0.0,0.0,0.0
0.02166666666666666,0.009999999999999998,0.007499999999999999,0.01683333333333333,0.0,0.0,0.0
0.02,0.010000000000000002,0.010333333333333335,0.01583333333333333,0.0,0.0,0.0
0.025000000000000005,0.010000000000000005,0.010500000000000002,0.018166666666666668,0.0,0.0,0.0
0.019000000000000003,0.01,0.011833333333333335,0.011833333333333336,0.0,0.0,0.0
0.02583333333333333,0.010000000000000005,0.017000000000000005,0.01666666666666667,0.0,0.0,0.0
0.017499999999999998,0.01,0.010833333333333335,0.011666666666666669,0.0,0.0,0.0
0.026500000000000003,0.010000000000000009,0.005166666666666668,0.023,0.0,0.0,0.0
0.022166666666666664,0.01,0.005500000000000001,0.019333333333333334,0.0,0.0,0.0
0.024666666666666667,0.010000000000000002,0.010333333333333335,0.019000000000000006,0.0,0.0,0.0
0.019333333333333334,0.010000000000000002,0.009333333333333338,0.01566666666666667,0.0,0.0,0.0
0.026,0.010000000000000009,0.007000000000000002,0.02266666666666667,0.0,0.0,0.0
0.02633333333333333,0.01,0.010333333333333333,0.019499999999999997,0.0,0.0,0.0
0.02833333333333333,0.010000000000000005,0.01666666666666667,0.02033333333333333,0.0,0.0,0.0
0.02916666666666667,0.010000000000000009,0.018000000000000006,0.01916666666666667,0.0,0.0,0.0
0.018833333333333334,0.009999999999999998,0.009333333333333338,0.01616666666666667,0.0,0.0,0.0
0.024666666666666663,0.01,0.010500000000000002,0.018333333333333333,0.0,0.0,0.0
0.026000000000000002,0.010000000000000009,0.012333333333333337,0.020666666666666667,0.0,0.0,0.0
0.023000000000000003,0.010000000000000009,0.010166666666666668,0.018166666666666668,0.0,0.0,0.0
0.022500000000000003,0.01,0.011500000000000002,0.015333333333333334,0.0,0.0,0.0
0.0195,0.01,0.007500000000000002,0.01583333333333333,0.0,0.0,0.0
0.01916666666666667,0.010000000000000009,0.012000000000000004,0.013333333333333334,0.0,0.0,0.0
0.0245,0.010000000000000009,0.0115,0.018166666666666668,0.0,0.0,0.0
0.02666666666666667,0.010000000000000009,0.010000000000000002,0.021000000000000005,0.0,0.0,0.0
0.026166666666666668,0.01,0.008666666666666668,0.02266666666666667,0.0,0.0,0.0
0.022666666666666672,0.010000000000000009,0.015166666666666667,0.014000000000000005,0.0,0.0,0.0
0.028999999999999995,0.010000000000000009,0.0115,0.02383333333333333,0.0,0.0,0.0
0.022333333333333337,0.010000000000000009,0.009500000000000005,0.018166666666666668,0.0,0.0,0.0
0.024,0.010000000000000009,0.012333333333333335,0.018000000000000002,0.0,0.0,0.0
0.017,0.01,0.0045000000000000005,0.015499999999999998,0.0,0.0,0.0
0.021166666666666667,0.010000000000000009,0.009833333333333338,0.018333333333333333,0.0,0.0,0.0
0.03133333333333333,0.010000000000000009,0.011666666666666665,0.02483333333333333,0.0,0.0,0.0
0.028499999999999994,0.010000000000000009,0.011000000000000006,0.024666666666666667,0.0,0.0,0.0
0.018166666666666668,0.010000000000000005,0.007666666666666668,0.014666666666666668,0.0,0.0,0.0
0.024333333333333332,0.010000000000000009,0.011500000000000003,0.017666666666666667,0.0,0.0,0.0
0.024000000000000004,0.010000000000000009,0.010833333333333335,0.018833333333333334,0.0,0.0,0.0
0.025833333333333333,0.01,0.010333333333333335,0.02283333333333333,0.0,0.0,0.0
0.019666666666666666,0.010000000000000009,0.008500000000000004,0.016,0.0,0.0,0.0
0.020333333333333335,0.010000000000000005,0.009333333333333338,0.016333333333333335,0.0,0.0,0.0
0.021500000000000005,0.01,0.007333333333333333,0.016833333333333332,0.0,0.0,0.0
0.02733333333333333,0.010000000000000009,0.011500000000000005,0.0235,0.0,0.0,0.0
0.0185,0.01,0.011166666666666668,0.013000000000000005,0.0,0.0,0.0
0.025333333333333333,0.010000000000000009,0.010166666666666668,0.020666666666666667,0.0,0.0,0.0
0.030000000000000002,0.010000000000000009,0.010166666666666668,0.025333333333333333,0.0,0.0,0.0
0.02616666666666667,0.010000000000000009,0.014333333333333333,0.018333333333333337,0.0,0.0,0.0
0.023666666666666666,0.01,0.0135,0.016000000000000004,0.0,0.0,0.0
0.034,0.010000000000000009,0.012500000000000002,0.026000000000000002,0.0,0.0,0.0
0.023166666666666665,0.009999999999999998,0.007666666666666666,0.019166666666666665,0.0,0.0,0.0
0.019999999999999997,0.009999999999999998,0.008666666666666666,0.014499999999999997,0.0,0.0,0.0
0.01633333333333333,0.009999999999999998,0.008166666666666666,0.011666666666666667,0.0,0.0,0.0
0.020333333333333335,0.009999999999999998,0.004833333333333338,0.0195,0.0,0.0,0.0
0.013000000000000005,0.009999999999999998,0.0066666666666666706,0.011333333333333336,0.0,0.0,0.0
0.023000000000000007,0.009999999999999998,0.008833333333333334,0.018333333333333333,0.0,0.0,0.0
0.034499999999999996,0.010000000000000009,0.012833333333333335,0.02766666666666667,0.0,0.0,0.0
0.027166666666666665,0.010000000000000005,0.009500000000000003,0.023333333333333334,0.0,0.0,0.0
0.02166666666666667,0.010000000000000009,0.008833333333333337,0.018666666666666668,0.0,0.0,0.0
0.032499999999999994,0.010000000000000009,0.014,0.02533333333333333,0.0,0.0,0.0
0.02666666666666666,0.01,0.010500000000000004,0.021333333333333333,0.0,0.0,0.0
0.02733333333333333,0.010000000000000005,0.011833333333333335,0.019833333333333335,0.0,0.0,0.0
0.028166666666666666,0.010000000000000009,0.010666666666666668,0.02266666666666667,0.0,0.0,0.0
0.029500000000000002,0.010000000000000009,0.015833333333333335,0.021333333333333333,0.0,0.0,0.0
0.02583333333333333,0.010000000000000009,0.013500000000000002,0.019166666666666665,0.0,0.0,0.0
0.014666666666666672,0.010000000000000002,0.00766666666666667,0.01166666666666667,0.0,0.0,0.0
0.02666666666666667,0.010000000000000009,0.012500000000000002,0.019833333333333338,0.0,0.0,0.0
0.018833333333333334,0.01,0.008666666666666666,0.014833333333333336,0.0,0.0,0.0
0.022166666666666664,0.010000000000000005,0.008666666666666668,0.01683333333333333,0.0,0.0,0.0
0.0185,0.01,0.0058333333333333345,0.016666666666666666,0.0,0.0,0.0
0.023666666666666662,0.010000000000000009,0.008000000000000002,0.020999999999999998,0.0,0.0,0.0
0.026166666666666668,0.010000000000000009,0.009000000000000003,0.021333333333333333,0.0,0.0,0.0
0.03066666666666667,0.010000000000000009,0.016000000000000004,0.022166666666666668,0.0,0.0,0.0
0.01566666666666667,0.01,0.0075000000000000015,0.0125,0.0,0.0,0.0
0.02316666666666667,0.010000000000000009,0.010833333333333334,0.017333333333333333,0.0,0.0,0.0
0.026166666666666664,0.010000000000000009,0.01216666666666667,0.02,0.0,0.0,0.0
0.02033333333333333,0.01,0.008166666666666666,0.016,0.0,0.0,0.0
0.018833333333333334,0.009999999999999998,0.008833333333333337,0.015000000000000003,0.0,0.0,0.0
0.02333333333333333,0.010000000000000009,0.010833333333333335,0.01916666666666667,0.0,0.0,0.0
0.026333333333333334,0.010000000000000005,0.012333333333333333,0.019333333333333334,0.0,0.0,0.0
0.021,0.010000000000000005,0.012833333333333337,0.014000000000000002,0.0,0.0,0.0
0.021500000000000002,0.01,0.012,0.01416666666666667,0.0,0.0,0.0
0.02283333333333333,0.010000000000000002,0.012333333333333333,0.01416666666666667,0.0,0.0,0.0
0.02266666666666667,0.010000000000000005,0.007833333333333336,0.019833333333333335,0.0,0.0,0.0
0.017666666666666667,0.010000000000000009,0.007000000000000004,0.015333333333333332,0.0,0.0,0.0
0.0235,0.01,0.008500000000000002,0.019500000000000003,0.0,0.0,0.0
0.021,0.010000000000000009,0.009666666666666669,0.016500000000000004,0.0,0.0,0.0
0.023333333333333334,0.010000000000000009,0.004500000000000002,0.022333333333333334,0.0,0.0,0.0
0.0215,0.010000000000000002,0.011833333333333338,0.0165,0.0,0.0,0.0
0.021666666666666664,0.01,0.012833333333333334,0.014833333333333336,0.0,0.0,0.0
0.0195,0.010000000000000002,0.010666666666666668,0.013666666666666667,0.0,0.0,0.0
0.03149999999999999,0.010000000000000009,0.012666666666666668,0.024999999999999998,0.0,0.0,0.0
0.022166666666666668,0.010000000000000009,0.008666666666666668,0.017833333333333333,0.0,0.0,0.0
0.020166666666666666,0.010000000000000005,0.010500000000000002,0.015333333333333336,0.0,0.0,0.0
0.02283333333333333,0.009999999999999998,0.004666666666666669,0.0215,0.0,0.0,0.0
0.02033333333333333,0.01,0.006666666666666668,0.016499999999999997,0.0,0.0,0.0
0.027,0.010000000000000009,0.0125,0.02033333333333333,0.0,0.0,0.0
0.01766666666666667,0.01,0.011000000000000005,0.01316666666666667,0.0,0.0,0.0
0.02566666666666667,0.010000000000000009,0.0105,0.020666666666666667,0.0,0.0,0.0
0.02533333333333333,0.010000000000000005,0.009333333333333334,0.02,0.0,0.0,0.0
0.020999999999999998,0.01,0.010500000000000002,0.015000000000000003,0.0,0.0,0.0
0.02233333333333333,0.010000000000000009,0.010333333333333335,0.017166666666666667,0.0,0.0,0.0
0.017,0.009999999999999998,0.005666666666666668,0.014833333333333334,0.0,0.0,0.0
0.0245,0.010000000000000002,0.007833333333333335,0.020666666666666667,0.0,0.0,0.0
0.028999999999999995,0.010000000000000005,0.011333333333333336,0.02233333333333333,0.0,0.0,0.0
0.025666666666666667,0.010000000000000009,0.013666666666666669,0.019666666666666666,0.0,0.0,0.0
0.024666666666666667,0.010000000000000009,0.009666666666666669,0.0205,0.0,0.0,0.0
0.033499999999999995,0.010000000000000009,0.01616666666666667,0.024333333333333332,0.0,0.0,0.0
0.025666666666666664,0.010000000000000005,0.009333333333333334,0.021166666666666663,0.0,0.0,0.0
0.027000000000000003,0.010000000000000009,0.011166666666666668,0.02333333333333333,0.0,0.0,0.0
0.022166666666666664,0.01,0.0068333333333333345,0.018500000000000003,0.0,0.0,0.0
0.016666666666666666,0.01,0.004666666666666669,0.014666666666666668,0.0,0.0,0.0
0.02033333333333333,0.010000000000000002,0.013666666666666669,0.013166666666666667,0.0,0.0,0.0
0.021333333333333333,0.010000000000000002,0.009333333333333338,0.017833333333333333,0.0,0.0,0.0
0.021666666666666667,0.01,0.007666666666666668,0.017666666666666667,0.0,0.0,0.0
0.021500000000000002,0.01,0.006833333333333334,0.0185,0.0,0.0,0.0
0.018000000000000002,0.010000000000000009,0.008000000000000004,0.015166666666666665,0.0,0.0,0.0
0.021500000000000002,0.009999999999999998,0.011166666666666668,0.015833333333333335,0.0,0.0,0.0
0.021,0.009999999999999998,0.005333333333333334,0.018833333333333337,0.0,0.0,0.0
0.023666666666666666,0.010000000000000009,0.016000000000000004,0.015166666666666669,0.0,0.0,0.0
0.02166666666666667,0.010000000000000009,0.013000000000000003,0.014666666666666672,0.0,0.0,0.0
0.018000000000000006,0.01,0.007500000000000005,0.015333333333333336,0.0,0.0,0.0
0.02366666666666667,0.010000000000000009,0.006333333333333335,0.0205,0.0,0.0,0.0
0.022166666666666664,0.010000000000000002,0.012833333333333334,0.015166666666666669,0.0,0.0,0.0
0.024499999999999997,0.010000000000000002,0.01016666666666667,0.02,0.0,0.0,0.0
0.026500000000000003,0.010000000000000005,0.007166666666666669,0.023500000000000004,0.0,0.0,0.0
0.015000000000000003,0.010000000000000002,0.007166666666666669,0.012166666666666668,0.0,0.0,0.0
0.016,0.010000000000000009,0.0065000000000000014,0.012666666666666668,0.0,0.0,0.0
0.02233333333333333,0.010000000000000009,0.014833333333333336,0.015500000000000003,0.0,0.0,0.0
0.029166666666666667,0.010000000000000009,0.009666666666666672,0.026000000000000002,0.0,0.0,0.0
0.022,0.01,0.004666666666666667,0.0195,0.0,0.0,0.0
0.019000000000000003,0.010000000000000009,0.006833333333333336,0.015833333333333335,0.0,0.0,0.0
0.022333333333333334,0.010000000000000009,0.008166666666666668,0.0175,0.0,0.0,0.0
0.020500000000000004,0.01,0.006833333333333338,0.019000000000000003,0.0,0.0,0.0
0.023,0.010000000000000002,0.009666666666666667,0.017666666666666667,0.0,0.0,0.0
0.028166666666666663,0.010000000000000009,0.012333333333333333,0.02,0.0,0.0,0.0
0.016666666666666666,0.009999999999999998,0.0085,0.012,0.0,0.0,0.0
0.029833333333333333,0.010000000000000009,0.016833333333333336,0.020000000000000004,0.0,0.0,0.0
0.029500000000000005,0.010000000000000009,0.013166666666666667,0.021333333333333333,0.0,0.0,0.0
0.025166666666666667,0.010000000000000009,0.013333333333333336,0.019000000000000003,0.0,0.0,0.0
0.025,0.010000000000000005,0.013333333333333338,0.019833333333333335,0.0,0.0,0.0
0.02783333333333333,0.010000000000000009,0.01583333333333333,0.018000000000000002,0.0,0.0,0.0
0.019333333333333334,0.009999999999999998,0.007666666666666671,0.01666666666666667,0.0,0.0,0.0
0.02233333333333333,0.010000000000000009,0.007333333333333334,0.01883333333333333,0.0,0.0,0.0
0.017666666666666667,0.009999999999999998,0.008500000000000002,0.013333333333333336,0.0,0.0,0.0
0.017000000000000005,0.009999999999999998,0.008500000000000004,0.012833333333333337,0.0,0.0,0.0
0.021666666666666664,0.010000000000000009,0.008500000000000002,0.017333333333333333,0.0,0.0,0.0
0.0235,0.010000000000000009,0.009500000000000001,0.0195,0.0,0.0,0.0
0.018500000000000006,0.01,0.008500000000000004,0.013666666666666669,0.0,0.0,0.0
0.033666666666666664,0.010000000000000009,0.011833333333333335,0.02766666666666667,0.0,0.0,0.0
0.019833333333333335,0.010000000000000005,0.008166666666666671,0.0175,0.0,0.0,0.0
0.025833333333333333,0.010000000000000009,0.011166666666666668,0.019500000000000003,0.0,0.0,0.0
0.018833333333333334,0.01,0.006166666666666669,0.016666666666666666,0.0,0.0,0.0
0.021833333333333333,0.010000000000000009,0.01066666666666667,0.01666666666666667,0.0,0.0,0.0
0.02716666666666667,0.01,0.0115,0.019666666666666666,0.0,0.0,0.0
0.027333333333333334,0.010000000000000009,0.015166666666666669,0.01966666666666667,0.0,0.0,0.0
0.019666666666666666,0.01,0.006166666666666668,0.017833333333333333,0.0,0.0,0.0
0.023833333333333335,0.010000000000000009,0.0075000000000000015,0.020833333333333332,0.0,0.0,0.0
0.022000000000000002,0.010000000000000005,0.011166666666666668,0.016333333333333335,0.0,0.0,0.0
0.019833333333333335,0.009999999999999998,0.010666666666666668,0.013666666666666669,0.0,0.0,0.0
0.01716666666666667,0.010000000000000002,0.010166666666666668,0.011833333333333335,0.0,0.0,0.0
0.025833333333333337,0.010000000000000009,0.011000000000000003,0.02116666666666667,0.0,0.0,0.0
0.023666666666666666,0.010000000000000002,0.005333333333333335,0.021166666666666663,0.0,0.0,0.0
0.025333333333333333,0.010000000000000009,0.009000000000000001,0.022000000000000006,0.0,0.0,0.0
0.01616666666666667,0.009999999999999998,0.008833333333333334,0.011500000000000003,0.0,0.0,0.0
0.021333333333333333,0.01,0.010166666666666668,0.017,0.0,0.0,0.0
0.017666666666666667,0.009999999999999998,0.007833333333333336,0.014666666666666666,0.0,0.0,0.0
0.0275,0.010000000000000009,0.011000000000000001,0.02283333333333333,0.0,0.0,0.0
0.017833333333333333,0.01,0.007166666666666669,0.015333333333333334,0.0,0.0,0.0
0.02583333333333333,0.01,0.008,0.021166666666666663,0.0,0.0,0.0
0.031999999999999994,0.010000000000000009,0.0075000000000000015,0.02833333333333333,0.0,0.0,0.0
0.017000000000000005,0.009999999999999998,0.006166666666666668,0.014000000000000002,0.0,0.0,0.0
0.029166666666666667,0.010000000000000009,0.015499999999999998,0.018833333333333334,0.0,0.0,0.0
0.0205,0.010000000000000009,0.009166666666666672,0.0165,0.0,0.0,0.0
0.024,0.01,0.009833333333333336,0.02033333333333333,0.0,0.0,0.0
0.019333333333333338,0.010000000000000005,0.00666666666666667,0.01816666666666667,0.0,0.0,0.0
0.02583333333333333,0.010000000000000002,0.014166666666666666,0.018500000000000003,0.0,0.0,0.0
0.027166666666666665,0.010000000000000009,0.007333333333333338,0.0245,0.0,0.0,0.0
0.015500000000000002,0.010000000000000005,0.0068333333333333345,0.013166666666666669,0.0,0.0,0.0
0.02733333333333333,0.01,0.013833333333333335,0.019000000000000003,0.0,0.0,0.0
0.0275,0.010000000000000009,0.008000000000000002,0.023500000000000004,0.0,0.0,0.0
0.023500000000000004,0.010000000000000009,0.011833333333333336,0.01716666666666667,0.0,0.0,0.0
0.029833333333333333,0.010000000000000009,0.006833333333333335,0.0265,0.0,0.0,0.0
0.022833333333333334,0.010000000000000009,0.011666666666666669,0.018500000000000003,0.0,0.0,0.0
0.021333333333333333,0.010000000000000005,0.005666666666666668,0.01916666666666667,0.0,0.0,0.0
0.026166666666666668,0.010000000000000009,0.011333333333333338,0.020666666666666667,0.0,0.0,0.0
0.023833333333333335,0.010000000000000009,0.010500000000000002,0.016833333333333332,0.0,0.0,0.0
0.019166666666666665,0.010000000000000009,0.00416666666666667,0.01783333333333333,0.0,0.0,0.0
0.022333333333333334,0.010000000000000009,0.008500000000000002,0.01983333333333333,0.0,0.0,0.0
0.020666666666666667,0.010000000000000009,0.006833333333333334,0.017,0.0,0.0,0.0
0.02983333333333333,0.01,0.009,0.0255,0.0,0.0,0.0
0.022000000000000002,0.010000000000000009,0.008833333333333335,0.018000000000000002,0.0,0.0,0.0
0.013166666666666667,0.010000000000000005,0.0045000000000000005,0.011000000000000003,0.0,0.0,0.0
0.02316666666666667,0.010000000000000009,0.011333333333333336,0.01766666666666667,0.0,0.0,0.0
0.028166666666666666,0.010000000000000005,0.011333333333333336,0.022166666666666664,0.0,0.0,0.0
0.026166666666666664,0.009999999999999998,0.010833333333333334,0.020333333333333335,0.0,0.0,0.0
0.022333333333333334,0.01,0.010666666666666668,0.01716666666666667,0.0,0.0,0.0
0.022833333333333334,0.010000000000000002,0.015000000000000003,0.01516666666666667,0.0,0.0,0.0
0.011166666666666667,0.004999999999999999,0.0033333333333333335,0.009166666666666667,0.0,0.0,0.0
0.028833333333333332,0.010000000000000009,0.012833333333333335,0.020833333333333332,0.0,0.0,0.0
0.022166666666666668,0.010000000000000009,0.008333333333333335,0.017166666666666667,0.0,0.0,0.0
0.024666666666666663,0.01,0.01583333333333333,0.015166666666666669,0.0,0.0,0.0
0.021333333333333336,0.01,0.014166666666666668,0.013000000000000001,0.0,0.0,0.0
0.027166666666666662,0.01,0.009333333333333336,0.023,0.0,0.0,0.0
0.02033333333333333,0.01,0.008,0.01616666666666667,0.0,0.0,0.0
0.0205,0.010000000000000002,0.009666666666666667,0.015000000000000003,0.0,0.0,0.0
0.022333333333333334,0.010000000000000009,0.01633333333333333,0.01316666666666667,0.0,0.0,0.0
0.022666666666666672,0.010000000000000002,0.011833333333333336,0.017500000000000005,0.0,0.0,0.0
0.01883333333333333,0.01,0.010666666666666666,0.013666666666666666,0.0,0.0,0.0
0.020000000000000004,0.010000000000000009,0.009666666666666667,0.01616666666666667,0.0,0.0,0.0
0.027333333333333328,0.009999999999999998,0.008833333333333337,0.024499999999999997,0.0,0.0,0.0
0.028666666666666667,0.010000000000000009,0.010833333333333337,0.022833333333333334,0.0,0.0,0.0
0.029666666666666664,0.010000000000000009,0.007500000000000003,0.026666666666666665,0.0,0.0,0.0
0.03366666666666666,0.010000000000000009,0.011333333333333338,0.028999999999999995,0.0,0.0,0.0
0.027999999999999994,0.010000000000000002,0.008833333333333335,0.024666666666666667,0.0,0.0,0.0
0.0265,0.010000000000000009,0.011500000000000003,0.020666666666666667,0.0,0.0,0.0
0.022166666666666664,0.009999999999999998,0.006166666666666667,0.017333333333333333,0.0,0.0,0.0
0.01616666666666667,0.010000000000000005,0.011333333333333336,0.010833333333333337,0.0,0.0,0.0
0.024166666666666666,0.010000000000000009,0.011500000000000003,0.018166666666666668,0.0,0.0,0.0
0.023999999999999997,0.010000000000000009,0.009666666666666667,0.01916666666666666,0.0,0.0,0.0
0.029499999999999995,0.010000000000000009,0.011,0.023500000000000004,0.0,0.0,0.0
0.018666666666666668,0.009999999999999998,0.007000000000000003,0.016500000000000004,0.0,0.0,0.0
0.02183333333333333,0.009999999999999998,0.009500000000000001,0.016,0.0,0.0,0.0
0.018666666666666668,0.010000000000000009,0.005500000000000005,0.017,0.0,0.0,0.0
0.01983333333333333,0.010000000000000009,0.008333333333333337,0.016,0.0,0.0,0.0
0.029166666666666664,0.01,0.012333333333333333,0.021000000000000005,0.0,0.0,0.0
0.030166666666666665,0.010000000000000002,0.011666666666666669,0.024999999999999998,0.0,0.0,0.0
0.023833333333333335,0.009999999999999998,0.007833333333333336,0.021500000000000002,0.0,0.0,0.0
0.03116666666666667,0.010000000000000009,0.020166666666666666,0.019833333333333338,0.0,0.0,0.0
0.024,0.010000000000000009,0.011500000000000002,0.017166666666666667,0.0,0.0,0.0
0.02766666666666667,0.010000000000000009,0.010333333333333333,0.021500000000000002,0.0,0.0,0.0
0.021333333333333333,0.010000000000000002,0.008333333333333333,0.017666666666666667,0.0,0.0,0.0
0.01733333333333333,0.01,0.0036666666666666675,0.016166666666666666,0.0,0.0,0.0
0.019500000000000003,0.01,0.009833333333333335,0.013500000000000003,0.0,0.0,0.0
0.02233333333333333,0.009999999999999998,0.006333333333333335,0.01833333333333333,0.0,0.0,0.0
0.0215,0.010000000000000002,0.012333333333333335,0.015500000000000002,0.0,0.0,0.0
0.021500000000000002,0.010000000000000009,0.009666666666666667,0.0175,0.0,0.0,0.0
0.017666666666666667,0.01,0.008833333333333334,0.012333333333333337,0.0,0.0,0.0
0.027,0.01,0.012,0.01966666666666667,0.0,0.0,0.0
0.017,0.010000000000000005,0.005000000000000003,0.015166666666666667,0.0,0.0,0.0
0.019666666666666666,0.010000000000000009,0.009000000000000003,0.014999999999999998,0.0,0.0,0.0
0.03683333333333332,0.010000000000000009,0.01466666666666667,0.030833333333333334,0.0,0.0,0.0
0.022333333333333334,0.01,0.00516666666666667,0.022000000000000002,0.0,0.0,0.0
0.02583333333333333,0.010000000000000005,0.010333333333333333,0.019500000000000003,0.0,0.0,0.0
0.024666666666666667,0.010000000000000009,0.012500000000000004,0.0175,0.0,0.0,0.0
0.028,0.019999999999999997,0.013500000000000003,0.021,0.0,0.0,0.0
0.025666666666666664,0.009999999999999998,0.010166666666666666,0.02016666666666667,0.0,0.0,0.0
0.02583333333333333,0.010000000000000009,0.010166666666666668,0.020333333333333335,0.0,0.0,0.0
0.023166666666666662,0.01,0.010000000000000002,0.018333333333333333,0.0,0.0,0.0
0.018000000000000002,0.01,0.007166666666666669,0.015000000000000001,0.0,0.0,0.0
0.021833333333333333,0.010000000000000005,0.009666666666666667,0.017,0.0,0.0,0.0
0.026166666666666668,0.010000000000000009,0.010833333333333334,0.01966666666666667,0.0,0.0,0.0
0.03483333333333331,0.010000000000000009,0.014500000000000002,0.025666666666666667,0.0,0.0,0.0
0.023999999999999997,0.010000000000000002,0.015166666666666669,0.015333333333333336,0.0,0.0,0.0
0.028333333333333332,0.010000000000000009,0.009166666666666667,0.02383333333333333,0.0,0.0,0.0
0.02633333333333333,0.01,0.007833333333333336,0.0225,0.0,0.0,0.0
0.03066666666666666,0.010000000000000009,0.017166666666666663,0.019333333333333334,0.0,0.0,0.0
0.02733333333333333,0.010000000000000009,0.01583333333333333,0.017166666666666667,0.0,0.0,0.0
0.024666666666666667,0.01,0.007500000000000002,0.02033333333333333,0.0,0.0,0.0
0.021500000000000002,0.01,0.008000000000000005,0.0195,0.0,0.0,0.0
0.022999999999999996,0.009999999999999998,0.012333333333333333,0.016,0.0,0.0,0.0
0.02733333333333333,0.010000000000000009,0.014333333333333333,0.018833333333333334,0.0,0.0,0.0
0.028166666666666666,0.010000000000000009,0.0175,0.019500000000000007,0.0,0.0,0.0
0.02516666666666667,0.010000000000000009,0.015500000000000005,0.01716666666666667,0.0,0.0,0.0
0.021,0.010000000000000005,0.007666666666666666,0.01633333333333333,0.0,0.0,0.0
0.021333333333333333,0.010000000000000009,0.008333333333333337,0.018666666666666668,0.0,0.0,0.0
0.02966666666666667,0.009999999999999998,0.010333333333333333,0.02266666666666667,0.0,0.0,0.0
0.02333333333333333,0.010000000000000009,0.017333333333333333,0.01416666666666667,0.0,0.0,0.0
0.022333333333333334,0.009999999999999998,0.009000000000000001,0.016833333333333332,0.0,0.0,0.0
0.02683333333333333,0.01,0.0165,0.017666666666666667,0.0,0.0,0.0
0.02433333333333333,0.010000000000000005,0.011000000000000003,0.019000000000000003,0.0,0.0,0.0
0.022666666666666665,0.01,0.013833333333333335,0.015500000000000003,0.0,0.0,0.0
0.024000000000000004,0.010000000000000009,0.012000000000000004,0.01766666666666667,0.0,0.0,0.0
0.03483333333333332,0.015000000000000003,0.012333333333333337,0.02983333333333333,0.0,0.0,0.0
0.0165,0.009999999999999998,0.011166666666666665,0.010500000000000002,0.0,0.0,0.0
0.024,0.010000000000000005,0.009500000000000001,0.018333333333333333,0.0,0.0,0.0
0.019500000000000003,0.010000000000000009,0.012166666666666668,0.01166666666666667,0.0,0.0,0.0
0.03116666666666667,0.010000000000000009,0.013333333333333336,0.025333333333333333,0.0,0.0,0.0
0.0185,0.009999999999999998,0.0075000000000000015,0.013666666666666666,0.0,0.0,0.0
0.02266666666666667,0.01,0.010666666666666666,0.0165,0.0,0.0,0.0
0.020666666666666667,0.010000000000000009,0.01016666666666667,0.015499999999999998,0.0,0.0,0.0
0.027000000000000003,0.010000000000000005,0.01683333333333333,0.015000000000000005,0.0,0.0,0.0
0.028833333333333332,0.010000000000000002,0.014166666666666668,0.020500000000000004,0.0,0.0,0.0
0.016666666666666666,0.009999999999999998,0.008333333333333333,0.012,0.0,0.0,0.0
0.022499999999999996,0.0,0.010166666666666668,0.01683333333333333,0.0,0.0,0.0
0.02883333333333333,0.010000000000000005,0.009666666666666669,0.024666666666666667,0.0,0.0,0.0
0.02,0.01,0.009666666666666667,0.015500000000000003,0.0,0.0,0.0
0.01633333333333333,0.010000000000000002,0.007833333333333335,0.012666666666666666,0.0,0.0,0.0
0.026000000000000006,0.010000000000000009,0.014833333333333336,0.018833333333333337,0.0,0.0,0.0
0.019333333333333334,0.010000000000000009,0.010499999999999999,0.013333333333333336,0.0,0.0,0.0
0.025333333333333326,0.01,0.011500000000000002,0.02033333333333333,0.0,0.0,0.0
0.023666666666666666,0.010000000000000009,0.0071666666666666675,0.021666666666666667,0.0,0.0,0.0
0.02016666666666667,0.010000000000000002,0.012666666666666665,0.012833333333333337,0.0,0.0,0.0
0.024166666666666666,0.009999999999999998,0.005833333333333337,0.02266666666666667,0.0,0.0,0.0
0.020333333333333335,0.010000000000000009,0.009666666666666672,0.016000000000000004,0.0,0.0,0.0
0.029833333333333333,0.010000000000000005,0.011166666666666667,0.024166666666666663,0.0,0.0,0.0
0.026833333333333334,0.010000000000000009,0.015833333333333335,0.018833333333333334,0.0,0.0,0.0
0.034166666666666665,0.010000000000000009,0.014833333333333336,0.026000000000000002,0.0,0.0,0.0
0.019666666666666666,0.010000000000000002,0.009000000000000001,0.015000000000000003,0.0,0.0,0.0
0.022500000000000003,0.010000000000000005,0.009333333333333334,0.017666666666666667,0.0,0.0,0.0
0.025500000000000002,0.010000000000000009,0.0165,0.01633333333333334,0.0,0.0,0.0
0.021166666666666667,0.010000000000000005,0.010000000000000002,0.016333333333333335,0.0,0.0,0.0
0.01566666666666667,0.010000000000000005,0.004166666666666667,0.013500000000000005,0.0,0.0,0.0
0.022333333333333334,0.010000000000000009,0.01633333333333333,0.014000000000000005,0.0,0.0,0.0
0.02366666666666667,0.010000000000000009,0.008333333333333337,0.02166666666666667,0.0,0.0,0.0
0.0175,0.009999999999999998,0.009166666666666668,0.013333333333333334,0.0,0.0,0.0
0.027999999999999994,0.010000000000000009,0.008166666666666671,0.023666666666666666,0.0,0.0,0.0
0.022833333333333337,0.010000000000000009,0.009500000000000005,0.019,0.0,0.0,0.0
0.026166666666666664,0.010000000000000002,0.009333333333333334,0.020666666666666663,0.0,0.0,0.0
0.02016666666666667,0.010000000000000002,0.008833333333333337,0.017666666666666667,0.0,0.0,0.0
0.03166666666666667,0.010000000000000009,0.01066666666666667,0.027,0.0,0.0,0.0
0.023166666666666665,0.009999999999999998,0.011666666666666667,0.014666666666666668,0.0,0.0,0.0
0.021166666666666667,0.01,0.007499999999999999,0.017,0.0,0.0,0.0
0.018333333333333333,0.009999999999999998,0.009500000000000001,0.013833333333333336,0.0,0.0,0.0
0.023833333333333335,0.01,0.010833333333333334,0.018000000000000002,0.0,0.0,0.0
0.033499999999999995,0.010000000000000009,0.013500000000000003,0.025666666666666667,0.0,0.0,0.0
0.030000000000000002,0.010000000000000009,0.0165,0.018500000000000003,0.0,0.0,0.0
0.02266666666666667,0.010000000000000009,0.014500000000000002,0.015333333333333336,0.0,0.0,0.0
0.022500000000000003,0.010000000000000009,0.007333333333333336,0.020166666666666666,0.0,0.0,0.0
0.024,0.01,0.008833333333333332,0.01883333333333333,0.0,0.0,0.0
0.021500000000000002,0.009999999999999998,0.010666666666666668,0.014833333333333336,0.0,0.0,0.0
0.020000000000000004,0.010000000000000002,0.008500000000000004,0.014999999999999998,0.0,0.0,0.0
0.030999999999999996,0.010000000000000009,0.0145,0.021500000000000002,0.0,0.0,0.0
0.01616666666666667,0.010000000000000009,0.011166666666666668,0.012833333333333337,0.0,0.0,0.0
0.019166666666666665,0.01,0.009333333333333332,0.013666666666666667,0.0,0.0,0.0
0.026000000000000002,0.01,0.009166666666666667,0.020000000000000004,0.0,0.0,0.0
0.026833333333333327,0.010000000000000009,0.009666666666666667,0.022666666666666665,0.0,0.0,0.0
0.021333333333333333,0.010000000000000002,0.011666666666666667,0.014333333333333335,0.0,0.0,0.0
0.01916666666666667,0.01,0.009333333333333336,0.01566666666666667,0.0,0.0,0.0
0.02933333333333333,0.010000000000000009,0.015166666666666665,0.021333333333333333,0.0,0.0,0.0
0.026333333333333334,0.010000000000000009,0.016,0.016833333333333332,0.0,0.0,0.0
0.022833333333333334,0.010000000000000002,0.014333333333333333,0.014666666666666672,0.0,0.0,0.0
0.016166666666666666,0.009999999999999998,0.0065000000000000014,0.013166666666666669,0.0,0.0,0.0
0.02166666666666667,0.010000000000000002,0.010833333333333335,0.015500000000000002,0.0,0.0,0.0
0.02366666666666667,0.010000000000000009,0.008833333333333335,0.02016666666666667,0.0,0.0,0.0
0.02266666666666667,0.010000000000000002,0.0068333333333333345,0.019666666666666666,0.0,0.0,0.0
0.016,0.010000000000000002,0.006666666666666668,0.013500000000000002,0.0,0.0,0.0
0.021333333333333333,0.01,0.012333333333333335,0.01616666666666667,0.0,0.0,0.0
0.03083333333333333,0.010000000000000009,0.013833333333333336,0.024833333333333332,0.0,0.0,0.0
0.018333333333333333,0.01,0.0061666666666666675,0.015499999999999998,0.0,0.0,0.0
0.028,0.010000000000000009,0.012000000000000002,0.022000000000000002,0.0,0.0,0.0
0.02233333333333333,0.010000000000000005,0.013000000000000001,0.014500000000000002,0.0,0.0,0.0
0.01616666666666667,0.01,0.008000000000000002,0.01316666666666667,0.0,0.0,0.0
0.034833333333333334,0.010000000000000009,0.014166666666666666,0.026333333333333337,0.0,0.0,0.0
0.023333333333333334,0.010000000000000009,0.014666666666666666,0.015333333333333336,0.0,0.0,0.0
0.029333333333333333,0.010000000000000009,0.012833333333333339,0.0235,0.0,0.0,0.0
0.03433333333333333,0.010000000000000009,0.015000000000000003,0.024,0.0,0.0,0.0
0.023500000000000004,0.010000000000000009,0.011000000000000003,0.01616666666666667,0.0,0.0,0.0
0.02383333333333333,0.01,0.009166666666666667,0.018333333333333333,0.0,0.0,0.0
0.0245,0.010000000000000002,0.011000000000000001,0.017000000000000005,0.0,0.0,0.0
0.025,0.01,0.011833333333333335,0.019,0.0,0.0,0.0
0.022833333333333334,0.01,0.009500000000000001,0.018000000000000002,0.0,0.0,0.0
0.02183333333333333,0.009999999999999998,0.006166666666666667,0.018333333333333333,0.0,0.0,0.0
0.021833333333333333,0.010000000000000002,0.012500000000000002,0.014000000000000004,0.0,0.0,0.0
0.01833333333333333,0.010000000000000009,0.006666666666666668,0.015166666666666667,0.0,0.0,0.0
0.025500000000000005,0.010000000000000009,0.013500000000000002,0.01616666666666667,0.0,0.0,0.0
0.011833333333333336,0.01,0.005500000000000003,0.009666666666666669,0.0,0.0,0.0
0.02333333333333333,0.010000000000000009,0.009833333333333335,0.018000000000000002,0.0,0.0,0.0
0.022000000000000002,0.010000000000000002,0.013500000000000002,0.014333333333333337,0.0,0.0,0.0
0.029999999999999995,0.010000000000000009,0.010833333333333335,0.024,0.0,0.0,0.0
0.02033333333333333,0.01,0.011000000000000003,0.014333333333333339,0.0,0.0,0.0
0.025666666666666667,0.01,0.016666666666666666,0.014333333333333339,0.0,0.0,0.0
0.023000000000000003,0.010000000000000009,0.008500000000000004,0.021,0.0,0.0,0.0
0.024666666666666667,0.01,0.0066666666666666706,0.023,0.0,0.0,0.0
0.021666666666666667,0.010000000000000002,0.008333333333333337,0.017333333333333333,0.0,0.0,0.0
0.029500000000000002,0.010000000000000009,0.008833333333333335,0.025500000000000002,0.0,0.0,0.0
0.019500000000000007,0.01,0.009166666666666672,0.015000000000000003,0.0,0.0,0.0
0.025166666666666667,0.010000000000000009,0.013500000000000002,0.018666666666666668,0.0,0.0,0.0
0.024666666666666663,0.010000000000000009,0.009333333333333334,0.021,0.0,0.0,0.0
0.025666666666666667,0.010000000000000009,0.012333333333333333,0.019000000000000003,0.0,0.0,0.0
0.024666666666666667,0.010000000000000009,0.010833333333333337,0.0205,0.0,0.0,0.0
0.0265,0.010000000000000009,0.011333333333333334,0.019333333333333327,0.0,0.0,0.0
0.020333333333333328,0.010000000000000002,0.009333333333333334,0.01633333333333333,0.0,0.0,0.0
0.017,0.009999999999999998,0.008666666666666666,0.012166666666666668,0.0,0.0,0.0
0.014000000000000005,0.010000000000000009,0.00816666666666667,0.010333333333333338,0.0,0.0,0.0
0.03183333333333333,0.010000000000000005,0.019666666666666666,0.020333333333333335,0.0,0.0,0.0
0.0265,0.010000000000000009,0.012333333333333332,0.018000000000000002,0.0,0.0,0.0
0.0205,0.01,0.009666666666666667,0.014833333333333336,0.0,0.0,0.0
0.026166666666666668,0.010000000000000009,0.012666666666666668,0.018833333333333334,0.0,0.0,0.0
0.0225,0.01,0.011333333333333334,0.016666666666666666,0.0,0.0,0.0
0.018166666666666668,0.010000000000000002,0.007833333333333336,0.013833333333333336,0.0,0.0,0.0
0.0285,0.010000000000000005,0.008500000000000002,0.024,0.0,0.0,0.0
0.027,0.010000000000000005,0.010166666666666668,0.021666666666666667,0.0,0.0,0.0
0.022333333333333334,0.010000000000000009,0.007666666666666668,0.01916666666666667,0.0,0.0,0.0
0.025166666666666667,0.010000000000000009,0.006000000000000004,0.0235,0.0,0.0,0.0
0.022833333333333334,0.01,0.009166666666666667,0.01916666666666667,0.0,0.0,0.0
0.024999999999999998,0.010000000000000009,0.011000000000000001,0.019000000000000003,0.0,0.0,0.0
0.025166666666666664,0.010000000000000009,0.004500000000000001,0.024,0.0,0.0,0.0
0.023333333333333327,0.01,0.005333333333333334,0.02133333333333333,0.0,0.0,0.0
0.026999999999999993,0.010000000000000009,0.011500000000000002,0.020666666666666663,0.0,0.0,0.0
0.02316666666666667,0.010000000000000009,0.009333333333333336,0.0195,0.0,0.0,0.0
0.033666666666666664,0.010000000000000009,0.019000000000000003,0.02366666666666667,0.0,0.0,0.0
0.021333333333333333,0.01,0.007000000000000003,0.018166666666666668,0.0,0.0,0.0
0.02816666666666667,0.010000000000000009,0.010333333333333335,0.022500000000000003,0.0,0.0,0.0
0.03783333333333332,0.010000000000000009,0.018833333333333334,0.02666666666666667,0.0,0.0,0.0
0.017500000000000005,0.01,0.008500000000000004,0.014166666666666668,0.0,0.0,0.0
0.025,0.010000000000000009,0.007666666666666667,0.021333333333333336,0.0,0.0,0.0
0.027166666666666662,0.010000000000000009,0.013666666666666667,0.021166666666666667,0.0,0.0,0.0
0.021333333333333333,0.009999999999999998,0.005333333333333337,0.02,0.0,0.0,0.0
0.02066666666666667,0.010000000000000002,0.010166666666666668,0.01466666666666667,0.0,0.0,0.0
0.01833333333333333,0.009999999999999998,0.011166666666666665,0.01216666666666667,0.0,0.0,0.0
0.020500000000000008,0.010000000000000005,0.014500000000000004,0.012833333333333337,0.0,0.0,0.0
0.017833333333333333,0.01,0.0105,0.010500000000000002,0.0,0.0,0.0
0.025333333333333333,0.009999999999999998,0.013000000000000005,0.020000000000000004,0.0,0.0,0.0
0.0235,0.01,0.009166666666666668,0.01933333333333333,0.0,0.0,0.0
0.022333333333333327,0.010000000000000009,0.010166666666666664,0.017,0.0,0.0,0.0
0.030499999999999996,0.010000000000000009,0.012333333333333337,0.024333333333333332,0.0,0.0,0.0
0.020166666666666666,0.009999999999999998,0.007333333333333334,0.01666666666666667,0.0,0.0,0.0
0.021333333333333333,0.01,0.008500000000000004,0.018500000000000003,0.0,0.0,0.0
0.025666666666666667,0.010000000000000002,0.012833333333333334,0.017333333333333333,0.0,0.0,0.0
0.0165,0.01,0.010666666666666668,0.009833333333333336,0.0,0.0,0.0
0.027999999999999994,0.010000000000000009,0.009666666666666667,0.0235,0.0,0.0,0.0
0.016000000000000004,0.010000000000000009,0.007500000000000002,0.01316666666666667,0.0,0.0,0.0
0.019833333333333335,0.010000000000000009,0.008666666666666668,0.01583333333333333,0.0,0.0,0.0
0.019000000000000003,0.004999999999999999,0.006333333333333333,0.015833333333333335,0.0,0.0,0.0
0.0215,0.009999999999999998,0.007000000000000002,0.018999999999999996,0.0,0.0,0.0
0.023000000000000007,0.010000000000000009,0.011666666666666667,0.017333333333333333,0.0,0.0,0.0
0.025500000000000002,0.009999999999999998,0.010833333333333335,0.020333333333333335,0.0,0.0,0.0
0.019500000000000007,0.01,0.011333333333333336,0.01516666666666667,0.0,0.0,0.0
0.025166666666666664,0.01,0.010666666666666668,0.020333333333333328,0.0,0.0,0.0
0.02683333333333333,0.010000000000000009,0.011166666666666667,0.0205,0.0,0.0,0.0
0.0205,0.010000000000000005,0.010833333333333332,0.015833333333333335,0.0,0.0,0.0
0.01566666666666667,0.010000000000000002,0.007333333333333337,0.012500000000000002,0.0,0.0,0.0
0.02883333333333333,0.010000000000000009,0.0105,0.02266666666666666,0.0,0.0,0.0
0.019833333333333335,0.010000000000000009,0.009833333333333335,0.014500000000000004,0.0,0.0,0.0
0.026999999999999993,0.010000000000000009,0.011333333333333334,0.022,0.0,0.0,0.0
0.030666666666666665,0.010000000000000009,0.014833333333333334,0.022500000000000006,0.0,0.0,0.0
0.02,0.01,0.009833333333333335,0.015166666666666669,0.0,0.0,0.0
0.021333333333333333,0.010000000000000009,0.009333333333333334,0.01616666666666667,0.0,0.0,0.0
0.03216666666666666,0.010000000000000009,0.014000000000000002,0.025166666666666667,0.0,0.0,0.0
0.021666666666666667,0.010000000000000009,0.008166666666666668,0.018000000000000002,0.0,0.0,0.0
0.028000000000000004,0.010000000000000009,0.014666666666666668,0.019833333333333335,0.0,0.0,0.0
0.02333333333333333,0.010000000000000009,0.010833333333333335,0.016833333333333332,0.0,0.0,0.0
0.020000000000000007,0.010000000000000005,0.012000000000000005,0.014833333333333336,0.0,0.0,0.0
0.02333333333333333,0.010000000000000009,0.010000000000000002,0.018166666666666668,0.0,0.0,0.0
0.024166666666666666,0.01,0.009333333333333336,0.019666666666666666,0.0,0.0,0.0
0.022500000000000003,0.010000000000000009,0.008333333333333333,0.017500000000000005,0.0,0.0,0.0
0.026000000000000002,0.010000000000000009,0.010500000000000002,0.021,0.0,0.0,0.0
0.025,0.010000000000000009,0.012333333333333335,0.018833333333333334,0.0,0.0,0.0
0.033166666666666664,0.010000000000000009,0.015333333333333332,0.02566666666666667,0.0,0.0,0.0
0.02866666666666666,0.010000000000000009,0.015000000000000005,0.021166666666666667,0.0,0.0,0.0
0.016166666666666666,0.01,0.0071666666666666675,0.012333333333333333,0.0,0.0,0.0
0.022833333333333334,0.010000000000000002,0.0068333333333333345,0.01983333333333333,0.0,0.0,0.0
0.02316666666666667,0.010000000000000009,0.008000000000000004,0.019666666666666666,0.0,0.0,0.0
0.027666666666666666,0.010000000000000009,0.005500000000000003,0.024999999999999998,0.0,0.0,0.0
0.021,0.009999999999999998,0.012666666666666666,0.014500000000000002,0.0,0.0,0.0
0.02483333333333333,0.010000000000000002,0.008666666666666668,0.0205,0.0,0.0,0.0
0.022500000000000003,0.010000000000000009,0.012333333333333335,0.016000000000000004,0.0,0.0,0.0
0.0195,0.01,0.006500000000000002,0.01633333333333333,0.0,0.0,0.0
0.03033333333333333,0.010000000000000009,0.008666666666666671,0.026166666666666668,0.0,0.0,0.0
0.02033333333333333,0.010000000000000009,0.012,0.013333333333333338,0.0,0.0,0.0
0.02566666666666666,0.010000000000000005,0.0085,0.020666666666666663,0.0,0.0,0.0
0.02033333333333333,0.010000000000000009,0.010166666666666668,0.015000000000000003,0.0,0.0,0.0
0.02283333333333333,0.01,0.006666666666666667,0.019333333333333334,0.0,0.0,0.0
0.02866666666666667,0.010000000000000005,0.013666666666666667,0.022666666666666672,0.0,0.0,0.0
0.021166666666666667,0.01,0.011666666666666667,0.01616666666666667,0.0,0.0,0.0
0.02366666666666667,0.010000000000000009,0.013166666666666669,0.016833333333333336,0.0,0.0,0.0
0.016,0.01,0.009333333333333334,0.010333333333333335,0.0,0.0,0.0
0.027833333333333325,0.01,0.009833333333333331,0.022,0.0,0.0,0.0
0.022500000000000003,0.010000000000000009,0.008333333333333333,0.019000000000000003,0.0,0.0,0.0
0.02283333333333333,0.01,0.010166666666666668,0.017666666666666667,0.0,0.0,0.0
0.02733333333333333,0.010000000000000009,0.010333333333333335,0.021166666666666667,0.0,0.0,0.0
0.0195,0.01,0.008333333333333333,0.015166666666666669,0.0,0.0,0.0
0.01966666666666667,0.01,0.014500000000000002,0.011500000000000003,0.0,0.0,0.0
0.026000000000000006,0.010000000000000009,0.008833333333333337,0.022000000000000006,0.0,0.0,0.0
0.022666666666666665,0.010000000000000009,0.011166666666666667,0.0165,0.0,0.0,0.0
0.016,0.01,0.010166666666666668,0.010500000000000004,0.0,0.0,0.0
0.0215,0.009999999999999998,0.006666666666666668,0.018666666666666665,0.0,0.0,0.0
0.028666666666666663,0.010000000000000009,0.012333333333333333,0.02233333333333333,0.0,0.0,0.0
0.018999999999999996,0.009999999999999998,0.006000000000000002,0.015166666666666665,0.0,0.0,0.0
0.032999999999999995,0.010000000000000009,0.010666666666666668,0.02716666666666667,0.0,0.0,0.0
0.017833333333333333,0.010000000000000009,0.006000000000000002,0.015833333333333335,0.0,0.0,0.0
0.02266666666666667,0.010000000000000009,0.006000000000000002,0.02033333333333333,0.0,0.0,0.0
0.030166666666666668,0.010000000000000009,0.013000000000000003,0.025166666666666664,0.0,0.0,0.0
0.03083333333333333,0.010000000000000009,0.012333333333333333,0.02316666666666667,0.0,0.0,0.0
0.025,0.010000000000000009,0.011000000000000003,0.019000000000000003,0.0,0.0,0.0
0.021,0.01,0.012000000000000004,0.014333333333333335,0.0,0.0,0.0
0.029166666666666667,0.010000000000000009,0.011833333333333335,0.022000000000000002,0.0,0.0,0.0
0.026000000000000002,0.010000000000000009,0.010333333333333337,0.022000000000000002,0.0,0.0,0.0
0.014333333333333335,0.01,0.0075000000000000015,0.010833333333333335,0.0,0.0,0.0
0.027166666666666665,0.010000000000000009,0.015499999999999998,0.017,0.0,0.0,0.0
0.0165,0.004999999999999999,0.004166666666666669,0.016,0.0,0.0,0.0
0.020666666666666663,0.009999999999999998,0.007833333333333336,0.018000000000000002,0.0,0.0,0.0
0.0265,0.010000000000000009,0.007666666666666669,0.02383333333333333,0.0,0.0,0.0
0.0195,0.009999999999999998,0.011500000000000002,0.012500000000000004,0.0,0.0,0.0
0.03233333333333333,0.010000000000000009,0.012500000000000006,0.026833333333333327,0.0,0.0,0.0
0.02283333333333333,0.010000000000000009,0.011500000000000003,0.017,0.0,0.0,0.0
0.021500000000000002,0.01,0.010500000000000002,0.015833333333333335,0.0,0.0,0.0
0.021666666666666664,0.010000000000000009,0.011166666666666668,0.01616666666666667,0.0,0.0,0.0
0.034833333333333334,0.010000000000000009,0.017500000000000005,0.025000000000000005,0.0,0.0,0.0
0.021500000000000002,0.01,0.009000000000000001,0.017,0.0,0.0,0.0
0.0205,0.010000000000000009,0.009666666666666669,0.016833333333333332,0.0,0.0,0.0
0.026833333333333334,0.010000000000000009,0.014000000000000004,0.019166666666666665,0.0,0.0,0.0
0.025166666666666664,0.01,0.014666666666666666,0.015166666666666669,0.0,0.0,0.0
0.02233333333333333,0.010000000000000009,0.008166666666666666,0.018000000000000002,0.0,0.0,0.0
0.021000000000000005,0.01,0.010666666666666666,0.015333333333333336,0.0,0.0,0.0
0.025,0.010000000000000002,0.012000000000000002,0.018333333333333333,0.0,0.0,0.0
0.02783333333333333,0.010000000000000009,0.015166666666666665,0.018666666666666668,0.0,0.0,0.0
0.024000000000000004,0.010000000000000002,0.0105,0.01766666666666667,0.0,0.0,0.0
0.029333333333333336,0.010000000000000009,0.020500000000000004,0.017000000000000005,0.0,0.0,0.0
0.029,0.010000000000000009,0.011000000000000003,0.023666666666666666,0.0,0.0,0.0
0.020499999999999997,0.010000000000000002,0.0105,0.013833333333333335,0.0,0.0,0.0
0.01566666666666667,0.010000000000000002,0.006833333333333336,0.014000000000000002,0.0,0.0,0.0
0.016666666666666666,0.01,0.006833333333333336,0.013833333333333335,0.0,0.0,0.0
0.029,0.010000000000000009,0.015833333333333335,0.021,0.0,0.0,0.0
0.019833333333333335,0.01,0.006333333333333336,0.018500000000000003,0.0,0.0,0.0
0.02816666666666667,0.01,0.007333333333333338,0.026500000000000003,0.0,0.0,0.0
0.03133333333333333,0.010000000000000009,0.012500000000000004,0.024,0.0,0.0,0.0
0.025166666666666664,0.01,0.010500000000000002,0.01933333333333333,0.0,0.0,0.0
0.0175,0.009999999999999998,0.007833333333333335,0.013833333333333335,0.0,0.0,0.0
0.019500000000000003,0.010000000000000005,0.011500000000000003,0.014666666666666668,0.0,0.0,0.0
0.014500000000000004,0.009999999999999998,0.005500000000000004,0.013833333333333336,0.0,0.0,0.0
0.017666666666666664,0.0,0.005000000000000001,0.014999999999999998,0.0,0.0,0.0
0.013666666666666667,0.009999999999999998,0.0075000000000000015,0.010166666666666668,0.0,0.0,0.0
0.020000000000000004,0.01,0.008500000000000002,0.016,0.0,0.0,0.0
0.02166666666666667,0.010000000000000009,0.010833333333333335,0.015500000000000003,0.0,0.0,0.0
0.014666666666666668,0.010000000000000002,0.007833333333333335,0.010833333333333335,0.0,0.0,0.0
0.022500000000000003,0.010000000000000009,0.0125,0.017500000000000005,0.0,0.0,0.0
0.017333333333333333,0.01,0.0056666666666666705,0.015833333333333335,0.0,0.0,0.0
0.024166666666666666,0.010000000000000009,0.009166666666666667,0.02066666666666667,0.0,0.0,0.0
0.02566666666666667,0.010000000000000009,0.01316666666666667,0.02016666666666667,0.0,0.0,0.0
0.028833333333333332,0.010000000000000002,0.009000000000000003,0.02483333333333333,0.0,0.0,0.0
0.02416666666666667,0.010000000000000009,0.010333333333333335,0.019500000000000003,0.0,0.0,0.0
0.021500000000000002,0.010000000000000009,0.010833333333333335,0.015666666666666672,0.0,0.0,0.0
0.030666666666666665,0.010000000000000009,0.009666666666666667,0.02583333333333333,0.0,0.0,0.0
0.022333333333333334,0.01,0.011166666666666665,0.016333333333333335,0.0,0.0,0.0
0.02766666666666667,0.01,0.0105,0.021666666666666667,0.0,0.0,0.0
0.02316666666666667,0.010000000000000009,0.011500000000000002,0.017333333333333333,0.0,0.0,0.0
0.02366666666666667,0.010000000000000009,0.007333333333333333,0.02,0.0,0.0,0.0
0.02066666666666667,0.010000000000000009,0.010500000000000004,0.01666666666666667,0.0,0.0,0.0
0.022333333333333334,0.010000000000000002,0.009833333333333335,0.01716666666666667,0.0,0.0,0.0
0.02066666666666667,0.010000000000000005,0.011000000000000006,0.015500000000000003,0.0,0.0,0.0
0.0215,0.009999999999999998,0.010499999999999999,0.016000000000000004,0.0,0.0,0.0
0.021166666666666663,0.009999999999999998,0.00766666666666667,0.017499999999999998,0.0,0.0,0.0
0.0185,0.010000000000000005,0.008333333333333337,0.015833333333333335,0.0,0.0,0.0
0.02416666666666667,0.010000000000000002,0.010833333333333335,0.018333333333333333,0.0,0.0,0.0
0.022000000000000002,0.01,0.007833333333333335,0.01916666666666667,0.0,0.0,0.0
0.02783333333333333,0.010000000000000009,0.010833333333333335,0.023000000000000003,0.0,0.0,0.0
0.029,0.010000000000000002,0.01666666666666667,0.020500000000000004,0.0,0.0,0.0
0.02166666666666667,0.009999999999999998,0.009666666666666667,0.016333333333333335,0.0,0.0,0.0
0.02666666666666667,0.010000000000000002,0.011333333333333336,0.01983333333333333,0.0,0.0,0.0
0.0275,0.010000000000000002,0.010000000000000002,0.023000000000000003,0.0,0.0,0.0
0.022666666666666665,0.01,0.009833333333333335,0.01666666666666667,0.0,0.0,0.0
0.026999999999999993,0.010000000000000005,0.015000000000000003,0.019833333333333338,0.0,0.0,0.0
0.013333333333333332,0.009999999999999998,0.005666666666666668,0.010166666666666666,0.0,0.0,0.0
0.01983333333333333,0.01,0.008166666666666668,0.015333333333333334,0.0,0.0,0.0
0.022833333333333334,0.010000000000000002,0.007333333333333336,0.019666666666666666,0.0,0.0,0.0
0.017666666666666664,0.01,0.009000000000000001,0.013166666666666667,0.0,0.0,0.0
0.027,0.010000000000000002,0.009333333333333334,0.02233333333333333,0.0,0.0,0.0
0.027000000000000003,0.010000000000000009,0.010166666666666668,0.021333333333333336,0.0,0.0,0.0
0.0265,0.01,0.015999999999999997,0.0165,0.0,0.0,0.0
0.018166666666666668,0.009999999999999998,0.009666666666666672,0.014000000000000002,0.0,0.0,0.0
0.02,0.01,0.008166666666666671,0.016666666666666666,0.0,0.0,0.0
0.021666666666666664,0.010000000000000002,0.010000000000000002,0.016,0.0,0.0,0.0
0.026333333333333334,0.010000000000000009,0.013500000000000002,0.01966666666666667,0.0,0.0,0.0
0.02583333333333333,0.01,0.014,0.0175,0.0,0.0,0.0
0.03216666666666666,0.010000000000000009,0.006833333333333335,0.03016666666666666,0.0,0.0,0.0
0.020333333333333335,0.01,0.008666666666666668,0.016666666666666666,0.0,0.0,0.0
0.03033333333333333,0.010000000000000009,0.013833333333333335,0.02166666666666667,0.0,0.0,0.0
0.020166666666666666,0.01,0.007000000000000001,0.017166666666666663,0.0,0.0,0.0
0.03166666666666666,0.01,0.015333333333333336,0.02233333333333333,0.0,0.0,0.0
0.02383333333333333,0.010000000000000005,0.009500000000000001,0.018833333333333334,0.0,0.0,0.0
0.027999999999999994,0.010000000000000009,0.016,0.019500000000000003,0.0,0.0,0.0
0.0205,0.010000000000000009,0.008000000000000002,0.01716666666666667,0.0,0.0,0.0
0.020833333333333336,0.010000000000000009,0.009666666666666667,0.01566666666666667,0.0,0.0,0.0
0.017499999999999998,0.009999999999999998,0.008333333333333333,0.013500000000000002,0.0,0.0,0.0
0.0175,0.01,0.009833333333333335,0.013333333333333334,0.0,0.0,0.0
0.02016666666666667,0.010000000000000009,0.010333333333333337,0.01566666666666667,0.0,0.0,0.0
0.024333333333333332,0.010000000000000009,0.009333333333333336,0.01966666666666667,0.0,0.0,0.0
0.019333333333333334,0.009999999999999998,0.007499999999999999,0.015000000000000001,0.0,0.0,0.0
0.024,0.010000000000000002,0.008166666666666668,0.020666666666666663,0.0,0.0,0.0
0.023166666666666662,0.01,0.0105,0.018666666666666668,0.0,0.0,0.0
0.02083333333333333,0.01,0.011500000000000003,0.014333333333333335,0.0,0.0,0.0
0.01933333333333333,0.01,0.007833333333333335,0.016,0.0,0.0,0.0
0.013500000000000002,0.0,0.0061666666666666675,0.010833333333333335,0.0,0.0,0.0
0.01916666666666667,0.010000000000000009,0.010666666666666668,0.014500000000000002,0.0,0.0,0.0
0.018666666666666668,0.01,0.007333333333333335,0.015833333333333335,0.0,0.0,0.0
0.018500000000000003,0.010000000000000002,0.008166666666666671,0.015166666666666667,0.0,0.0,0.0
0.02483333333333333,0.010000000000000002,0.011000000000000001,0.017833333333333333,0.0,0.0,0.0
0.027,0.01,0.011833333333333335,0.021833333333333337,0.0,0.0,0.0
0.03116666666666667,0.010000000000000009,0.014833333333333334,0.02266666666666667,0.0,0.0,0.0
0.026833333333333327,0.01,0.012166666666666668,0.020500000000000004,0.0,0.0,0.0
0.02616666666666667,0.010000000000000009,0.009166666666666668,0.023,0.0,0.0,0.0
0.02416666666666667,0.010000000000000005,0.008000000000000002,0.019666666666666673,0.0,0.0,0.0
0.020000000000000004,0.01,0.006500000000000002,0.017166666666666667,0.0,0.0,0.0
0.02016666666666667,0.010000000000000002,0.008000000000000002,0.016333333333333335,0.0,0.0,0.0
0.033999999999999996,0.010000000000000009,0.012500000000000004,0.027666666666666666,0.0,0.0,0.0
0.023333333333333338,0.010000000000000005,0.010833333333333337,0.018833333333333337,0.0,0.0,0.0
0.024833333333333336,0.010000000000000009,0.011166666666666668,0.019000000000000003,0.0,0.0,0.0
0.017666666666666667,0.010000000000000005,0.007499999999999999,0.013833333333333336,0.0,0.0,0.0
0.03233333333333333,0.010000000000000009,0.013166666666666669,0.025500000000000002,0.0,0.0,0.0
0.029999999999999995,0.010000000000000009,0.0105,0.023500000000000004,0.0,0.0,0.0
0.017333333333333336,0.01,0.007333333333333337,0.015333333333333336,0.0,0.0,0.0
0.023666666666666666,0.010000000000000009,0.010833333333333334,0.017333333333333333,0.0,0.0,0.0
0.02033333333333333,0.010000000000000009,0.011000000000000003,0.01416666666666667,0.0,0.0,0.0
0.022500000000000003,0.010000000000000009,0.010833333333333335,0.017,0.0,0.0,0.0
0.018833333333333334,0.01,0.006833333333333335,0.01616666666666667,0.0,0.0,0.0
0.03133333333333333,0.010000000000000005,0.013666666666666666,0.022833333333333334,0.0,0.0,0.0
0.03133333333333333,0.010000000000000009,0.014333333333333337,0.024000000000000004,0.0,0.0,0.0
0.027833333333333335,0.010000000000000002,0.014833333333333332,0.018500000000000003,0.0,0.0,0.0
0.03333333333333333,0.010000000000000009,0.011166666666666668,0.027333333333333334,0.0,0.0,0.0
0.015166666666666669,0.010000000000000002,0.007833333333333336,0.011333333333333336,0.0,0.0,0.0
0.019166666666666665,0.010000000000000005,0.008000000000000004,0.0165,0.0,0.0,0.0
0.024333333333333332,0.010000000000000009,0.008333333333333333,0.0205,0.0,0.0,0.0
0.02266666666666667,0.010000000000000009,0.008166666666666668,0.019000000000000003,0.0,0.0,0.0
0.0255,0.010000000000000009,0.013000000000000001,0.018666666666666668,0.0,0.0,0.0
0.02966666666666666,0.010000000000000002,0.007166666666666667,0.025166666666666667,0.0,0.0,0.0
0.01983333333333333,0.010000000000000005,0.01,0.01416666666666667,0.0,0.0,0.0
0.023166666666666665,0.01,0.007333333333333335,0.01933333333333333,0.0,0.0,0.0
0.0165,0.01,0.00816666666666667,0.012166666666666668,0.0,0.0,0.0
0.02866666666666667,0.010000000000000009,0.012000000000000002,0.02333333333333333,0.0,0.0,0.0
0.024999999999999998,0.010000000000000002,0.010500000000000002,0.018666666666666665,0.0,0.0,0.0
0.024666666666666667,0.01,0.011666666666666667,0.018833333333333334,0.0,0.0,0.0
0.0195,0.009999999999999998,0.0065000000000000014,0.0165,0.0,0.0,0.0
0.0245,0.010000000000000005,0.009500000000000001,0.018500000000000003,0.0,0.0,0.0
0.02516666666666667,0.010000000000000002,0.013666666666666666,0.016000000000000004,0.0,0.0,0.0
0.028166666666666663,0.010000000000000009,0.012500000000000002,0.021,0.0,0.0,0.0
0.02683333333333333,0.010000000000000009,0.0085,0.022166666666666668,0.0,0.0,0.0
0.020166666666666666,0.010000000000000005,0.011500000000000003,0.014666666666666668,0.0,0.0,0.0
0.023666666666666666,0.009999999999999998,0.012833333333333335,0.016666666666666666,0.0,0.0,0.0
0.0245,0.010000000000000009,0.009666666666666667,0.021,0.0,0.0,0.0
0.018,0.010000000000000009,0.011500000000000003,0.012000000000000004,0.0,0.0,0.0
0.02233333333333333,0.010000000000000005,0.014999999999999998,0.014166666666666668,0.0,0.0,0.0
0.026166666666666664,0.010000000000000009,0.0085,0.022166666666666668,0.0,0.0,0.0
0.017666666666666667,0.01,0.008333333333333333,0.013000000000000003,0.0,0.0,0.0
0.028666666666666667,0.010000000000000002,0.007166666666666671,0.027499999999999993,0.0,0.0,0.0
0.022833333333333334,0.010000000000000009,0.013500000000000005,0.01766666666666667,0.0,0.0,0.0
0.015500000000000003,0.01,0.003833333333333335,0.014333333333333335,0.0,0.0,0.0
0.030833333333333334,0.010000000000000009,0.01466666666666667,0.024833333333333332,0.0,0.0,0.0
0.021166666666666667,0.009999999999999998,0.007166666666666667,0.017,0.0,0.0,0.0
0.017499999999999998,0.009999999999999998,0.007333333333333334,0.012833333333333334,0.0,0.0,0.0
0.022166666666666668,0.010000000000000005,0.006666666666666669,0.018500000000000003,0.0,0.0,0.0
0.023166666666666665,0.010000000000000009,0.0085,0.019166666666666665,0.0,0.0,0.0
0.024500000000000004,0.010000000000000009,0.010500000000000002,0.017666666666666667,0.0,0.0,0.0
0.016833333333333332,0.01,0.008166666666666668,0.012333333333333335,0.0,0.0,0.0
0.018500000000000003,0.010000000000000009,0.007333333333333335,0.015333333333333336,0.0,0.0,0.0
0.02783333333333333,0.010000000000000009,0.014000000000000002,0.020333333333333335,0.0,0.0,0.0
0.022166666666666664,0.009999999999999998,0.010833333333333334,0.015500000000000002,0.0,0.0,0.0
0.0175,0.009999999999999998,0.010500000000000002,0.011000000000000003,0.0,0.0,0.0
0.024,0.010000000000000005,0.007166666666666667,0.019666666666666662,0.0,0.0,0.0
0.02583333333333333,0.010000000000000009,0.01266666666666667,0.02133333333333333,0.0,0.0,0.0
0.02483333333333333,0.01,0.011833333333333333,0.018000000000000002,0.0,0.0,0.0
0.02033333333333333,0.010000000000000009,0.008333333333333335,0.01766666666666667,0.0,0.0,0.0
0.033333333333333326,0.010000000000000009,0.011833333333333333,0.0265,0.0,0.0,0.0
0.025666666666666667,0.010000000000000002,0.013500000000000002,0.018333333333333333,0.0,0.0,0.0
0.01716666666666667,0.01,0.006666666666666669,0.014500000000000002,0.0,0.0,0.0
0.025500000000000005,0.010000000000000009,0.013000000000000003,0.0175,0.0,0.0,0.0
0.025666666666666667,0.010000000000000009,0.015333333333333338,0.017833333333333336,0.0,0.0,0.0
0.022166666666666668,0.010000000000000005,0.005500000000000002,0.020666666666666667,0.0,0.0,0.0
0.03333333333333333,0.010000000000000009,0.01616666666666667,0.024333333333333335,0.0,0.0,0.0
0.015833333333333335,0.0,0.0071666666666666675,0.012166666666666666,0.0,0.0,0.0
0.020333333333333335,0.010000000000000002,0.012166666666666668,0.013000000000000003,0.0,0.0,0.0
0.02533333333333333,0.010000000000000009,0.009833333333333335,0.02183333333333333,0.0,0.0,0.0
0.02133333333333333,0.004999999999999999,0.008166666666666668,0.017499999999999998,0.0,0.0,0.0
0.027000000000000003,0.010000000000000009,0.014000000000000002,0.017666666666666667,0.0,0.0,0.0
0.01983333333333333,0.010000000000000009,0.010166666666666668,0.014500000000000002,0.0,0.0,0.0
0.02966666666666667,0.010000000000000009,0.010500000000000002,0.025500000000000002,0.0,0.0,0.0
0.033166666666666664,0.010000000000000009,0.015833333333333335,0.024166666666666666,0.0,0.0,0.0
0.03066666666666667,0.010000000000000009,0.007666666666666668,0.026333333333333334,0.0,0.0,0.0
0.026166666666666668,0.010000000000000009,0.011000000000000005,0.022333333333333334,0.0,0.0,0.0
0.02016666666666667,0.010000000000000009,0.009500000000000003,0.016500000000000004,0.0,0.0,0.0
0.017500000000000005,0.009999999999999998,0.008166666666666668,0.01316666666666667,0.0,0.0,0.0
0.020999999999999998,0.010000000000000002,0.0068333333333333345,0.01833333333333333,0.0,0.0,0.0
0.0195,0.010000000000000009,0.013333333333333334,0.011166666666666668,0.0,0.0,0.0
0.030166666666666668,0.010000000000000009,0.015166666666666669,0.02266666666666667,0.0,0.0,0.0
0.024166666666666663,0.010000000000000009,0.010000000000000004,0.018833333333333334,0.0,0.0,0.0
0.020666666666666667,0.010000000000000002,0.013000000000000005,0.013000000000000003,0.0,0.0,0.0
0.02066666666666667,0.010000000000000005,0.010000000000000002,0.015333333333333336,0.0,0.0,0.0
0.020333333333333335,0.010000000000000005,0.004500000000000002,0.018666666666666668,0.0,0.0,0.0
0.029166666666666667,0.010000000000000009,0.0051666666666666675,0.02666666666666667,0.0,0.0,0.0
0.02733333333333333,0.010000000000000009,0.012333333333333333,0.01916666666666667,0.0,0.0,0.0
0.02416666666666667,0.010000000000000009,0.010333333333333335,0.018833333333333337,0.0,0.0,0.0
0.02583333333333333,0.009999999999999998,0.011500000000000003,0.02033333333333333,0.0,0.0,0.0
0.024333333333333335,0.01,0.011000000000000003,0.019000000000000003,0.0,0.0,0.0
0.023166666666666665,0.01,0.009000000000000005,0.0195,0.0,0.0,0.0
0.021833333333333333,0.010000000000000009,0.008000000000000002,0.019000000000000003,0.0,0.0,0.0
0.02366666666666667,0.01,0.010500000000000002,0.018500000000000003,0.0,0.0,0.0
0.025166666666666667,0.010000000000000009,0.010833333333333335,0.021666666666666667,0.0,0.0,0.0
0.0225,0.010000000000000005,0.012500000000000002,0.016833333333333332,0.0,0.0,0.0
0.026333333333333334,0.010000000000000009,0.012333333333333337,0.020833333333333336,0.0,0.0,0.0
0.0315,0.010000000000000009,0.0165,0.021666666666666664,0.0,0.0,0.0
0.02283333333333333,0.010000000000000002,0.012500000000000002,0.016666666666666666,0.0,0.0,0.0
0.016833333333333336,0.010000000000000002,0.006833333333333336,0.014833333333333336,0.0,0.0,0.0
0.016833333333333332,0.01,0.006666666666666669,0.013666666666666666,0.0,0.0,0.0
0.02983333333333333,0.010000000000000009,0.0165,0.021333333333333336,0.0,0.0,0.0
0.021,0.010000000000000009,0.011000000000000003,0.014833333333333336,0.0,0.0,0.0
0.023500000000000004,0.01,0.012500000000000002,0.01916666666666667,0.0,0.0,0.0
0.014833333333333336,0.01,0.006666666666666667,0.011166666666666668,0.0,0.0,0.0
0.023500000000000004,0.010000000000000009,0.0065000000000000014,0.02033333333333333,0.0,0.0,0.0
0.027333333333333334,0.010000000000000009,0.010166666666666668,0.022000000000000002,0.0,0.0,0.0
0.024833333333333332,0.01,0.008666666666666668,0.021500000000000002,0.0,0.0,0.0
0.03216666666666666,0.010000000000000009,0.011333333333333336,0.025,0.0,0.0,0.0
0.0175,0.01,0.010000000000000002,0.01266666666666667,0.0,0.0,0.0
0.02016666666666667,0.009999999999999998,0.006000000000000002,0.017666666666666667,0.0,0.0,0.0
0.021000000000000005,0.010000000000000009,0.013166666666666669,0.014000000000000005,0.0,0.0,0.0
0.018500000000000003,0.01,0.01116666666666667,0.015333333333333336,0.0,0.0,0.0
0.030499999999999996,0.010000000000000009,0.011333333333333332,0.02366666666666667,0.0,0.0,0.0
0.033499999999999995,0.010000000000000009,0.01616666666666667,0.02383333333333333,0.0,0.0,0.0
0.026166666666666668,0.010000000000000009,0.014000000000000002,0.0175,0.0,0.0,0.0
0.018833333333333334,0.009999999999999998,0.006500000000000004,0.01683333333333333,0.0,0.0,0.0
0.015833333333333335,0.009999999999999998,0.0041666666666666675,0.013333333333333334,0.0,0.0,0.0
0.026499999999999992,0.01,0.0105,0.020166666666666663,0.0,0.0,0.0
0.022166666666666668,0.010000000000000002,0.010833333333333335,0.0165,0.0,0.0,0.0
0.026166666666666664,0.01,0.011000000000000003,0.02066666666666667,0.0,0.0,0.0
0.023666666666666662,0.01,0.007333333333333334,0.019666666666666666,0.0,0.0,0.0
0.023166666666666665,0.010000000000000009,0.005666666666666669,0.0215,0.0,0.0,0.0
0.027833333333333335,0.010000000000000009,0.014333333333333339,0.023000000000000003,0.0,0.0,0.0
0.02433333333333334,0.010000000000000009,0.013500000000000003,0.018833333333333337,0.0,0.0,0.0
0.0195,0.01,0.0085,0.014000000000000002,0.0,0.0,0.0
0.029166666666666664,0.010000000000000009,0.008666666666666671,0.025166666666666664,0.0,0.0,0.0
0.022000000000000006,0.010000000000000009,0.010500000000000002,0.01616666666666667,0.0,0.0,0.0
0.029166666666666664,0.010000000000000002,0.008833333333333334,0.024,0.0,0.0,0.0
0.0235,0.010000000000000009,0.006500000000000004,0.021666666666666664,0.0,0.0,0.0
0.030666666666666665,0.010000000000000005,0.011333333333333336,0.0245,0.0,0.0,0.0
0.013333333333333334,0.009999999999999998,0.0036666666666666675,0.011666666666666665,0.0,0.0,0.0
0.028500000000000004,0.010000000000000009,0.010000000000000002,0.02316666666666667,0.0,0.0,0.0
0.029,0.010000000000000009,0.0175,0.017500000000000005,0.0,0.0,0.0
0.02183333333333333,0.010000000000000009,0.008833333333333334,0.017333333333333333,0.0,0.0,0.0
0.02783333333333333,0.010000000000000009,0.012333333333333337,0.021833333333333333,0.0,0.0,0.0
0.024333333333333332,0.01,0.014166666666666668,0.015833333333333335,0.0,0.0,0.0
0.02016666666666667,0.010000000000000009,0.006500000000000003,0.018,0.0,0.0,0.0
0.0215,0.01,0.011000000000000005,0.015833333333333335,0.0,0.0,0.0
0.01933333333333333,0.010000000000000009,0.005833333333333335,0.016666666666666666,0.0,0.0,0.0
0.0185,0.009999999999999998,0.008166666666666668,0.013333333333333334,0.0,0.0,0.0
0.021166666666666667,0.01,0.008500000000000004,0.017833333333333333,0.0,0.0,0.0
0.023333333333333334,0.01,0.013000000000000005,0.016833333333333336,0.0,0.0,0.0
0.020000000000000004,0.010000000000000009,0.0058333333333333345,0.01616666666666667,0.0,0.0,0.0
0.023,0.010000000000000009,0.007666666666666669,0.02,0.0,0.0,0.0
0.02133333333333333,0.010000000000000009,0.006166666666666669,0.01883333333333333,0.0,0.0,0.0
0.025,0.010000000000000009,0.011833333333333336,0.019333333333333334,0.0,0.0,0.0
0.021333333333333333,0.010000000000000002,0.009500000000000001,0.017333333333333333,0.0,0.0,0.0
0.021833333333333333,0.01,0.007500000000000003,0.0195,0.0,0.0,0.0
0.026999999999999993,0.01,0.007666666666666668,0.022666666666666665,0.0,0.0,0.0
0.019833333333333335,0.01,0.007666666666666668,0.016666666666666666,0.0,0.0,0.0
0.024499999999999997,0.010000000000000009,0.012333333333333333,0.017833333333333333,0.0,0.0,0.0
0.015500000000000002,0.009999999999999998,0.006500000000000001,0.012166666666666666,0.0,0.0,0.0
0.03033333333333333,0.010000000000000009,0.013833333333333336,0.022500000000000003,0.0,0.0,0.0
0.02866666666666667,0.010000000000000009,0.013000000000000003,0.023000000000000003,0.0,0.0,0.0
0.010166666666666666,0.01,0.005000000000000001,0.007500000000000002,0.0,0.0,0.0
0.03133333333333334,0.010000000000000009,0.011166666666666665,0.025166666666666667,0.0,0.0,0.0
0.027,0.010000000000000002,0.009166666666666668,0.022166666666666668,0.0,0.0,0.0
0.023666666666666666,0.010000000000000009,0.010833333333333335,0.020166666666666666,0.0,0.0,0.0
0.029166666666666667,0.010000000000000009,0.010666666666666666,0.024,0.0,0.0,0.0
0.014500000000000002,0.009999999999999998,0.005666666666666667,0.011333333333333334,0.0,0.0,0.0
0.021666666666666667,0.01,0.007000000000000003,0.019000000000000003,0.0,0.0,0.0
0.025000000000000005,0.010000000000000009,0.014666666666666668,0.017333333333333343,0.0,0.0,0.0
0.022166666666666668,0.010000000000000002,0.009666666666666665,0.015833333333333335,0.0,0.0,0.0
0.021833333333333333,0.009999999999999998,0.0095,0.015333333333333332,0.0,0.0,0.0
0.025333333333333336,0.010000000000000005,0.012333333333333335,0.01866666666666667,0.0,0.0,0.0
0.029166666666666667,0.010000000000000009,0.016333333333333335,0.020500000000000004,0.0,0.0,0.0
0.026000000000000002,0.010000000000000009,0.013000000000000003,0.01966666666666667,0.0,0.0,0.0
0.022500000000000003,0.009999999999999998,0.010000000000000002,0.016666666666666666,0.0,0.0,0.0
0.018000000000000002,0.01,0.008833333333333332,0.013500000000000002,0.0,0.0,0.0
0.016333333333333335,0.01,0.007666666666666667,0.012833333333333335,0.0,0.0,0.0
0.025,0.010000000000000002,0.008833333333333339,0.022,0.0,0.0,0.0
0.02466666666666667,0.010000000000000009,0.013000000000000001,0.018333333333333337,0.0,0.0,0.0
0.019666666666666666,0.009999999999999998,0.009500000000000001,0.015000000000000003,0.0,0.0,0.0
0.021166666666666667,0.01,0.007166666666666672,0.019166666666666665,0.0,0.0,0.0
0.02116666666666666,0.01,0.012666666666666666,0.013833333333333335,0.0,0.0,0.0
0.026333333333333334,0.010000000000000005,0.011166666666666667,0.020666666666666667,0.0,0.0,0.0
0.019833333333333335,0.01,0.010000000000000004,0.015166666666666669,0.0,0.0,0.0
0.014333333333333335,0.009999999999999998,0.005833333333333337,0.012333333333333333,0.0,0.0,0.0
0.027999999999999994,0.010000000000000009,0.01566666666666667,0.019833333333333338,0.0,0.0,0.0
0.02683333333333333,0.009999999999999998,0.011,0.02,0.0,0.0,0.0
0.013500000000000003,0.010000000000000005,0.00566666666666667,0.011666666666666669,0.0,0.0,0.0
0.022833333333333334,0.010000000000000002,0.011000000000000003,0.015500000000000003,0.0,0.0,0.0
0.022666666666666665,0.01,0.011333333333333332,0.016833333333333332,0.0,0.0,0.0
0.02683333333333333,0.010000000000000009,0.008833333333333337,0.0235,0.0,0.0,0.0
0.024333333333333332,0.01,0.008500000000000002,0.019666666666666666,0.0,0.0,0.0
0.028,0.010000000000000002,0.0075000000000000015,0.0245,0.0,0.0,0.0
0.02883333333333333,0.010000000000000009,0.012333333333333335,0.022166666666666664,0.0,0.0,0.0
0.028499999999999994,0.009999999999999998,0.012333333333333333,0.0205,0.0,0.0,0.0
0.025500000000000002,0.010000000000000009,0.010000000000000004,0.022333333333333334,0.0,0.0,0.0
0.029833333333333337,0.010000000000000009,0.005166666666666669,0.028833333333333336,0.0,0.0,0.0
0.02716666666666667,0.010000000000000005,0.008166666666666668,0.02283333333333333,0.0,0.0,0.0
0.024333333333333335,0.010000000000000009,0.009000000000000005,0.022333333333333337,0.0,0.0,0.0
0.011666666666666669,0.009999999999999998,0.006833333333333334,0.008833333333333334,0.0,0.0,0.0
0.01966666666666667,0.01,0.010666666666666668,0.01416666666666667,0.0,0.0,0.0
0.027166666666666665,0.010000000000000009,0.009500000000000001,0.02233333333333333,0.0,0.0,0.0
0.012833333333333332,0.009999999999999998,0.004166666666666667,0.011166666666666667,0.0,0.0,0.0
0.03383333333333333,0.010000000000000009,0.009833333333333335,0.029666666666666664,0.0,0.0,0.0
0.021,0.010000000000000002,0.0085,0.016000000000000004,0.0,0.0,0.0
0.021166666666666663,0.01,0.010666666666666668,0.016166666666666666,0.0,0.0,0.0
0.0225,0.010000000000000009,0.007333333333333334,0.018166666666666668,0.0,0.0,0.0
0.026666666666666665,0.01,0.006666666666666669,0.02499999999999999,0.0,0.0,0.0
0.01866666666666667,0.010000000000000005,0.006833333333333335,0.014666666666666668,0.0,0.0,0.0
0.023,0.01,0.008833333333333334,0.017666666666666667,0.0,0.0,0.0
0.016333333333333335,0.01,0.0075000000000000015,0.013833333333333336,0.0,0.0,0.0
0.017333333333333333,0.01,0.0025000000000000014,0.015666666666666666,0.0,0.0,0.0
0.0195,0.010000000000000005,0.009500000000000003,0.014666666666666668,0.0,0.0,0.0
0.026333333333333334,0.010000000000000009,0.009833333333333335,0.021166666666666667,0.0,0.0,0.0
0.013500000000000005,0.01,0.006500000000000003,0.011833333333333336,0.0,0.0,0.0
0.013833333333333336,0.009999999999999998,0.008500000000000002,0.010333333333333337,0.0,0.0,0.0
0.02933333333333333,0.010000000000000009,0.012333333333333333,0.02233333333333333,0.0,0.0,0.0
0.027500000000000004,0.010000000000000009,0.010000000000000002,0.023000000000000003,0.0,0.0,0.0
0.02283333333333333,0.01,0.008166666666666666,0.017333333333333333,0.0,0.0,0.0
0.020166666666666666,0.010000000000000005,0.007333333333333334,0.018166666666666664,0.0,0.0,0.0
0.02949999999999999,0.010000000000000009,0.0125,0.020833333333333332,0.0,0.0,0.0
0.02283333333333333,0.010000000000000009,0.012833333333333335,0.01516666666666667,0.0,0.0,0.0
0.022666666666666665,0.010000000000000009,0.014999999999999998,0.014666666666666672,0.0,0.0,0.0
0.018500000000000003,0.010000000000000009,0.009000000000000003,0.014000000000000002,0.0,0.0,0.0
0.02666666666666666,0.01,0.014333333333333335,0.017166666666666667,0.0,0.0,0.0
0.03383333333333334,0.010000000000000009,0.015000000000000003,0.026500000000000006,0.0,0.0,0.0
0.02183333333333333,0.010000000000000009,0.008333333333333333,0.017166666666666667,0.0,0.0,0.0
0.03016666666666666,0.010000000000000009,0.008500000000000004,0.027333333333333328,0.0,0.0,0.0
0.016666666666666666,0.009999999999999998,0.009333333333333336,0.010833333333333334,0.0,0.0,0.0
0.019333333333333334,0.010000000000000002,0.011666666666666669,0.012833333333333337,0.0,0.0,0.0
0.02883333333333333,0.009999999999999998,0.006,0.02533333333333333,0.0,0.0,0.0
0.028166666666666666,0.010000000000000002,0.015333333333333336,0.01966666666666667,0.0,0.0,0.0
0.025166666666666667,0.010000000000000009,0.009000000000000001,0.0205,0.0,0.0,0.0
0.022166666666666668,0.009999999999999998,0.011666666666666667,0.016000000000000004,0.0,0.0,0.0
0.025666666666666667,0.010000000000000005,0.009166666666666667,0.0205,0.0,0.0,0.0
0.026166666666666664,0.010000000000000009,0.009833333333333335,0.021333333333333333,0.0,0.0,0.0
0.030000000000000002,0.010000000000000009,0.013833333333333333,0.022500000000000003,0.0,0.0,0.0
0.019000000000000003,0.01,0.008666666666666668,0.015333333333333334,0.0,0.0,0.0
0.021000000000000005,0.010000000000000009,0.005833333333333335,0.020000000000000004,0.0,0.0,0.0
0.023833333333333328,0.010000000000000009,0.012333333333333333,0.016333333333333335,0.0,0.0,0.0
0.021333333333333333,0.01,0.009000000000000003,0.016833333333333332,0.0,0.0,0.0
0.025166666666666664,0.010000000000000009,0.012500000000000006,0.02033333333333333,0.0,0.0,0.0
0.027666666666666666,0.01,0.006833333333333336,0.024833333333333332,0.0,0.0,0.0
0.015000000000000003,0.01,0.008666666666666666,0.009000000000000003,0.0,0.0,0.0
0.02383333333333333,0.010000000000000009,0.010000000000000002,0.018500000000000003,0.0,0.0,0.0
0.029999999999999995,0.01,0.007500000000000001,0.0255,0.0,0.0,0.0
0.020999999999999998,0.010000000000000009,0.010333333333333333,0.015333333333333336,0.0,0.0,0.0
0.021333333333333333,0.010000000000000002,0.009500000000000001,0.015333333333333334,0.0,0.0,0.0
0.021500000000000002,0.010000000000000009,0.010000000000000005,0.016166666666666666,0.0,0.0,0.0
0.02266666666666666,0.01,0.006000000000000001,0.020499999999999997,0.0,0.0,0.0
0.025,0.010000000000000009,0.009833333333333333,0.019000000000000003,0.0,0.0,0.0
0.016833333333333336,0.010000000000000002,0.008833333333333337,0.013666666666666669,0.0,0.0,0.0
0.033166666666666664,0.010000000000000009,0.014833333333333334,0.026666666666666665,0.0,0.0,0.0
0.022000000000000002,0.010000000000000009,0.01316666666666667,0.015000000000000003,0.0,0.0,0.0
0.022833333333333334,0.010000000000000009,0.008666666666666666,0.019000000000000003,0.0,0.0,0.0
0.021666666666666667,0.01,0.012666666666666668,0.014666666666666668,0.0,0.0,0.0
0.0195,0.0,0.008833333333333334,0.015166666666666665,0.0,0.0,0.0
0.022833333333333334,0.01,0.0065000000000000014,0.020166666666666666,0.0,0.0,0.0
0.024666666666666667,0.01,0.014833333333333336,0.01716666666666667,0.0,0.0,0.0
0.020666666666666667,0.010000000000000005,0.005000000000000003,0.01883333333333333,0.0,0.0,0.0
0.02949999999999999,0.010000000000000005,0.013333333333333332,0.022,0.0,0.0,0.0
0.0175,0.010000000000000002,0.005166666666666668,0.014666666666666666,0.0,0.0,0.0
0.022666666666666665,0.01,0.011333333333333336,0.016666666666666666,0.0,0.0,0.0
0.02549999999999999,0.010000000000000005,0.011666666666666665,0.018500000000000003,0.0,0.0,0.0
0.025500000000000005,0.010000000000000009,0.009666666666666676,0.023666666666666666,0.0,0.0,0.0
0.024166666666666666,0.010000000000000009,0.010000000000000005,0.021166666666666667,0.0,0.0,0.0
0.031166666666666662,0.010000000000000009,0.014166666666666668,0.024166666666666663,0.0,0.0,0.0
0.019000000000000003,0.009999999999999998,0.008000000000000002,0.015000000000000003,0.0,0.0,0.0
0.019000000000000003,0.01,0.0075000000000000015,0.015166666666666669,0.0,0.0,0.0
0.03033333333333333,0.010000000000000009,0.014333333333333337,0.022166666666666668,0.0,0.0,0.0
0.021500000000000005,0.010000000000000009,0.008833333333333335,0.016833333333333332,0.0,0.0,0.0
0.017666666666666664,0.009999999999999998,0.006833333333333334,0.014166666666666664,0.0,0.0,0.0
0.02366666666666667,0.01,0.006666666666666668,0.019833333333333335,0.0,0.0,0.0
0.011000000000000003,0.009999999999999998,0.006833333333333338,0.009333333333333336,0.0,0.0,0.0
0.023833333333333328,0.01,0.013166666666666667,0.01616666666666667,0.0,0.0,0.0
0.01916666666666667,0.01,0.012833333333333335,0.014000000000000002,0.0,0.0,0.0
0.03216666666666666,0.010000000000000009,0.01666666666666667,0.026166666666666668,0.0,0.0,0.0
0.024,0.01,0.008666666666666666,0.018500000000000003,0.0,0.0,0.0
0.0235,0.010000000000000009,0.006833333333333333,0.0205,0.0,0.0,0.0
0.029166666666666667,0.010000000000000009,0.014000000000000002,0.021500000000000002,0.0,0.0,0.0
0.02666666666666667,0.01,0.009666666666666667,0.020833333333333332,0.0,0.0,0.0
0.013500000000000002,0.009999999999999998,0.006666666666666667,0.009833333333333335,0.0,0.0,0.0
0.031000000000000003,0.010000000000000009,0.010500000000000002,0.026500000000000003,0.0,0.0,0.0
0.019333333333333334,0.01,0.008666666666666668,0.015000000000000003,0.0,0.0,0.0
0.01833333333333333,0.01,0.008,0.014666666666666668,0.0,0.0,0.0
0.029,0.010000000000000009,0.011500000000000002,0.024500000000000004,0.0,0.0,0.0
0.020833333333333332,0.010000000000000009,0.008500000000000002,0.016,0.0,0.0,0.0
0.02483333333333333,0.010000000000000009,0.009833333333333335,0.0195,0.0,0.0,0.0
0.025,0.010000000000000009,0.01316666666666667,0.01916666666666667,0.0,0.0,0.0
0.014333333333333335,0.01,0.009500000000000003,0.009333333333333338,0.0,0.0,0.0
0.025,0.010000000000000005,0.010833333333333335,0.019000000000000003,0.0,0.0,0.0
0.028833333333333332,0.010000000000000009,0.009166666666666668,0.025,0.0,0.0,0.0
0.02766666666666667,0.010000000000000009,0.010666666666666668,0.021833333333333337,0.0,0.0,0.0
0.020666666666666663,0.009999999999999998,0.006166666666666668,0.018666666666666668,0.0,0.0,0.0
0.025833333333333337,0.010000000000000002,0.009833333333333333,0.019000000000000003,0.0,0.0,0.0
0.025,0.010000000000000009,0.010833333333333334,0.020333333333333335,0.0,0.0,0.0
0.01933333333333333,0.01,0.009333333333333338,0.015166666666666667,0.0,0.0,0.0
0.023500000000000004,0.010000000000000005,0.0068333333333333345,0.020833333333333325,0.0,0.0,0.0
0.03133333333333333,0.010000000000000005,0.010833333333333337,0.027333333333333334,0.0,0.0,0.0
0.024666666666666667,0.010000000000000009,0.010666666666666668,0.01966666666666667,0.0,0.0,0.0
0.01466666666666667,0.010000000000000009,0.008666666666666668,0.012000000000000005,0.0,0.0,0.0
0.022499999999999996,0.010000000000000005,0.009500000000000001,0.017333333333333333,0.0,0.0,0.0
0.01616666666666667,0.010000000000000005,0.006666666666666669,0.013833333333333335,0.0,0.0,0.0
0.028166666666666663,0.010000000000000002,0.013166666666666667,0.021333333333333333,0.0,0.0,0.0
0.0195,0.009999999999999998,0.011000000000000003,0.013166666666666669,0.0,0.0,0.0
0.013833333333333335,0.009999999999999998,0.004333333333333334,0.011333333333333334,0.0,0.0,0.0
0.017666666666666667,0.01,0.009000000000000003,0.014000000000000002,0.0,0.0,0.0
0.023666666666666666,0.010000000000000009,0.009166666666666667,0.01966666666666667,0.0,0.0,0.0
0.01466666666666667,0.010000000000000009,0.0058333333333333345,0.013166666666666669,0.0,0.0,0.0
0.020833333333333332,0.010000000000000002,0.006833333333333338,0.018166666666666668,0.0,0.0,0.0
0.033333333333333326,0.019999999999999997,0.01583333333333333,0.025333333333333336,0.0,0.0,0.0
0.01216666666666667,0.009999999999999998,0.007000000000000003,0.009333333333333336,0.0,0.0,0.0
0.024666666666666667,0.010000000000000005,0.012500000000000004,0.019666666666666666,0.0,0.0,0.0
0.022000000000000002,0.01,0.006500000000000001,0.018166666666666668,0.0,0.0,0.0
0.017,0.010000000000000005,0.011833333333333333,0.011166666666666668,0.0,0.0,0.0
0.0195,0.01,0.007666666666666669,0.015166666666666667,0.0,0.0,0.0
0.026833333333333334,0.01,0.010500000000000004,0.023166666666666665,0.0,0.0,0.0
0.03033333333333333,0.010000000000000009,0.011,0.024833333333333332,0.0,0.0,0.0
0.02,0.01,0.011,0.014333333333333335,0.0,0.0,0.0
0.01683333333333333,0.01,0.006000000000000002,0.014166666666666666,0.0,0.0,0.0
0.030499999999999996,0.010000000000000009,0.012000000000000004,0.025166666666666667,0.0,0.0,0.0
0.022500000000000006,0.010000000000000009,0.014666666666666668,0.013166666666666675,0.0,0.0,0.0
0.019666666666666666,0.01,0.005666666666666667,0.018000000000000002,0.0,0.0,0.0
0.02416666666666667,0.010000000000000009,0.01583333333333333,0.01566666666666667,0.0,0.0,0.0
0.02233333333333333,0.010000000000000009,0.00816666666666667,0.019333333333333334,0.0,0.0,0.0
0.024833333333333332,0.010000000000000009,0.010833333333333335,0.01933333333333333,0.0,0.0,0.0
0.021166666666666667,0.010000000000000005,0.012000000000000004,0.016500000000000004,0.0,0.0,0.0
0.03366666666666667,0.010000000000000009,0.01716666666666667,0.02416666666666667,0.0,0.0,0.0
0.031166666666666665,0.010000000000000009,0.008500000000000004,0.029,0.0,0.0,0.0
0.025,0.010000000000000005,0.005166666666666668,0.02266666666666667,0.0,0.0,0.0
0.024999999999999998,0.01,0.010166666666666666,0.019833333333333328,0.0,0.0,0.0
0.024333333333333332,0.010000000000000009,0.010833333333333335,0.01883333333333333,0.0,0.0,0.0
0.020666666666666667,0.010000000000000005,0.010333333333333335,0.01566666666666667,0.0,0.0,0.0
0.028333333333333332,0.010000000000000009,0.012666666666666666,0.02066666666666667,0.0,0.0,0.0
0.029666666666666664,0.010000000000000002,0.008833333333333335,0.026000000000000002,0.0,0.0,0.0
0.015333333333333334,0.01,0.0071666666666666675,0.01216666666666667,0.0,0.0,0.0
0.017833333333333333,0.009999999999999998,0.010500000000000002,0.013000000000000005,0.0,0.0,0.0
0.028999999999999995,0.010000000000000009,0.015499999999999998,0.019166666666666665,0.0,0.0,0.0
0.025166666666666667,0.010000000000000009,0.011166666666666668,0.018666666666666668,0.0,0.0,0.0
0.037,0.019999999999999997,0.014833333333333336,0.031999999999999994,0.0,0.0,0.0
0.027166666666666665,0.010000000000000009,0.009500000000000001,0.022166666666666664,0.0,0.0,0.0
0.019666666666666666,0.009999999999999998,0.010666666666666668,0.015000000000000003,0.0,0.0,0.0
0.03133333333333333,0.01,0.014500000000000002,0.022500000000000003,0.0,0.0,0.0
0.0195,0.01,0.010833333333333335,0.014000000000000002,0.0,0.0,0.0
0.024833333333333332,0.010000000000000009,0.010666666666666668,0.019333333333333334,0.0,0.0,0.0
0.023833333333333335,0.010000000000000009,0.01216666666666667,0.01816666666666667,0.0,0.0,0.0
0.022833333333333334,0.010000000000000002,0.008833333333333335,0.019166666666666665,0.0,0.0,0.0
0.0195,0.009999999999999998,0.007666666666666668,0.015500000000000003,0.0,0.0,0.0
0.018666666666666665,0.01,0.006666666666666667,0.014833333333333334,0.0,0.0,0.0
0.018833333333333334,0.010000000000000009,0.011666666666666669,0.013166666666666669,0.0,0.0,0.0
0.019,0.009999999999999998,0.008166666666666668,0.014500000000000002,0.0,0.0,0.0
0.02433333333333333,0.010000000000000005,0.007666666666666666,0.01933333333333333,0.0,0.0,0.0
0.02583333333333333,0.010000000000000009,0.012333333333333335,0.0205,0.0,0.0,0.0
0.02666666666666667,0.010000000000000009,0.012500000000000002,0.019500000000000003,0.0,0.0,0.0
0.017333333333333333,0.010000000000000009,0.006333333333333335,0.014833333333333332,0.0,0.0,0.0
0.033666666666666664,0.010000000000000009,0.01633333333333333,0.02216666666666667,0.0,0.0,0.0
0.02183333333333333,0.009999999999999998,0.008166666666666666,0.016666666666666666,0.0,0.0,0.0
0.024,0.010000000000000009,0.010666666666666668,0.019833333333333335,0.0,0.0,0.0
0.024166666666666666,0.010000000000000002,0.005500000000000003,0.0225,0.0,0.0,0.0
0.023833333333333335,0.010000000000000009,0.0115,0.01566666666666667,0.0,0.0,0.0
0.026166666666666664,0.01,0.012166666666666668,0.020166666666666666,0.0,0.0,0.0
0.023666666666666662,0.009999999999999998,0.014999999999999996,0.01416666666666667,0.0,0.0,0.0
0.022,0.010000000000000009,0.011166666666666668,0.017333333333333333,0.0,0.0,0.0
0.01966666666666667,0.010000000000000005,0.010333333333333335,0.014833333333333336,0.0,0.0,0.0
0.02583333333333333,0.010000000000000009,0.008,0.022,0.0,0.0,0.0
0.017,0.010000000000000009,0.011333333333333336,0.013166666666666672,0.0,0.0,0.0
0.025333333333333333,0.01,0.009000000000000001,0.02016666666666667,0.0,0.0,0.0
0.013166666666666669,0.009999999999999998,0.005833333333333335,0.009666666666666667,0.0,0.0,0.0
0.024,0.010000000000000009,0.013833333333333335,0.016333333333333335,0.0,0.0,0.0
0.019333333333333334,0.010000000000000009,0.010166666666666666,0.013000000000000003,0.0,0.0,0.0
0.02583333333333333,0.01,0.019000000000000003,0.012833333333333337,0.0,0.0,0.0
0.026500000000000003,0.010000000000000009,0.008833333333333337,0.023333333333333334,0.0,0.0,0.0
0.017333333333333336,0.01,0.006666666666666669,0.014333333333333335,0.0,0.0,0.0
0.02516666666666667,0.010000000000000005,0.010833333333333334,0.01916666666666667,0.0,0.0,0.0
0.028166666666666666,0.010000000000000005,0.009166666666666667,0.023,0.0,0.0,0.0
0.01983333333333333,0.01,0.011166666666666665,0.013000000000000001,0.0,0.0,0.0
0.01616666666666667,0.010000000000000009,0.006333333333333334,0.013500000000000002,0.0,0.0,0.0
0.022500000000000003,0.010000000000000005,0.008166666666666668,0.018333333333333326,0.0,0.0,0.0
0.022833333333333334,0.010000000000000009,0.012000000000000002,0.016500000000000004,0.0,0.0,0.0
0.02266666666666667,0.01,0.010333333333333333,0.017,0.0,0.0,0.0
0.024,0.010000000000000009,0.015833333333333335,0.01466666666666667,0.0,0.0,0.0
0.03133333333333334,0.010000000000000009,0.015333333333333338,0.023500000000000004,0.0,0.0,0.0
0.02233333333333333,0.01,0.009166666666666667,0.017666666666666664,0.0,0.0,0.0
0.023666666666666666,0.01,0.005833333333333335,0.0205,0.0,0.0,0.0
0.027,0.010000000000000009,0.011333333333333336,0.020833333333333336,0.0,0.0,0.0
0.021500000000000002,0.010000000000000009,0.007833333333333335,0.018166666666666668,0.0,0.0,0.0
0.020000000000000004,0.010000000000000009,0.010833333333333335,0.01416666666666667,0.0,0.0,0.0
0.013166666666666667,0.009999999999999998,0.007166666666666668,0.010500000000000002,0.0,0.0,0.0
0.024833333333333336,0.010000000000000009,0.012500000000000002,0.017666666666666667,0.0,0.0,0.0
0.02583333333333333,0.010000000000000002,0.015000000000000003,0.017000000000000005,0.0,0.0,0.0
0.021,0.01,0.011000000000000003,0.014833333333333336,0.0,0.0,0.0
0.018833333333333334,0.010000000000000009,0.007666666666666668,0.015333333333333336,0.0,0.0,0.0
0.02,0.01,0.007500000000000003,0.017166666666666663,0.0,0.0,0.0
0.018333333333333333,0.01,0.008333333333333335,0.015333333333333336,0.0,0.0,0.0
0.026833333333333327,0.010000000000000005,0.013000000000000003,0.020666666666666667,0.0,0.0,0.0
0.027999999999999994,0.010000000000000002,0.009333333333333334,0.0235,0.0,0.0,0.0
0.026666666666666665,0.01,0.006166666666666668,0.024833333333333332,0.0,0.0,0.0
0.020999999999999998,0.009999999999999998,0.008000000000000002,0.017333333333333333,0.0,0.0,0.0
0.020166666666666666,0.009999999999999998,0.007166666666666669,0.0165,0.0,0.0,0.0
0.0185,0.01,0.0095,0.013833333333333335,0.0,0.0,0.0
0.018833333333333337,0.01,0.009166666666666672,0.015166666666666669,0.0,0.0,0.0
0.024666666666666667,0.010000000000000009,0.013833333333333335,0.01666666666666667,0.0,0.0,0.0
0.019500000000000003,0.010000000000000009,0.0058333333333333345,0.017,0.0,0.0,0.0
0.018000000000000002,0.010000000000000009,0.007500000000000001,0.014333333333333335,0.0,0.0,0.0
0.029000000000000005,0.010000000000000009,0.014166666666666668,0.021166666666666674,0.0,0.0,0.0
0.018500000000000003,0.009999999999999998,0.010000000000000002,0.014833333333333336,0.0,0.0,0.0
0.015000000000000005,0.010000000000000002,0.00666666666666667,0.012833333333333337,0.0,0.0,0.0
0.02133333333333333,0.01,0.007833333333333335,0.017666666666666664,0.0,0.0,0.0
0.021333333333333336,0.010000000000000009,0.009666666666666667,0.017500000000000005,0.0,0.0,0.0
0.03233333333333333,0.010000000000000009,0.016500000000000004,0.02366666666666667,0.0,0.0,0.0
0.020000000000000004,0.010000000000000009,0.006000000000000001,0.0165,0.0,0.0,0.0
0.030000000000000002,0.010000000000000009,0.011666666666666669,0.024666666666666667,0.0,0.0,0.0
0.019666666666666666,0.009999999999999998,0.005833333333333334,0.01733333333333333,0.0,0.0,0.0
0.026166666666666664,0.010000000000000009,0.010166666666666668,0.021666666666666664,0.0,0.0,0.0
0.01916666666666667,0.010000000000000002,0.007333333333333333,0.015500000000000002,0.0,0.0,0.0
0.02633333333333333,0.010000000000000005,0.006000000000000002,0.024333333333333332,0.0,0.0,0.0
0.016666666666666666,0.01,0.00716666666666667,0.013833333333333335,0.0,0.0,0.0
0.016666666666666666,0.009999999999999998,0.006833333333333335,0.014166666666666668,0.0,0.0,0.0
0.021166666666666667,0.010000000000000002,0.008333333333333335,0.017666666666666667,0.0,0.0,0.0
0.02783333333333333,0.01,0.015000000000000001,0.01983333333333333,0.0,0.0,0.0
0.0175,0.010000000000000002,0.00816666666666667,0.013500000000000002,0.0,0.0,0.0
0.017666666666666667,0.010000000000000009,0.009000000000000003,0.013000000000000005,0.0,0.0,0.0
0.02266666666666667,0.01,0.014500000000000002,0.014333333333333335,0.0,0.0,0.0
0.02583333333333333,0.010000000000000009,0.012833333333333335,0.01966666666666667,0.0,0.0,0.0
0.028166666666666666,0.01,0.012000000000000002,0.022500000000000003,0.0,0.0,0.0
0.022333333333333334,0.010000000000000009,0.010000000000000002,0.017,0.0,0.0,0.0
0.026333333333333334,0.010000000000000009,0.010000000000000004,0.022166666666666664,0.0,0.0,0.0
0.030499999999999996,0.01,0.013166666666666669,0.023000000000000003,0.0,0.0,0.0
0.019666666666666666,0.010000000000000009,0.012000000000000002,0.014166666666666668,0.0,0.0,0.0
0.02033333333333333,0.01,0.006500000000000002,0.017833333333333333,0.0,0.0,0.0
0.027333333333333334,0.010000000000000009,0.013333333333333334,0.01916666666666667,0.0,0.0,0.0
0.031000000000000003,0.010000000000000009,0.013500000000000002,0.021833333333333333,0.0,0.0,0.0
0.02583333333333333,0.009999999999999998,0.011333333333333334,0.017833333333333333,0.0,0.0,0.0
0.02783333333333333,0.010000000000000009,0.012166666666666664,0.02016666666666667,0.0,0.0,0.0
0.026833333333333327,0.004999999999999999,0.01583333333333333,0.01616666666666667,0.0,0.0,0.0
0.018833333333333334,0.010000000000000002,0.008333333333333333,0.015166666666666669,0.0,0.0,0.0
0.023666666666666666,0.009999999999999998,0.009666666666666667,0.01833333333333333,0.0,0.0,0.0
0.02733333333333333,0.01,0.013500000000000002,0.019333333333333334,0.0,0.0,0.0
0.026000000000000002,0.010000000000000009,0.010833333333333334,0.021,0.0,0.0,0.0
0.022166666666666668,0.010000000000000009,0.009666666666666672,0.018166666666666668,0.0,0.0,0.0
0.026166666666666668,0.010000000000000005,0.0115,0.0195,0.0,0.0,0.0
0.023666666666666666,0.010000000000000009,0.010833333333333335,0.016833333333333332,0.0,0.0,0.0
0.023500000000000004,0.010000000000000009,0.009000000000000005,0.0205,0.0,0.0,0.0
0.022500000000000003,0.010000000000000005,0.007000000000000003,0.0195,0.0,0.0,0.0
0.024666666666666667,0.010000000000000009,0.007000000000000002,0.02133333333333333,0.0,0.0,0.0
0.021166666666666667,0.010000000000000009,0.008500000000000004,0.017333333333333333,0.0,0.0,0.0
0.03566666666666666,0.010000000000000009,0.013166666666666667,0.027500000000000004,0.0,0.0,0.0
0.0325,0.010000000000000009,0.009333333333333336,0.02783333333333333,0.0,0.0,0.0
0.0245,0.010000000000000009,0.011166666666666668,0.01933333333333333,0.0,0.0,0.0
0.018833333333333334,0.010000000000000009,0.0070000000000000045,0.0175,0.0,0.0,0.0
0.024333333333333335,0.010000000000000009,0.009000000000000003,0.02016666666666667,0.0,0.0,0.0
0.021500000000000002,0.01,0.00766666666666667,0.01833333333333333,0.0,0.0,0.0
0.024833333333333332,0.010000000000000002,0.010666666666666668,0.018500000000000003,0.0,0.0,0.0
0.023000000000000003,0.010000000000000009,0.006000000000000002,0.020166666666666666,0.0,0.0,0.0
0.024833333333333332,0.010000000000000009,0.007833333333333335,0.021,0.0,0.0,0.0
0.024166666666666666,0.010000000000000009,0.008833333333333337,0.020666666666666667,0.0,0.0,0.0
0.03033333333333333,0.010000000000000009,0.009166666666666667,0.025500000000000002,0.0,0.0,0.0
0.02133333333333333,0.010000000000000005,0.011166666666666667,0.014500000000000002,0.0,0.0,0.0
0.03033333333333333,0.01,0.010500000000000002,0.024666666666666667,0.0,0.0,0.0
0.02583333333333333,0.010000000000000002,0.009333333333333334,0.020833333333333332,0.0,0.0,0.0
0.021833333333333333,0.010000000000000009,0.011166666666666667,0.015833333333333335,0.0,0.0,0.0
0.0265,0.010000000000000009,0.011833333333333336,0.021666666666666667,0.0,0.0,0.0
0.02766666666666667,0.010000000000000009,0.010666666666666665,0.021833333333333333,0.0,0.0,0.0
0.01916666666666667,0.010000000000000005,0.008833333333333335,0.014666666666666668,0.0,0.0,0.0
0.02033333333333333,0.01,0.009833333333333336,0.015166666666666669,0.0,0.0,0.0
0.023,0.01,0.007333333333333334,0.0195,0.0,0.0,0.0
0.02383333333333333,0.010000000000000009,0.010000000000000004,0.020000000000000004,0.0,0.0,0.0
0.018166666666666668,0.01,0.0085,0.012666666666666668,0.0,0.0,0.0
0.0205,0.010000000000000009,0.011500000000000003,0.015000000000000003,0.0,0.0,0.0
0.022333333333333334,0.01,0.007500000000000005,0.01966666666666667,0.0,0.0,0.0
0.021333333333333336,0.01,0.011166666666666665,0.014500000000000004,0.0,0.0,0.0
0.023833333333333328,0.01,0.009000000000000001,0.01883333333333333,0.0,0.0,0.0
0.01616666666666667,0.01,0.008333333333333333,0.012666666666666668,0.0,0.0,0.0
0.02333333333333333,0.010000000000000009,0.013500000000000002,0.017666666666666667,0.0,0.0,0.0
0.019333333333333334,0.010000000000000002,0.012666666666666666,0.01216666666666667,0.0,0.0,0.0
0.022500000000000003,0.010000000000000009,0.009500000000000001,0.017,0.0,0.0,0.0
0.022166666666666668,0.010000000000000005,0.014166666666666668,0.016000000000000004,0.0,0.0,0.0
0.027166666666666665,0.010000000000000009,0.012500000000000002,0.020500000000000004,0.0,0.0,0.0
0.014833333333333336,0.010000000000000002,0.005000000000000002,0.013500000000000005,0.0,0.0,0.0
0.018833333333333334,0.010000000000000002,0.008833333333333335,0.014166666666666668,0.0,0.0,0.0
0.025,0.010000000000000009,0.008000000000000004,0.022,0.0,0.0,0.0
0.02283333333333333,0.01,0.006333333333333335,0.0195,0.0,0.0,0.0
0.015833333333333335,0.009999999999999998,0.006000000000000003,0.013333333333333336,0.0,0.0,0.0
0.021166666666666667,0.01,0.009166666666666667,0.0175,0.0,0.0,0.0
0.02933333333333333,0.010000000000000009,0.006333333333333335,0.02683333333333333,0.0,0.0,0.0
0.022000000000000002,0.01,0.009833333333333335,0.018000000000000002,0.0,0.0,0.0
0.021500000000000005,0.010000000000000009,0.007000000000000002,0.01866666666666667,0.0,0.0,0.0
0.0175,0.010000000000000009,0.004833333333333336,0.016166666666666666,0.0,0.0,0.0
0.0185,0.01,0.013500000000000002,0.011500000000000003,0.0,0.0,0.0
0.021,0.010000000000000009,0.011500000000000002,0.015500000000000003,0.0,0.0,0.0
0.023833333333333335,0.010000000000000009,0.013666666666666669,0.017500000000000005,0.0,0.0,0.0
0.028000000000000008,0.010000000000000009,0.01266666666666667,0.023000000000000003,0.0,0.0,0.0
0.026333333333333327,0.010000000000000005,0.010833333333333334,0.01933333333333333,0.0,0.0,0.0
0.02183333333333333,0.01,0.0085,0.01633333333333333,0.0,0.0,0.0
0.021000000000000005,0.010000000000000009,0.007333333333333336,0.017000000000000005,0.0,0.0,0.0
0.01566666666666667,0.01,0.007333333333333335,0.011500000000000003,0.0,0.0,0.0
0.023666666666666666,0.01,0.008333333333333333,0.018166666666666668,0.0,0.0,0.0
0.018666666666666668,0.01,0.008333333333333335,0.014166666666666668,0.0,0.0,0.0
0.01883333333333333,0.01,0.010833333333333335,0.013500000000000002,0.0,0.0,0.0
0.020166666666666666,0.01,0.007833333333333335,0.01566666666666667,0.0,0.0,0.0
0.038,0.020000000000000004,0.010000000000000002,0.03383333333333333,0.0,0.0,0.0
0.01616666666666667,0.010000000000000002,0.010000000000000002,0.011166666666666668,0.0,0.0,0.0
0.022000000000000002,0.010000000000000002,0.013666666666666667,0.015166666666666669,0.0,0.0,0.0
0.03133333333333333,0.010000000000000009,0.01633333333333333,0.02316666666666667,0.0,0.0,0.0
0.02866666666666667,0.010000000000000009,0.017666666666666667,0.018333333333333333,0.0,0.0,0.0
0.021833333333333333,0.01,0.010666666666666668,0.015666666666666666,0.0,0.0,0.0
0.027333333333333328,0.010000000000000009,0.01616666666666667,0.018000000000000002,0.0,0.0,0.0
0.021,0.009999999999999998,0.005666666666666669,0.019,0.0,0.0,0.0
0.026000000000000002,0.010000000000000009,0.009333333333333336,0.022500000000000003,0.0,0.0,0.0
0.02683333333333333,0.01,0.008333333333333335,0.021666666666666667,0.0,0.0,0.0
0.032999999999999995,0.010000000000000009,0.014500000000000002,0.02416666666666667,0.0,0.0,0.0
0.018166666666666668,0.010000000000000009,0.011833333333333335,0.011833333333333336,0.0,0.0,0.0
0.01883333333333333,0.01,0.0071666666666666675,0.014166666666666668,0.0,0.0,0.0
0.03166666666666666,0.010000000000000009,0.008666666666666666,0.0265,0.0,0.0,0.0
0.020000000000000004,0.010000000000000005,0.007500000000000002,0.0165,0.0,0.0,0.0
0.02166666666666667,0.010000000000000009,0.012333333333333337,0.01533333333333334,0.0,0.0,0.0
0.030666666666666665,0.010000000000000009,0.01366666666666667,0.024833333333333336,0.0,0.0,0.0
0.018500000000000006,0.009999999999999998,0.008000000000000004,0.014666666666666668,0.0,0.0,0.0
0.019,0.01,0.009333333333333336,0.015166666666666669,0.0,0.0,0.0
0.02583333333333333,0.010000000000000009,0.012000000000000002,0.020333333333333328,0.0,0.0,0.0
0.023666666666666666,0.010000000000000009,0.009500000000000001,0.019166666666666665,0.0,0.0,0.0
0.04099999999999999,0.010000000000000009,0.018833333333333337,0.029666666666666668,0.0,0.0,0.0
0.01866666666666666,0.009999999999999998,0.008166666666666668,0.014500000000000002,0.0,0.0,0.0
0.027999999999999994,0.010000000000000009,0.010166666666666666,0.0225,0.0,0.0,0.0
0.020833333333333332,0.01,0.005500000000000001,0.018666666666666668,0.0,0.0,0.0
0.023333333333333334,0.010000000000000009,0.008333333333333335,0.018666666666666668,0.0,0.0,0.0
0.021666666666666667,0.01,0.006166666666666666,0.017833333333333333,0.0,0.0,0.0
0.028500000000000004,0.010000000000000009,0.012333333333333337,0.023000000000000003,0.0,0.0,0.0
0.03066666666666666,0.010000000000000009,0.008166666666666668,0.02533333333333333,0.0,0.0,0.0
0.017166666666666667,0.010000000000000002,0.004333333333333336,0.01533333333333333,0.0,0.0,0.0
0.014333333333333335,0.009999999999999998,0.006500000000000002,0.012333333333333335,0.0,0.0,0.0
0.032,0.010000000000000009,0.014166666666666668,0.023333333333333338,0.0,0.0,0.0
0.029500000000000002,0.010000000000000009,0.012833333333333334,0.022333333333333334,0.0,0.0,0.0
0.02616666666666667,0.010000000000000005,0.011166666666666667,0.020500000000000004,0.0,0.0,0.0
0.03716666666666666,0.010000000000000009,0.017666666666666667,0.02783333333333333,0.0,0.0,0.0
0.02333333333333333,0.010000000000000009,0.008833333333333335,0.018,0.0,0.0,0.0
0.0195,0.01,0.008833333333333334,0.0145,0.0,0.0,0.0
0.011833333333333335,0.009999999999999998,0.0065000000000000014,0.008166666666666668,0.0,0.0,0.0
0.022833333333333334,0.010000000000000009,0.009166666666666668,0.018666666666666668,0.0,0.0,0.0
0.024,0.010000000000000009,0.009666666666666669,0.019500000000000003,0.0,0.0,0.0
0.015666666666666666,0.004999999999999999,0.005500000000000003,0.014499999999999997,0.0,0.0,0.0
0.025333333333333333,0.010000000000000005,0.010500000000000002,0.019500000000000003,0.0,0.0,0.0
0.022500000000000003,0.010000000000000009,0.010333333333333335,0.01566666666666667,0.0,0.0,0.0
0.025333333333333333,0.010000000000000009,0.015000000000000001,0.0165,0.0,0.0,0.0
0.032166666666666656,0.010000000000000005,0.005666666666666669,0.029833333333333333,0.0,0.0,0.0
0.028166666666666663,0.010000000000000009,0.013333333333333334,0.0195,0.0,0.0,0.0
0.024666666666666667,0.010000000000000009,0.008500000000000004,0.021666666666666667,0.0,0.0,0.0
0.025833333333333333,0.010000000000000009,0.014833333333333336,0.018500000000000003,0.0,0.0,0.0
0.024666666666666667,0.010000000000000009,0.012833333333333334,0.01816666666666667,0.0,0.0,0.0
0.01933333333333333,0.01,0.008833333333333334,0.014166666666666668,0.0,0.0,0.0
0.021833333333333337,0.010000000000000009,0.007166666666666671,0.020000000000000004,0.0,0.0,0.0
0.0285,0.009999999999999998,0.012000000000000002,0.021166666666666667,0.0,0.0,0.0
0.029833333333333333,0.010000000000000009,0.014000000000000002,0.021666666666666667,0.0,0.0,0.0
0.024333333333333332,0.010000000000000009,0.007833333333333336,0.019833333333333328,0.0,0.0,0.0
0.0205,0.01,0.006833333333333335,0.016999999999999998,0.0,0.0,0.0
0.017166666666666667,0.010000000000000005,0.009666666666666669,0.013166666666666669,0.0,0.0,0.0
0.018833333333333334,0.010000000000000002,0.007833333333333335,0.015333333333333332,0.0,0.0,0.0
0.021166666666666663,0.01,0.009500000000000001,0.01566666666666667,0.0,0.0,0.0
0.02783333333333333,0.01,0.0115,0.021,0.0,0.0,0.0
0.022666666666666665,0.010000000000000009,0.01216666666666667,0.017333333333333333,0.0,0.0,0.0
0.022000000000000006,0.010000000000000009,0.01166666666666667,0.018500000000000006,0.0,0.0,0.0
0.022500000000000003,0.010000000000000009,0.0075000000000000015,0.019000000000000003,0.0,0.0,0.0
0.026166666666666668,0.01,0.008333333333333333,0.021500000000000002,0.0,0.0,0.0
0.03066666666666666,0.01,0.009333333333333334,0.024333333333333332,0.0,0.0,0.0
0.01966666666666667,0.010000000000000009,0.008166666666666668,0.016333333333333335,0.0,0.0,0.0
0.02,0.01,0.009500000000000005,0.017833333333333333,0.0,0.0,0.0
0.024,0.010000000000000005,0.007833333333333336,0.021333333333333336,0.0,0.0,0.0
0.016333333333333335,0.01,0.00566666666666667,0.014833333333333336,0.0,0.0,0.0
0.018166666666666668,0.009999999999999998,0.008500000000000002,0.013666666666666667,0.0,0.0,0.0
0.020000000000000004,0.010000000000000009,0.0085,0.015833333333333338,0.0,0.0,0.0
0.025666666666666664,0.01,0.008166666666666666,0.020666666666666663,0.0,0.0,0.0
0.021666666666666667,0.010000000000000009,0.010500000000000002,0.016833333333333336,0.0,0.0,0.0
0.017166666666666667,0.010000000000000002,0.007000000000000002,0.014666666666666668,0.0,0.0,0.0
0.012166666666666668,0.009999999999999998,0.007666666666666669,0.009333333333333336,0.0,0.0,0.0
0.02383333333333333,0.010000000000000009,0.010333333333333337,0.020833333333333332,0.0,0.0,0.0
0.02833333333333333,0.01,0.013833333333333335,0.019666666666666662,0.0,0.0,0.0
0.0225,0.010000000000000009,0.009666666666666667,0.016666666666666666,0.0,0.0,0.0
0.03216666666666666,0.010000000000000009,0.012500000000000002,0.02583333333333333,0.0,0.0,0.0
0.02333333333333333,0.010000000000000009,0.012000000000000004,0.017,0.0,0.0,0.0
0.02633333333333333,0.010000000000000009,0.010833333333333335,0.02033333333333333,0.0,0.0,0.0
0.025166666666666664,0.01,0.011500000000000003,0.019166666666666665,0.0,0.0,0.0
0.024999999999999998,0.010000000000000009,0.008333333333333333,0.0205,0.0,0.0,0.0
0.021666666666666667,0.010000000000000009,0.011166666666666667,0.01616666666666667,0.0,0.0,0.0
0.022166666666666664,0.01,0.007333333333333334,0.0185,0.0,0.0,0.0
0.025333333333333333,0.010000000000000009,0.014000000000000002,0.0165,0.0,0.0,0.0
0.021166666666666667,0.010000000000000002,0.010000000000000004,0.01616666666666667,0.0,0.0,0.0
0.01833333333333333,0.009999999999999998,0.008333333333333333,0.013666666666666667,0.0,0.0,0.0
0.02233333333333333,0.01,0.003833333333333335,0.020499999999999997,0.0,0.0,0.0
0.0225,0.010000000000000002,0.013333333333333334,0.015000000000000003,0.0,0.0,0.0
0.02683333333333333,0.010000000000000009,0.012166666666666668,0.02066666666666667,0.0,0.0,0.0
0.018166666666666668,0.01,0.011166666666666667,0.011500000000000003,0.0,0.0,0.0
0.030166666666666665,0.010000000000000009,0.014000000000000002,0.0225,0.0,0.0,0.0
0.01833333333333333,0.009999999999999998,0.007166666666666669,0.016,0.0,0.0,0.0
0.021833333333333333,0.010000000000000009,0.009666666666666669,0.018000000000000002,0.0,0.0,0.0
0.032166666666666656,0.010000000000000009,0.013833333333333335,0.024500000000000004,0.0,0.0,0.0
0.028333333333333332,0.010000000000000009,0.007000000000000003,0.025166666666666667,0.0,0.0,0.0
0.028166666666666666,0.010000000000000005,0.013833333333333338,0.02266666666666667,0.0,0.0,0.0
0.016000000000000004,0.009999999999999998,0.009333333333333336,0.010666666666666668,0.0,0.0,0.0
0.02233333333333333,0.010000000000000009,0.00716666666666667,0.019166666666666665,0.0,0.0,0.0
0.035166666666666666,0.01,0.012833333333333332,0.028166666666666663,0.0,0.0,0.0
0.01866666666666666,0.009999999999999998,0.010666666666666666,0.011500000000000002,0.0,0.0,0.0
0.018833333333333334,0.009999999999999998,0.008833333333333334,0.013833333333333336,0.0,0.0,0.0
0.02,0.010000000000000002,0.009166666666666667,0.014666666666666668,0.0,0.0,0.0
0.0275,0.010000000000000009,0.013333333333333334,0.021333333333333336,0.0,0.0,0.0
0.024333333333333332,0.010000000000000005,0.013166666666666669,0.017833333333333336,0.0,0.0,0.0
0.020166666666666666,0.010000000000000002,0.007333333333333337,0.016833333333333336,0.0,0.0,0.0
0.026500000000000003,0.010000000000000002,0.017166666666666667,0.016500000000000004,0.0,0.0,0.0
0.021333333333333336,0.010000000000000005,0.011833333333333335,0.015000000000000003,0.0,0.0,0.0
0.025500000000000002,0.010000000000000009,0.007333333333333335,0.022333333333333334,0.0,0.0,0.0
0.025333333333333333,0.010000000000000005,0.015500000000000002,0.017,0.0,0.0,0.0
0.02066666666666667,0.01,0.0105,0.015333333333333336,0.0,0.0,0.0
0.02066666666666667,0.010000000000000002,0.009333333333333338,0.015833333333333335,0.0,0.0,0.0
0.0265,0.010000000000000002,0.006833333333333338,0.024,0.0,0.0,0.0
0.025333333333333333,0.010000000000000009,0.01066666666666667,0.021500000000000002,0.0,0.0,0.0
0.026333333333333334,0.010000000000000009,0.014000000000000002,0.017666666666666667,0.0,0.0,0.0
0.018666666666666665,0.009999999999999998,0.008000000000000002,0.016,0.0,0.0,0.0
0.02,0.009999999999999998,0.009833333333333335,0.015333333333333336,0.0,0.0,0.0
0.024833333333333336,0.010000000000000009,0.009833333333333336,0.01966666666666667,0.0,0.0,0.0
0.0195,0.01,0.005000000000000002,0.0185,0.0,0.0,0.0
0.030333333333333337,0.010000000000000005,0.009000000000000001,0.026166666666666664,0.0,0.0,0.0
0.027333333333333334,0.010000000000000009,0.017000000000000005,0.018500000000000006,0.0,0.0,0.0
0.021666666666666667,0.009999999999999998,0.009833333333333333,0.015833333333333335,0.0,0.0,0.0
0.022666666666666665,0.010000000000000009,0.011166666666666667,0.017166666666666667,0.0,0.0,0.0
0.025166666666666667,0.010000000000000009,0.008500000000000002,0.021500000000000002,0.0,0.0,0.0
0.0165,0.009999999999999998,0.0075000000000000015,0.013500000000000003,0.0,0.0,0.0
0.02833333333333333,0.010000000000000002,0.008,0.023666666666666662,0.0,0.0,0.0
0.013166666666666669,0.01,0.006000000000000001,0.010000000000000004,0.0,0.0,0.0
0.033499999999999995,0.010000000000000009,0.009333333333333334,0.02816666666666667,0.0,0.0,0.0
0.023833333333333335,0.01,0.011000000000000003,0.018500000000000006,0.0,0.0,0.0
0.023999999999999997,0.010000000000000002,0.010666666666666666,0.018333333333333333,0.0,0.0,0.0
0.014666666666666666,0.009999999999999998,0.0075000000000000015,0.011666666666666665,0.0,0.0,0.0
0.024,0.010000000000000009,0.012833333333333337,0.019333333333333334,0.0,0.0,0.0
0.02066666666666667,0.010000000000000009,0.011500000000000002,0.014666666666666672,0.0,0.0,0.0
0.018166666666666664,0.01,0.0036666666666666683,0.01683333333333333,0.0,0.0,0.0
0.021666666666666667,0.010000000000000009,0.009666666666666669,0.017333333333333333,0.0,0.0,0.0
0.02483333333333333,0.010000000000000009,0.014166666666666668,0.017833333333333333,0.0,0.0,0.0
0.017,0.01,0.007166666666666669,0.014333333333333333,0.0,0.0,0.0
0.02683333333333333,0.010000000000000002,0.01633333333333333,0.015000000000000005,0.0,0.0,0.0
0.02833333333333333,0.010000000000000009,0.012666666666666666,0.020333333333333335,0.0,0.0,0.0
0.021500000000000002,0.010000000000000009,0.010333333333333332,0.0165,0.0,0.0,0.0
0.028000000000000004,0.010000000000000009,0.012000000000000002,0.02066666666666667,0.0,0.0,0.0
0.017,0.01,0.0085,0.011833333333333336,0.0,0.0,0.0
0.020000000000000004,0.010000000000000009,0.010000000000000002,0.01566666666666667,0.0,0.0,0.0
0.02533333333333333,0.010000000000000009,0.013,0.0175,0.0,0.0,0.0
0.028500000000000004,0.01,0.008500000000000004,0.025833333333333333,0.0,0.0,0.0
0.02033333333333333,0.01,0.005333333333333335,0.018166666666666668,0.0,0.0,0.0
0.015499999999999998,0.009999999999999998,0.005000000000000002,0.013500000000000002,0.0,0.0,0.0
0.026166666666666664,0.010000000000000009,0.007333333333333336,0.02283333333333333,0.0,0.0,0.0
0.024333333333333332,0.010000000000000009,0.010333333333333335,0.0205,0.0,0.0,0.0
0.026333333333333334,0.010000000000000009,0.014833333333333334,0.017833333333333336,0.0,0.0,0.0
0.026666666666666665,0.010000000000000005,0.012333333333333332,0.020000000000000004,0.0,0.0,0.0
0.01766666666666667,0.010000000000000009,0.007833333333333335,0.012833333333333337,0.0,0.0,0.0
0.0285,0.010000000000000009,0.011333333333333332,0.022333333333333334,0.0,0.0,0.0
0.021500000000000005,0.009999999999999998,0.007666666666666669,0.0175,0.0,0.0,0.0
0.026166666666666664,0.010000000000000005,0.008500000000000004,0.023,0.0,0.0,0.0
0.023166666666666662,0.010000000000000002,0.0085,0.018666666666666665,0.0,0.0,0.0
0.023833333333333335,0.010000000000000009,0.008500000000000004,0.02066666666666667,0.0,0.0,0.0
0.020166666666666663,0.010000000000000002,0.008833333333333335,0.016166666666666666,0.0,0.0,0.0
0.020500000000000004,0.010000000000000009,0.011166666666666667,0.014166666666666668,0.0,0.0,0.0
0.024499999999999997,0.010000000000000005,0.011166666666666668,0.018333333333333333,0.0,0.0,0.0
0.020333333333333328,0.01,0.010833333333333335,0.014500000000000002,0.0,0.0,0.0
0.02683333333333333,0.010000000000000009,0.009500000000000001,0.023,0.0,0.0,0.0
0.020166666666666666,0.01,0.007666666666666667,0.015333333333333336,0.0,0.0,0.0
0.025333333333333336,0.010000000000000009,0.01266666666666667,0.019333333333333334,0.0,0.0,0.0
0.022333333333333334,0.01,0.010000000000000002,0.016666666666666666,0.0,0.0,0.0
0.029499999999999995,0.010000000000000009,0.006500000000000002,0.026,0.0,0.0,0.0
0.01566666666666667,0.01,0.011500000000000002,0.008333333333333337,0.0,0.0,0.0
0.018166666666666668,0.01,0.015833333333333335,0.0070000000000000045,0.0,0.0,0.0
0.017833333333333333,0.010000000000000005,0.012666666666666666,0.01166666666666667,0.0,0.0,0.0
0.018666666666666668,0.010000000000000009,0.009500000000000003,0.0145,0.0,0.0,0.0
0.02266666666666667,0.010000000000000009,0.012666666666666666,0.015333333333333336,0.0,0.0,0.0
0.01566666666666667,0.009999999999999998,0.00616666666666667,0.013666666666666667,0.0,0.0,0.0
0.025666666666666667,0.010000000000000009,0.008333333333333335,0.022166666666666668,0.0,0.0,0.0
0.022500000000000003,0.010000000000000002,0.008333333333333333,0.018000000000000002,0.0,0.0,0.0
0.018500000000000003,0.009999999999999998,0.010000000000000002,0.013166666666666667,0.0,0.0,0.0
0.019500000000000003,0.010000000000000005,0.012000000000000002,0.012000000000000002,0.0,0.0,0.0
0.021166666666666667,0.010000000000000009,0.008666666666666666,0.016333333333333335,0.0,0.0,0.0
0.0165,0.01,0.004833333333333334,0.014000000000000002,0.0,0.0,0.0
0.03666666666666665,0.010000000000000009,0.016333333333333335,0.028499999999999994,0.0,0.0,0.0
0.022166666666666668,0.010000000000000002,0.010333333333333338,0.017333333333333333,0.0,0.0,0.0
0.020833333333333332,0.01,0.006833333333333334,0.016166666666666666,0.0,0.0,0.0
0.028166666666666666,0.010000000000000009,0.010166666666666668,0.023166666666666665,0.0,0.0,0.0
0.020666666666666663,0.010000000000000002,0.010666666666666666,0.014500000000000002,0.0,0.0,0.0
0.019333333333333334,0.010000000000000005,0.011333333333333338,0.014666666666666666,0.0,0.0,0.0
0.017833333333333333,0.01,0.008000000000000002,0.014,0.0,0.0,0.0
0.026,0.010000000000000005,0.011833333333333333,0.019000000000000003,0.0,0.0,0.0
0.028833333333333336,0.010000000000000009,0.011166666666666667,0.02366666666666667,0.0,0.0,0.0
0.015499999999999998,0.009999999999999998,0.006666666666666668,0.012499999999999999,0.0,0.0,0.0
0.020833333333333336,0.010000000000000005,0.015500000000000003,0.011500000000000005,0.0,0.0,0.0
0.02316666666666667,0.010000000000000009,0.010500000000000002,0.018000000000000002,0.0,0.0,0.0
0.023,0.01,0.009666666666666667,0.018666666666666668,0.0,0.0,0.0
0.03216666666666666,0.010000000000000009,0.011833333333333333,0.026000000000000002,0.0,0.0,0.0
0.024166666666666666,0.010000000000000009,0.0065000000000000014,0.020333333333333328,0.0,0.0,0.0
0.021,0.010000000000000009,0.009000000000000001,0.016833333333333336,0.0,0.0,0.0
0.030833333333333334,0.010000000000000009,0.016000000000000004,0.024500000000000004,0.0,0.0,0.0
0.016000000000000004,0.009999999999999998,0.008166666666666668,0.01166666666666667,0.0,0.0,0.0
0.033499999999999995,0.010000000000000009,0.009833333333333336,0.02816666666666667,0.0,0.0,0.0
0.03033333333333333,0.010000000000000009,0.009833333333333336,0.025666666666666667,0.0,0.0,0.0
0.027,0.01,0.011666666666666665,0.020500000000000004,0.0,0.0,0.0
0.02683333333333333,0.01,0.006500000000000002,0.025166666666666664,0.0,0.0,0.0
0.021000000000000005,0.010000000000000002,0.010833333333333334,0.014166666666666668,0.0,0.0,0.0
0.01933333333333333,0.01,0.009666666666666667,0.0145,0.0,0.0,0.0
0.02683333333333333,0.010000000000000009,0.011500000000000003,0.020166666666666666,0.0,0.0,0.0
0.027333333333333334,0.010000000000000009,0.01216666666666667,0.022000000000000002,0.0,0.0,0.0
0.02266666666666667,0.01,0.012000000000000002,0.01566666666666667,0.0,0.0,0.0
0.018333333333333333,0.01,0.006833333333333334,0.013833333333333335,0.0,0.0,0.0
0.02016666666666667,0.01,0.014166666666666668,0.013000000000000005,0.0,0.0,0.0
0.016833333333333332,0.009999999999999998,0.0085,0.012666666666666666,0.0,0.0,0.0
0.02233333333333333,0.010000000000000009,0.013666666666666667,0.016000000000000004,0.0,0.0,0.0
0.02733333333333333,0.010000000000000009,0.011666666666666669,0.0225,0.0,0.0,0.0
0.03233333333333333,0.010000000000000009,0.011166666666666668,0.026833333333333327,0.0,0.0,0.0
0.024166666666666666,0.010000000000000009,0.013166666666666667,0.017500000000000005,0.0,0.0,0.0
0.026333333333333337,0.010000000000000009,0.010166666666666668,0.02166666666666667,0.0,0.0,0.0
0.019833333333333335,0.009999999999999998,0.005833333333333337,0.016666666666666666,0.0,0.0,0.0
0.01833333333333333,0.010000000000000005,0.009333333333333334,0.013666666666666667,0.0,0.0,0.0
0.021500000000000002,0.010000000000000009,0.011166666666666665,0.015166666666666669,0.0,0.0,0.0
0.0225,0.010000000000000009,0.008666666666666668,0.0165,0.0,0.0,0.0
0.0235,0.01,0.006166666666666669,0.020999999999999998,0.0,0.0,0.0
0.023499999999999997,0.010000000000000005,0.011333333333333336,0.017333333333333333,0.0,0.0,0.0
0.016000000000000004,0.009999999999999998,0.00766666666666667,0.012500000000000004,0.0,0.0,0.0
0.026333333333333334,0.010000000000000009,0.013166666666666667,0.0185,0.0,0.0,0.0
0.020500000000000004,0.010000000000000009,0.007666666666666669,0.017166666666666667,0.0,0.0,0.0
0.02583333333333334,0.010000000000000009,0.011500000000000003,0.021333333333333336,0.0,0.0,0.0
0.020833333333333336,0.010000000000000005,0.007333333333333338,0.01916666666666667,0.0,0.0,0.0
0.020833333333333336,0.01,0.00766666666666667,0.018000000000000002,0.0,0.0,0.0
0.022333333333333334,0.01,0.006333333333333334,0.019666666666666666,0.0,0.0,0.0
0.03266666666666666,0.010000000000000009,0.011166666666666667,0.025833333333333333,0.0,0.0,0.0
0.023000000000000003,0.010000000000000005,0.010000000000000002,0.017666666666666667,0.0,0.0,0.0
0.025,0.010000000000000009,0.011333333333333336,0.019000000000000003,0.0,0.0,0.0
0.020833333333333332,0.010000000000000009,0.006166666666666667,0.016666666666666666,0.0,0.0,0.0
0.019833333333333335,0.010000000000000009,0.011333333333333336,0.013666666666666669,0.0,0.0,0.0
0.021666666666666667,0.010000000000000002,0.012500000000000002,0.014000000000000005,0.0,0.0,0.0
0.028166666666666666,0.010000000000000009,0.011333333333333336,0.023500000000000004,0.0,0.0,0.0
0.024666666666666667,0.010000000000000005,0.007500000000000002,0.02133333333333333,0.0,0.0,0.0
0.020833333333333332,0.01,0.008,0.0165,0.0,0.0,0.0
0.02166666666666667,0.01,0.013666666666666667,0.01333333333333334,0.0,0.0,0.0
0.0235,0.010000000000000009,0.009666666666666669,0.018166666666666668,0.0,0.0,0.0
0.0315,0.010000000000000009,0.01883333333333333,0.019000000000000003,0.0,0.0,0.0
0.025333333333333333,0.010000000000000005,0.012166666666666668,0.018333333333333333,0.0,0.0,0.0
0.0265,0.010000000000000009,0.013166666666666667,0.019333333333333334,0.0,0.0,0.0
0.01716666666666667,0.01,0.009166666666666667,0.012000000000000004,0.0,0.0,0.0
0.025333333333333336,0.010000000000000009,0.011666666666666667,0.018500000000000006,0.0,0.0,0.0
0.014166666666666668,0.010000000000000002,0.004833333333333336,0.012666666666666666,0.0,0.0,0.0
0.020166666666666666,0.010000000000000005,0.00816666666666667,0.0165,0.0,0.0,0.0
0.02316666666666667,0.010000000000000002,0.012499999999999999,0.017,0.0,0.0,0.0
0.022833333333333334,0.010000000000000002,0.012666666666666666,0.015166666666666669,0.0,0.0,0.0
0.015000000000000001,0.009999999999999998,0.004166666666666668,0.013833333333333335,0.0,0.0,0.0
0.026333333333333327,0.01,0.013833333333333331,0.01866666666666667,0.0,0.0,0.0
0.0185,0.009999999999999998,0.013000000000000001,0.012166666666666671,0.0,0.0,0.0
0.021333333333333336,0.010000000000000002,0.010666666666666668,0.01566666666666667,0.0,0.0,0.0
0.01983333333333333,0.01,0.010166666666666668,0.015166666666666669,0.0,0.0,0.0
0.023166666666666665,0.010000000000000009,0.011333333333333334,0.01616666666666667,0.0,0.0,0.0
0.022,0.009999999999999998,0.006500000000000001,0.019,0.0,0.0,0.0
0.030333333333333334,0.010000000000000009,0.007500000000000003,0.026333333333333334,0.0,0.0,0.0
0.015833333333333335,0.010000000000000002,0.007833333333333336,0.012666666666666668,0.0,0.0,0.0
0.0265,0.009999999999999998,0.00566666666666667,0.025333333333333333,0.0,0.0,0.0
0.028166666666666666,0.010000000000000009,0.014333333333333335,0.020333333333333335,0.0,0.0,0.0
0.022666666666666665,0.010000000000000009,0.010666666666666666,0.016166666666666666,0.0,0.0,0.0
0.024666666666666663,0.010000000000000009,0.006500000000000002,0.022,0.0,0.0,0.0
0.025833333333333333,0.010000000000000009,0.009833333333333335,0.020000000000000004,0.0,0.0,0.0
0.02283333333333333,0.010000000000000009,0.007000000000000003,0.020499999999999997,0.0,0.0,0.0
0.02866666666666667,0.010000000000000009,0.017,0.018500000000000006,0.0,0.0,0.0
0.01966666666666667,0.010000000000000009,0.008166666666666671,0.016333333333333335,0.0,0.0,0.0
0.027,0.010000000000000009,0.011333333333333334,0.0225,0.0,0.0,0.0
0.0225,0.010000000000000005,0.006333333333333335,0.02,0.0,0.0,0.0
0.0205,0.009999999999999998,0.012333333333333335,0.013833333333333335,0.0,0.0,0.0
0.0245,0.01,0.0085,0.02,0.0,0.0,0.0
0.03416666666666667,0.010000000000000009,0.012666666666666666,0.026833333333333338,0.0,0.0,0.0
0.021166666666666667,0.010000000000000009,0.006500000000000002,0.018500000000000003,0.0,0.0,0.0
0.0195,0.010000000000000005,0.007000000000000002,0.016166666666666666,0.0,0.0,0.0
0.015333333333333334,0.010000000000000002,0.0035000000000000022,0.013333333333333334,0.0,0.0,0.0
0.026166666666666668,0.010000000000000009,0.013666666666666667,0.018833333333333334,0.0,0.0,0.0
0.02266666666666667,0.010000000000000009,0.008166666666666668,0.01933333333333333,0.0,0.0,0.0
0.021,0.009999999999999998,0.009166666666666667,0.015333333333333334,0.0,0.0,0.0
0.02583333333333333,0.010000000000000005,0.009333333333333338,0.023,0.0,0.0,0.0
0.023500000000000007,0.010000000000000002,0.009333333333333338,0.020833333333333336,0.0,0.0,0.0
0.021500000000000005,0.010000000000000009,0.008500000000000002,0.016333333333333335,0.0,0.0,0.0
0.01866666666666667,0.01,0.011166666666666668,0.013833333333333336,0.0,0.0,0.0
0.024500000000000004,0.010000000000000009,0.01366666666666667,0.019000000000000003,0.0,0.0,0.0
0.029500000000000002,0.010000000000000009,0.011500000000000003,0.0235,0.0,0.0,0.0
0.021500000000000002,0.01,0.009166666666666668,0.017166666666666667,0.0,0.0,0.0
0.022833333333333334,0.010000000000000005,0.009666666666666669,0.0195,0.0,0.0,0.0
0.0205,0.010000000000000005,0.009333333333333334,0.015000000000000001,0.0,0.0,0.0
0.018833333333333334,0.01,0.006166666666666668,0.01566666666666667,0.0,0.0,0.0
0.028666666666666663,0.010000000000000009,0.014333333333333335,0.01933333333333333,0.0,0.0,0.0
0.016333333333333335,0.01,0.007333333333333337,0.014500000000000002,0.0,0.0,0.0
0.020500000000000004,0.010000000000000002,0.010666666666666666,0.014833333333333336,0.0,0.0,0.0
0.025000000000000005,0.010000000000000009,0.010333333333333335,0.019833333333333335,0.0,0.0,0.0
0.025833333333333333,0.010000000000000002,0.011166666666666674,0.022333333333333334,0.0,0.0,0.0
0.02766666666666667,0.010000000000000009,0.014500000000000002,0.020666666666666667,0.0,0.0,0.0
0.025166666666666667,0.010000000000000009,0.013166666666666667,0.018333333333333337,0.0,0.0,0.0
0.02283333333333333,0.009999999999999998,0.008333333333333337,0.01833333333333333,0.0,0.0,0.0
0.017666666666666667,0.01,0.009666666666666669,0.011833333333333336,0.0,0.0,0.0
0.016666666666666666,0.009999999999999998,0.009166666666666667,0.012000000000000002,0.0,0.0,0.0
0.015000000000000001,0.01,0.004000000000000003,0.013333333333333334,0.0,0.0,0.0
0.021333333333333333,0.01,0.010333333333333333,0.0165,0.0,0.0,0.0
0.017666666666666667,0.010000000000000002,0.012333333333333335,0.01066666666666667,0.0,0.0,0.0
0.020166666666666663,0.01,0.008000000000000002,0.015499999999999998,0.0,0.0,0.0
0.017,0.01,0.0058333333333333345,0.013833333333333335,0.0,0.0,0.0
0.02716666666666667,0.010000000000000009,0.010500000000000002,0.022166666666666668,0.0,0.0,0.0
0.020666666666666667,0.009999999999999998,0.010166666666666668,0.014000000000000002,0.0,0.0,0.0
0.02583333333333333,0.01,0.011000000000000005,0.020166666666666666,0.0,0.0,0.0
0.016666666666666666,0.01,0.009833333333333335,0.012333333333333337,0.0,0.0,0.0
0.026000000000000002,0.010000000000000009,0.013666666666666667,0.017,0.0,0.0,0.0
0.02533333333333333,0.010000000000000009,0.009000000000000003,0.022500000000000003,0.0,0.0,0.0
0.030833333333333327,0.010000000000000009,0.013333333333333336,0.023666666666666666,0.0,0.0,0.0
0.019500000000000003,0.01,0.008166666666666668,0.01566666666666667,0.0,0.0,0.0
0.018500000000000003,0.010000000000000009,0.0071666666666666675,0.015166666666666669,0.0,0.0,0.0
0.023833333333333335,0.010000000000000009,0.01066666666666667,0.019833333333333335,0.0,0.0,0.0
0.028333333333333332,0.010000000000000009,0.01216666666666667,0.023500000000000004,0.0,0.0,0.0
0.020166666666666673,0.010000000000000005,0.009166666666666668,0.017000000000000005,0.0,0.0,0.0
0.023166666666666662,0.010000000000000009,0.008666666666666666,0.018000000000000002,0.0,0.0,0.0
0.028500000000000008,0.010000000000000009,0.012000000000000004,0.02416666666666667,0.0,0.0,0.0
0.024166666666666663,0.010000000000000002,0.011166666666666667,0.016999999999999998,0.0,0.0,0.0
0.032499999999999994,0.010000000000000009,0.012833333333333334,0.02483333333333333,0.0,0.0,0.0
0.015500000000000003,0.01,0.005166666666666668,0.013666666666666667,0.0,0.0,0.0
0.029333333333333336,0.010000000000000009,0.017833333333333333,0.01966666666666667,0.0,0.0,0.0
0.023666666666666666,0.009999999999999998,0.010166666666666668,0.018666666666666668,0.0,0.0,0.0
0.013000000000000001,0.009999999999999998,0.008333333333333335,0.009000000000000005,0.0,0.0,0.0
0.023500000000000004,0.010000000000000009,0.009666666666666667,0.017333333333333336,0.0,0.0,0.0
0.024666666666666663,0.010000000000000009,0.006833333333333334,0.021,0.0,0.0,0.0
0.02466666666666667,0.010000000000000009,0.00766666666666667,0.022000000000000002,0.0,0.0,0.0
0.022166666666666664,0.01,0.0125,0.013000000000000001,0.0,0.0,0.0
0.021,0.010000000000000009,0.009833333333333336,0.016166666666666666,0.0,0.0,0.0
0.025,0.010000000000000002,0.011500000000000002,0.018833333333333334,0.0,0.0,0.0
0.017333333333333336,0.01,0.008333333333333337,0.014000000000000004,0.0,0.0,0.0
0.025500000000000005,0.010000000000000009,0.009833333333333338,0.0205,0.0,0.0,0.0
0.023,0.01,0.011000000000000003,0.016666666666666666,0.0,0.0,0.0
0.023666666666666666,0.010000000000000009,0.01566666666666667,0.016000000000000004,0.0,0.0,0.0
0.024999999999999998,0.010000000000000009,0.013833333333333335,0.016333333333333335,0.0,0.0,0.0
0.02233333333333333,0.01,0.008166666666666668,0.017333333333333333,0.0,0.0,0.0
0.023999999999999997,0.009999999999999998,0.003500000000000002,0.022833333333333327,0.0,0.0,0.0
0.0195,0.010000000000000005,0.008666666666666668,0.015000000000000001,0.0,0.0,0.0
0.024833333333333332,0.010000000000000009,0.014333333333333335,0.01666666666666667,0.0,0.0,0.0
0.019,0.009999999999999998,0.004666666666666668,0.01633333333333333,0.0,0.0,0.0
0.0205,0.01,0.010500000000000002,0.014666666666666668,0.0,0.0,0.0
0.01416666666666667,0.010000000000000002,0.00566666666666667,0.012666666666666668,0.0,0.0,0.0
0.027,0.010000000000000009,0.015500000000000005,0.020000000000000004,0.0,0.0,0.0
0.03383333333333333,0.010000000000000009,0.012833333333333335,0.02733333333333333,0.0,0.0,0.0
0.025000000000000005,0.01,0.013500000000000003,0.016500000000000004,0.0,0.0,0.0
0.027666666666666666,0.010000000000000009,0.006500000000000001,0.023999999999999997,0.0,0.0,0.0
0.02283333333333333,0.010000000000000002,0.011833333333333336,0.01566666666666667,0.0,0.0,0.0
0.020499999999999997,0.010000000000000005,0.009500000000000001,0.0165,0.0,0.0,0.0
0.025666666666666664,0.010000000000000009,0.009833333333333336,0.0225,0.0,0.0,0.0
0.020833333333333332,0.010000000000000009,0.0051666666666666675,0.018166666666666668,0.0,0.0,0.0
0.02816666666666667,0.010000000000000009,0.010833333333333335,0.023000000000000003,0.0,0.0,0.0
0.018500000000000003,0.01,0.006333333333333333,0.015333333333333334,0.0,0.0,0.0
0.01983333333333333,0.010000000000000005,0.010000000000000004,0.014166666666666668,0.0,0.0,0.0
0.03383333333333334,0.010000000000000009,0.015000000000000003,0.025,0.0,0.0,0.0
0.026333333333333334,0.010000000000000009,0.011333333333333336,0.021833333333333333,0.0,0.0,0.0
0.02883333333333333,0.010000000000000009,0.00816666666666667,0.025666666666666664,0.0,0.0,0.0
0.025500000000000005,0.010000000000000009,0.014833333333333334,0.018500000000000006,0.0,0.0,0.0
0.020166666666666666,0.010000000000000009,0.007333333333333334,0.016333333333333335,0.0,0.0,0.0
0.03116666666666667,0.010000000000000009,0.009666666666666667,0.026333333333333334,0.0,0.0,0.0
0.03166666666666666,0.01,0.014000000000000002,0.0245,0.0,0.0,0.0
0.021333333333333333,0.01,0.009333333333333334,0.015833333333333335,0.0,0.0,0.0
0.023166666666666665,0.010000000000000009,0.011666666666666669,0.018666666666666668,0.0,0.0,0.0
0.02766666666666667,0.010000000000000009,0.013833333333333336,0.021333333333333333,0.0,0.0,0.0
0.030499999999999996,0.010000000000000009,0.011166666666666668,0.02533333333333333,0.0,0.0,0.0
0.0265,0.010000000000000009,0.010833333333333335,0.01933333333333333,0.0,0.0,0.0
0.0195,0.009999999999999998,0.009666666666666667,0.013333333333333332,0.0,0.0,0.0
0.023666666666666666,0.010000000000000009,0.009000000000000003,0.019833333333333335,0.0,0.0,0.0
0.0195,0.01,0.009833333333333333,0.013333333333333334,0.0,0.0,0.0
0.026666666666666665,0.01,0.007500000000000002,0.023166666666666662,0.0,0.0,0.0
0.024000000000000004,0.01,0.009000000000000005,0.019333333333333334,0.0,0.0,0.0
0.036833333333333336,0.010000000000000009,0.01716666666666667,0.026666666666666665,0.0,0.0,0.0
0.025333333333333333,0.010000000000000009,0.011500000000000003,0.02033333333333333,0.0,0.0,0.0
0.028,0.010000000000000009,0.013500000000000003,0.021500000000000002,0.0,0.0,0.0
0.020666666666666667,0.009999999999999998,0.010666666666666666,0.014333333333333335,0.0,0.0,0.0
0.029666666666666668,0.010000000000000009,0.010833333333333334,0.024333333333333332,0.0,0.0,0.0
0.021333333333333333,0.010000000000000002,0.009000000000000001,0.016000000000000004,0.0,0.0,0.0
0.01716666666666667,0.010000000000000002,0.01183333333333334,0.013833333333333338,0.0,0.0,0.0
0.028833333333333336,0.010000000000000009,0.015333333333333336,0.021500000000000005,0.0,0.0,0.0
0.028,0.010000000000000005,0.007166666666666668,0.024999999999999998,0.0,0.0,0.0
0.029166666666666664,0.010000000000000009,0.013500000000000002,0.02166666666666667,0.0,0.0,0.0
0.0275,0.010000000000000002,0.01,0.021,0.0,0.0,0.0
0.027666666666666673,0.010000000000000009,0.012333333333333333,0.020666666666666673,0.0,0.0,0.0
0.020833333333333332,0.010000000000000002,0.01266666666666667,0.014000000000000004,0.0,0.0,0.0
0.022500000000000003,0.010000000000000002,0.010500000000000002,0.016666666666666666,0.0,0.0,0.0
0.021500000000000002,0.010000000000000009,0.009500000000000001,0.017,0.0,0.0,0.0
0.0175,0.010000000000000009,0.007833333333333335,0.014500000000000002,0.0,0.0,0.0
0.021,0.009999999999999998,0.012166666666666666,0.013833333333333336,0.0,0.0,0.0
0.026000000000000006,0.010000000000000009,0.012000000000000002,0.019833333333333335,0.0,0.0,0.0
0.018166666666666668,0.01,0.011666666666666669,0.013500000000000005,0.0,0.0,0.0
0.024333333333333335,0.010000000000000009,0.012500000000000004,0.0175,0.0,0.0,0.0
0.024666666666666663,0.010000000000000005,0.008333333333333333,0.01916666666666667,0.0,0.0,0.0
0.020166666666666663,0.010000000000000009,0.011333333333333334,0.015000000000000001,0.0,0.0,0.0
0.030166666666666665,0.010000000000000009,0.013500000000000002,0.022166666666666668,0.0,0.0,0.0
0.02333333333333333,0.01,0.008833333333333337,0.02,0.0,0.0,0.0
0.017333333333333336,0.01,0.009833333333333335,0.013333333333333338,0.0,0.0,0.0
0.023833333333333328,0.010000000000000009,0.0105,0.018333333333333333,0.0,0.0,0.0
0.018666666666666665,0.01,0.006666666666666669,0.016166666666666666,0.0,0.0,0.0
0.02883333333333333,0.010000000000000002,0.011166666666666668,0.023166666666666665,0.0,0.0,0.0
0.014500000000000002,0.010000000000000009,0.007833333333333335,0.011166666666666668,0.0,0.0,0.0
0.022000000000000002,0.010000000000000002,0.009000000000000005,0.018666666666666668,0.0,0.0,0.0
0.0205,0.010000000000000002,0.008000000000000002,0.016666666666666666,0.0,0.0,0.0
0.02933333333333333,0.010000000000000009,0.011000000000000003,0.02283333333333333,0.0,0.0,0.0
0.018333333333333337,0.010000000000000009,0.009333333333333338,0.014166666666666668,0.0,0.0,0.0
0.018500000000000003,0.01,0.007333333333333335,0.013500000000000003,0.0,0.0,0.0
0.0245,0.010000000000000009,0.008833333333333334,0.01916666666666667,0.0,0.0,0.0
0.0265,0.010000000000000009,0.014166666666666666,0.017,0.0,0.0,0.0
0.01733333333333333,0.01,0.0075000000000000015,0.014000000000000002,0.0,0.0,0.0
0.01883333333333333,0.01,0.007333333333333336,0.016,0.0,0.0,0.0
0.025500000000000002,0.010000000000000009,0.009333333333333336,0.021500000000000002,0.0,0.0,0.0
0.022500000000000003,0.010000000000000009,0.011166666666666668,0.016666666666666666,0.0,0.0,0.0
0.0165,0.01,0.007000000000000001,0.013166666666666667,0.0,0.0,0.0
0.030499999999999996,0.010000000000000009,0.010333333333333332,0.02433333333333333,0.0,0.0,0.0
0.020000000000000004,0.010000000000000009,0.012333333333333335,0.013333333333333338,0.0,0.0,0.0
0.025,0.010000000000000002,0.010666666666666668,0.018333333333333333,0.0,0.0,0.0
0.020000000000000004,0.01,0.010833333333333335,0.015499999999999998,0.0,0.0,0.0
0.012833333333333334,0.009999999999999998,0.006333333333333335,0.010000000000000002,0.0,0.0,0.0
0.022166666666666664,0.010000000000000005,0.009833333333333335,0.0175,0.0,0.0,0.0
0.017333333333333333,0.010000000000000002,0.009500000000000003,0.013166666666666667,0.0,0.0,0.0
0.029833333333333333,0.010000000000000009,0.006833333333333334,0.025833333333333333,0.0,0.0,0.0
0.01633333333333333,0.0,0.005166666666666669,0.014499999999999997,0.0,0.0,0.0
0.0175,0.009999999999999998,0.009333333333333334,0.013666666666666669,0.0,0.0,0.0
0.028333333333333335,0.010000000000000009,0.011666666666666669,0.023000000000000003,0.0,0.0,0.0
0.020333333333333335,0.010000000000000009,0.007833333333333336,0.01616666666666667,0.0,0.0,0.0
0.01916666666666667,0.01,0.012,0.01216666666666667,0.0,0.0,0.0
0.016,0.01,0.005000000000000002,0.013500000000000002,0.0,0.0,0.0
0.01916666666666667,0.009999999999999998,0.005666666666666669,0.018,0.0,0.0,0.0
0.027166666666666665,0.010000000000000009,0.014166666666666668,0.019833333333333335,0.0,0.0,0.0
0.021666666666666667,0.010000000000000005,0.008166666666666668,0.01766666666666667,0.0,0.0,0.0
0.02016666666666667,0.010000000000000005,0.011500000000000003,0.016000000000000004,0.0,0.0,0.0
0.01966666666666667,0.010000000000000009,0.0085,0.013666666666666669,0.0,0.0,0.0
0.01983333333333333,0.010000000000000002,0.012166666666666668,0.013666666666666667,0.0,0.0,0.0
0.021499999999999995,0.010000000000000005,0.011500000000000002,0.0145,0.0,0.0,0.0
0.02183333333333333,0.010000000000000002,0.008166666666666668,0.01833333333333333,0.0,0.0,0.0
0.0185,0.01,0.006000000000000004,0.017166666666666667,0.0,0.0,0.0
0.028999999999999995,0.010000000000000009,0.014666666666666668,0.02066666666666667,0.0,0.0,0.0
0.022166666666666664,0.01,0.010499999999999999,0.016,0.0,0.0,0.0
0.027000000000000007,0.010000000000000009,0.011166666666666667,0.020500000000000004,0.0,0.0,0.0
0.024,0.010000000000000009,0.009500000000000001,0.020166666666666666,0.0,0.0,0.0
0.022666666666666665,0.010000000000000009,0.010000000000000002,0.017666666666666667,0.0,0.0,0.0
0.02333333333333333,0.010000000000000009,0.009666666666666667,0.018333333333333333,0.0,0.0,0.0
0.02483333333333333,0.009999999999999998,0.013500000000000002,0.017,0.0,0.0,0.0
0.023166666666666665,0.010000000000000002,0.006666666666666666,0.019666666666666666,0.0,0.0,0.0
0.027666666666666666,0.010000000000000009,0.012000000000000002,0.020666666666666667,0.0,0.0,0.0
0.020666666666666663,0.010000000000000005,0.007833333333333336,0.016833333333333332,0.0,0.0,0.0
0.03433333333333333,0.010000000000000009,0.012333333333333337,0.029333333333333336,0.0,0.0,0.0
0.025666666666666664,0.010000000000000009,0.017,0.01616666666666667,0.0,0.0,0.0
0.015166666666666665,0.009999999999999998,0.003,0.013666666666666666,0.0,0.0,0.0
0.02066666666666667,0.010000000000000009,0.011333333333333332,0.01416666666666667,0.0,0.0,0.0
0.021166666666666667,0.01,0.004166666666666668,0.019666666666666666,0.0,0.0,0.0
0.027,0.010000000000000009,0.010166666666666668,0.021666666666666667,0.0,0.0,0.0
0.017333333333333336,0.01,0.008500000000000002,0.014000000000000002,0.0,0.0,0.0
0.022833333333333334,0.010000000000000009,0.010833333333333335,0.0175,0.0,0.0,0.0
0.03716666666666666,0.010000000000000009,0.013166666666666669,0.02983333333333333,0.0,0.0,0.0
0.017,0.01,0.005500000000000001,0.014666666666666666,0.0,0.0,0.0
0.030666666666666672,0.010000000000000009,0.015000000000000003,0.023333333333333338,0.0,0.0,0.0
0.0175,0.010000000000000009,0.006333333333333335,0.015000000000000001,0.0,0.0,0.0
0.01933333333333333,0.010000000000000002,0.00766666666666667,0.01633333333333333,0.0,0.0,0.0
0.019833333333333335,0.010000000000000009,0.012000000000000002,0.013500000000000005,0.0,0.0,0.0
0.021833333333333333,0.010000000000000009,0.011000000000000003,0.015000000000000003,0.0,0.0,0.0
0.02316666666666667,0.01,0.0071666666666666675,0.019500000000000003,0.0,0.0,0.0
0.015499999999999998,0.009999999999999998,0.0085,0.010666666666666668,0.0,0.0,0.0
0.022000000000000002,0.010000000000000009,0.008333333333333337,0.018500000000000003,0.0,0.0,0.0
0.025999999999999992,0.010000000000000009,0.013333333333333332,0.01783333333333333,0.0,0.0,0.0
0.02666666666666667,0.010000000000000002,0.011333333333333336,0.02016666666666667,0.0,0.0,0.0
0.031166666666666662,0.010000000000000002,0.01716666666666667,0.021,0.0,0.0,0.0
0.024999999999999998,0.01,0.012333333333333335,0.018000000000000002,0.0,0.0,0.0
0.0245,0.010000000000000009,0.010166666666666668,0.019333333333333334,0.0,0.0,0.0
0.021500000000000002,0.010000000000000009,0.013500000000000005,0.015333333333333336,0.0,0.0,0.0
0.025500000000000002,0.010000000000000009,0.011666666666666665,0.018666666666666668,0.0,0.0,0.0
0.029666666666666668,0.010000000000000009,0.011500000000000002,0.0235,0.0,0.0,0.0
0.026333333333333334,0.010000000000000009,0.011833333333333336,0.020833333333333332,0.0,0.0,0.0
0.02583333333333333,0.010000000000000002,0.014833333333333336,0.018333333333333333,0.0,0.0,0.0
0.024666666666666667,0.010000000000000009,0.018666666666666668,0.015166666666666677,0.0,0.0,0.0
0.017000000000000005,0.010000000000000009,0.010166666666666668,0.01116666666666667,0.0,0.0,0.0
0.025833333333333337,0.010000000000000009,0.010333333333333337,0.022000000000000006,0.0,0.0,0.0
0.029166666666666667,0.010000000000000002,0.011666666666666669,0.02266666666666667,0.0,0.0,0.0
0.028833333333333336,0.010000000000000009,0.009666666666666669,0.0245,0.0,0.0,0.0
0.023833333333333328,0.01,0.006833333333333332,0.019166666666666665,0.0,0.0,0.0
0.021333333333333333,0.010000000000000005,0.011833333333333336,0.017333333333333333,0.0,0.0,0.0
0.029166666666666667,0.010000000000000009,0.01566666666666667,0.020166666666666673,0.0,0.0,0.0
0.025833333333333337,0.010000000000000009,0.010500000000000002,0.020833333333333332,0.0,0.0,0.0
0.02333333333333333,0.010000000000000005,0.013833333333333335,0.015833333333333335,0.0,0.0,0.0
0.027333333333333334,0.010000000000000009,0.01216666666666667,0.021500000000000002,0.0,0.0,0.0
0.024999999999999998,0.01,0.013500000000000002,0.016666666666666666,0.0,0.0,0.0
0.020833333333333332,0.010000000000000009,0.010166666666666668,0.016166666666666673,0.0,0.0,0.0
0.018000000000000002,0.010000000000000009,0.00816666666666667,0.015333333333333336,0.0,0.0,0.0
0.021666666666666667,0.010000000000000009,0.009666666666666667,0.017666666666666667,0.0,0.0,0.0
0.03083333333333333,0.010000000000000002,0.011000000000000001,0.024499999999999997,0.0,0.0,0.0
0.016666666666666666,0.010000000000000002,0.006666666666666669,0.014000000000000002,0.0,0.0,0.0
0.020833333333333332,0.010000000000000005,0.009166666666666668,0.01566666666666667,0.0,0.0,0.0
0.029166666666666667,0.010000000000000009,0.0185,0.020333333333333335,0.0,0.0,0.0
0.03499999999999999,0.010000000000000009,0.01333333333333333,0.02683333333333333,0.0,0.0,0.0
0.021333333333333333,0.01,0.007000000000000001,0.017833333333333333,0.0,0.0,0.0
0.022000000000000002,0.009999999999999998,0.008500000000000002,0.018666666666666668,0.0,0.0,0.0
0.02333333333333333,0.010000000000000002,0.011166666666666668,0.01816666666666667,0.0,0.0,0.0
0.016500000000000004,0.009999999999999998,0.005833333333333335,0.01416666666666667,0.0,0.0,0.0
0.025500000000000005,0.010000000000000009,0.008000000000000002,0.02316666666666667,0.0,0.0,0.0
0.026166666666666664,0.010000000000000005,0.006833333333333334,0.02283333333333333,0.0,0.0,0.0
0.033499999999999995,0.010000000000000009,0.013833333333333335,0.025,0.0,0.0,0.0
0.023166666666666665,0.01,0.009000000000000001,0.0195,0.0,0.0,0.0
0.0245,0.010000000000000005,0.012000000000000002,0.017833333333333333,0.0,0.0,0.0
0.0165,0.01,0.007000000000000003,0.014000000000000002,0.0,0.0,0.0
0.02333333333333333,0.009999999999999998,0.007000000000000001,0.020166666666666666,0.0,0.0,0.0
0.02533333333333333,0.010000000000000009,0.01,0.019666666666666666,0.0,0.0,0.0
0.029333333333333336,0.010000000000000009,0.014833333333333336,0.02266666666666667,0.0,0.0,0.0
0.023,0.010000000000000009,0.014833333333333332,0.013833333333333336,0.0,0.0,0.0
0.022166666666666668,0.010000000000000009,0.009166666666666667,0.016999999999999998,0.0,0.0,0.0
0.02966666666666666,0.010000000000000005,0.007500000000000002,0.026499999999999992,0.0,0.0,0.0
0.023166666666666665,0.010000000000000009,0.009666666666666667,0.018666666666666668,0.0,0.0,0.0
0.015166666666666667,0.009999999999999998,0.008333333333333335,0.010833333333333335,0.0,0.0,0.0
0.01966666666666667,0.01,0.009333333333333336,0.015500000000000002,0.0,0.0,0.0
0.025333333333333333,0.010000000000000009,0.009833333333333335,0.02033333333333333,0.0,0.0,0.0
0.021166666666666667,0.01,0.008500000000000002,0.017,0.0,0.0,0.0
0.030500000000000003,0.010000000000000009,0.0105,0.024333333333333332,0.0,0.0,0.0
0.029999999999999995,0.01,0.010333333333333337,0.025666666666666667,0.0,0.0,0.0
0.021166666666666667,0.010000000000000009,0.009166666666666668,0.018000000000000002,0.0,0.0,0.0
0.0255,0.010000000000000009,0.012166666666666668,0.017333333333333333,0.0,0.0,0.0
0.026166666666666664,0.010000000000000005,0.008000000000000002,0.023166666666666662,0.0,0.0,0.0
0.023500000000000004,0.010000000000000009,0.008166666666666668,0.019000000000000006,0.0,0.0,0.0
0.019,0.01,0.009333333333333332,0.013666666666666667,0.0,0.0,0.0
0.02,0.010000000000000009,0.008333333333333338,0.017333333333333333,0.0,0.0,0.0
0.03449999999999999,0.010000000000000009,0.010500000000000004,0.02983333333333333,0.0,0.0,0.0
0.0205,0.010000000000000009,0.009666666666666672,0.018333333333333333,0.0,0.0,0.0
0.021166666666666667,0.010000000000000005,0.0071666666666666675,0.018666666666666665,0.0,0.0,0.0
0.022500000000000003,0.01,0.013666666666666664,0.012666666666666668,0.0,0.0,0.0
0.024333333333333332,0.010000000000000002,0.0125,0.017500000000000005,0.0,0.0,0.0
0.014166666666666664,0.009999999999999998,0.0036666666666666683,0.012166666666666664,0.0,0.0,0.0
0.0245,0.01,0.013333333333333334,0.015500000000000002,0.0,0.0,0.0
0.028333333333333332,0.010000000000000009,0.013000000000000005,0.023166666666666672,0.0,0.0,0.0
0.02683333333333333,0.01,0.011833333333333336,0.021,0.0,0.0,0.0
0.023166666666666665,0.010000000000000002,0.00666666666666667,0.021500000000000002,0.0,0.0,0.0
0.023666666666666666,0.009999999999999998,0.013333333333333332,0.014333333333333335,0.0,0.0,0.0
0.019666666666666666,0.009999999999999998,0.0105,0.012833333333333335,0.0,0.0,0.0
0.02516666666666667,0.009999999999999998,0.01016666666666667,0.020833333333333332,0.0,0.0,0.0
0.018500000000000003,0.01,0.00616666666666667,0.014999999999999998,0.0,0.0,0.0
0.027,0.010000000000000009,0.016833333333333332,0.01766666666666667,0.0,0.0,0.0
0.023666666666666662,0.01,0.011666666666666665,0.01683333333333333,0.0,0.0,0.0
0.01766666666666667,0.01,0.009500000000000003,0.013166666666666669,0.0,0.0,0.0
0.0245,0.01,0.013000000000000001,0.016833333333333332,0.0,0.0,0.0
0.023666666666666666,0.010000000000000005,0.00666666666666667,0.020666666666666663,0.0,0.0,0.0
0.015499999999999998,0.01,0.006500000000000002,0.012166666666666666,0.0,0.0,0.0
0.022166666666666668,0.010000000000000009,0.009333333333333334,0.01816666666666667,0.0,0.0,0.0
0.02549999999999999,0.010000000000000009,0.011333333333333332,0.017833333333333333,0.0,0.0,0.0
0.028,0.010000000000000009,0.010000000000000002,0.023333333333333334,0.0,0.0,0.0
0.023666666666666666,0.010000000000000005,0.005333333333333335,0.022666666666666665,0.0,0.0,0.0
0.01933333333333333,0.01,0.008500000000000004,0.017666666666666664,0.0,0.0,0.0
0.026999999999999993,0.010000000000000009,0.015000000000000001,0.018000000000000006,0.0,0.0,0.0
0.017666666666666667,0.009999999999999998,0.008833333333333334,0.014000000000000002,0.0,0.0,0.0
0.024666666666666667,0.010000000000000009,0.014666666666666665,0.014833333333333336,0.0,0.0,0.0
0.020333333333333335,0.01,0.013166666666666669,0.013500000000000003,0.0,0.0,0.0
0.014833333333333336,0.009999999999999998,0.007333333333333336,0.01216666666666667,0.0,0.0,0.0
0.029999999999999995,0.010000000000000009,0.017166666666666667,0.0205,0.0,0.0,0.0
0.020333333333333328,0.01,0.010333333333333335,0.014833333333333336,0.0,0.0,0.0
0.022500000000000003,0.010000000000000009,0.008666666666666666,0.017666666666666667,0.0,0.0,0.0
0.033166666666666664,0.010000000000000009,0.012000000000000005,0.02783333333333333,0.0,0.0,0.0
0.028,0.010000000000000009,0.010000000000000002,0.02333333333333333,0.0,0.0,0.0
0.018500000000000006,0.01,0.008666666666666668,0.013833333333333335,0.0,0.0,0.0
0.027000000000000007,0.010000000000000009,0.009833333333333336,0.022333333333333337,0.0,0.0,0.0
0.030000000000000006,0.010000000000000009,0.012333333333333335,0.022666666666666672,0.0,0.0,0.0
0.022666666666666665,0.010000000000000005,0.010500000000000002,0.017166666666666667,0.0,0.0,0.0
0.032,0.010000000000000009,0.015500000000000003,0.02466666666666667,0.0,0.0,0.0
0.0225,0.010000000000000005,0.006333333333333335,0.019833333333333328,0.0,0.0,0.0
0.020333333333333328,0.01,0.0095,0.015000000000000003,0.0,0.0,0.0
0.020666666666666667,0.009999999999999998,0.0071666666666666675,0.017166666666666667,0.0,0.0,0.0
0.023166666666666665,0.010000000000000005,0.008000000000000002,0.018166666666666664,0.0,0.0,0.0
0.016666666666666666,0.009999999999999998,0.004833333333333336,0.014666666666666668,0.0,0.0,0.0
0.02816666666666667,0.010000000000000009,0.0165,0.018000000000000002,0.0,0.0,0.0
0.022166666666666668,0.010000000000000009,0.008333333333333333,0.017,0.0,0.0,0.0
0.025500000000000002,0.010000000000000009,0.009166666666666668,0.020500000000000004,0.0,0.0,0.0
0.026333333333333334,0.010000000000000009,0.012666666666666666,0.019000000000000003,0.0,0.0,0.0
0.020833333333333332,0.010000000000000005,0.010333333333333337,0.015833333333333335,0.0,0.0,0.0
0.018333333333333333,0.010000000000000005,0.009333333333333338,0.014166666666666668,0.0,0.0,0.0
0.02083333333333333,0.01,0.008666666666666668,0.016833333333333332,0.0,0.0,0.0
0.026166666666666668,0.010000000000000009,0.008,0.021833333333333333,0.0,0.0,0.0
0.02666666666666667,0.010000000000000009,0.011000000000000003,0.021333333333333333,0.0,0.0,0.0
0.01933333333333333,0.010000000000000005,0.007833333333333336,0.016500000000000004,0.0,0.0,0.0
0.01883333333333333,0.010000000000000009,0.007833333333333336,0.015166666666666669,0.0,0.0,0.0
0.017833333333333333,0.01,0.008500000000000004,0.014833333333333334,0.0,0.0,0.0
0.021500000000000002,0.01,0.008333333333333333,0.018,0.0,0.0,0.0
0.027000000000000003,0.009999999999999998,0.011000000000000003,0.021500000000000002,0.0,0.0,0.0
0.01916666666666667,0.01,0.011000000000000003,0.014000000000000004,0.0,0.0,0.0
0.017666666666666667,0.010000000000000009,0.0068333333333333345,0.01616666666666667,0.0,0.0,0.0
0.014000000000000004,0.009999999999999998,0.004500000000000002,0.013000000000000003,0.0,0.0,0.0
0.030833333333333334,0.010000000000000009,0.015833333333333335,0.02366666666666667,0.0,0.0,0.0
0.018500000000000003,0.010000000000000002,0.009833333333333335,0.014333333333333335,0.0,0.0,0.0
0.014333333333333335,0.01,0.006500000000000001,0.010833333333333335,0.0,0.0,0.0
0.02366666666666667,0.01,0.007500000000000004,0.020833333333333332,0.0,0.0,0.0
0.023999999999999997,0.010000000000000009,0.01,0.018166666666666668,0.0,0.0,0.0
0.02033333333333333,0.01,0.011833333333333333,0.014333333333333335,0.0,0.0,0.0
0.029499999999999995,0.010000000000000009,0.015000000000000001,0.020333333333333335,0.0,0.0,0.0
0.028166666666666666,0.010000000000000009,0.016666666666666666,0.019500000000000007,0.0,0.0,0.0
0.023500000000000004,0.01,0.007666666666666668,0.02,0.0,0.0,0.0
0.0235,0.010000000000000009,0.010000000000000005,0.0185,0.0,0.0,0.0
0.022333333333333337,0.010000000000000009,0.006666666666666667,0.018333333333333333,0.0,0.0,0.0
0.01883333333333333,0.01,0.008,0.014666666666666666,0.0,0.0,0.0
0.024499999999999997,0.010000000000000009,0.01,0.019166666666666665,0.0,0.0,0.0
0.017666666666666667,0.009999999999999998,0.010500000000000002,0.012000000000000004,0.0,0.0,0.0
0.018666666666666668,0.01,0.009833333333333335,0.01416666666666667,0.0,0.0,0.0
0.014833333333333332,0.009999999999999998,0.009333333333333334,0.009833333333333335,0.0,0.0,0.0
0.027666666666666666,0.010000000000000009,0.008166666666666668,0.024666666666666667,0.0,0.0,0.0
0.03066666666666667,0.010000000000000009,0.014333333333333335,0.021500000000000002,0.0,0.0,0.0
0.029666666666666668,0.010000000000000009,0.0125,0.022333333333333334,0.0,0.0,0.0
0.0245,0.010000000000000002,0.008333333333333337,0.0205,0.0,0.0,0.0
0.03849999999999999,0.010000000000000009,0.012000000000000002,0.032999999999999995,0.0,0.0,0.0
0.02666666666666667,0.01,0.012666666666666666,0.02,0.0,0.0,0.0
0.021333333333333333,0.01,0.011166666666666665,0.014333333333333337,0.0,0.0,0.0
0.018000000000000002,0.009999999999999998,0.007833333333333335,0.013833333333333335,0.0,0.0,0.0
0.017,0.010000000000000005,0.009833333333333335,0.011666666666666669,0.0,0.0,0.0
0.01966666666666667,0.01,0.007500000000000003,0.01683333333333333,0.0,0.0,0.0
0.025333333333333333,0.010000000000000009,0.010500000000000004,0.020000000000000004,0.0,0.0,0.0
0.01933333333333333,0.01,0.008000000000000002,0.01583333333333333,0.0,0.0,0.0
0.029999999999999995,0.010000000000000009,0.013833333333333335,0.023333333333333338,0.0,0.0,0.0
0.022166666666666664,0.010000000000000009,0.010833333333333334,0.016833333333333336,0.0,0.0,0.0
0.015499999999999998,0.009999999999999998,0.004833333333333334,0.013000000000000001,0.0,0.0,0.0
0.023833333333333335,0.010000000000000009,0.012000000000000002,0.018000000000000002,0.0,0.0,0.0
0.018833333333333334,0.010000000000000009,0.007000000000000002,0.016833333333333332,0.0,0.0,0.0
0.019833333333333335,0.01,0.013500000000000002,0.011166666666666668,0.0,0.0,0.0
0.020333333333333335,0.01,0.008333333333333335,0.018000000000000002,0.0,0.0,0.0
0.016666666666666666,0.01,0.006666666666666666,0.012000000000000002,0.0,0.0,0.0
0.027666666666666666,0.010000000000000002,0.011500000000000002,0.020166666666666666,0.0,0.0,0.0
0.033499999999999995,0.010000000000000009,0.011500000000000002,0.027333333333333328,0.0,0.0,0.0
0.019000000000000003,0.009999999999999998,0.008166666666666668,0.015500000000000003,0.0,0.0,0.0
0.030999999999999996,0.010000000000000009,0.010833333333333335,0.024666666666666667,0.0,0.0,0.0
0.022166666666666668,0.010000000000000009,0.010166666666666668,0.01816666666666667,0.0,0.0,0.0
0.017833333333333333,0.010000000000000005,0.009833333333333335,0.012833333333333337,0.0,0.0,0.0
0.020499999999999997,0.009999999999999998,0.003666666666666667,0.01816666666666666,0.0,0.0,0.0
0.022833333333333334,0.009999999999999998,0.009666666666666667,0.018500000000000003,0.0,0.0,0.0
0.027166666666666665,0.010000000000000009,0.009333333333333334,0.024,0.0,0.0,0.0
0.026166666666666668,0.010000000000000009,0.010833333333333337,0.022833333333333334,0.0,0.0,0.0
0.022333333333333337,0.01,0.011000000000000001,0.01616666666666667,0.0,0.0,0.0
0.014166666666666666,0.009999999999999998,0.007333333333333335,0.010833333333333334,0.0,0.0,0.0
0.02766666666666667,0.01,0.007833333333333333,0.023333333333333334,0.0,0.0,0.0
0.01716666666666667,0.010000000000000005,0.008166666666666671,0.014333333333333339,0.0,0.0,0.0
0.025333333333333333,0.010000000000000009,0.012333333333333335,0.020000000000000004,0.0,0.0,0.0
0.02783333333333333,0.010000000000000005,0.011500000000000005,0.024000000000000004,0.0,0.0,0.0
0.020666666666666667,0.01,0.006500000000000002,0.017666666666666664,0.0,0.0,0.0
0.015166666666666667,0.01,0.0071666666666666675,0.011166666666666668,0.0,0.0,0.0
0.0215,0.009999999999999998,0.009,0.016,0.0,0.0,0.0
0.022833333333333334,0.010000000000000005,0.009833333333333336,0.017833333333333333,0.0,0.0,0.0
0.02666666666666667,0.010000000000000009,0.012333333333333335,0.020000000000000004,0.0,0.0,0.0
0.02333333333333333,0.01,0.008333333333333335,0.019000000000000003,0.0,0.0,0.0
0.02283333333333333,0.01,0.011166666666666667,0.016333333333333335,0.0,0.0,0.0
0.024999999999999998,0.010000000000000009,0.012,0.018833333333333337,0.0,0.0,0.0
0.02533333333333333,0.010000000000000009,0.011833333333333335,0.019333333333333334,0.0,0.0,0.0
0.024833333333333336,0.010000000000000002,0.006500000000000002,0.022000000000000006,0.0,0.0,0.0
0.024,0.009999999999999998,0.01216666666666667,0.0175,0.0,0.0,0.0
0.02683333333333333,0.010000000000000009,0.0076666666666666715,0.0255,0.0,0.0,0.0
0.021,0.009999999999999998,0.011333333333333336,0.015000000000000003,0.0,0.0,0.0
0.021500000000000002,0.010000000000000005,0.008333333333333333,0.017166666666666667,0.0,0.0,0.0
0.027,0.009999999999999998,0.011666666666666665,0.020333333333333328,0.0,0.0,0.0
0.021833333333333333,0.010000000000000009,0.008,0.0175,0.0,0.0,0.0
0.036999999999999984,0.010000000000000009,0.007500000000000001,0.033333333333333326,0.0,0.0,0.0
0.016166666666666666,0.01,0.008,0.011166666666666668,0.0,0.0,0.0
0.028833333333333332,0.010000000000000009,0.0075000000000000015,0.025666666666666667,0.0,0.0,0.0
0.0225,0.01,0.011000000000000003,0.015333333333333332,0.0,0.0,0.0
0.019,0.010000000000000002,0.006833333333333334,0.016,0.0,0.0,0.0
0.029666666666666664,0.010000000000000009,0.013833333333333333,0.023500000000000004,0.0,0.0,0.0
0.024000000000000007,0.010000000000000005,0.008833333333333337,0.02016666666666667,0.0,0.0,0.0
0.018333333333333333,0.01,0.007000000000000002,0.015333333333333334,0.0,0.0,0.0
0.021166666666666667,0.010000000000000009,0.009166666666666667,0.017,0.0,0.0,0.0
0.017666666666666667,0.010000000000000002,0.0085,0.012333333333333333,0.0,0.0,0.0
0.03066666666666666,0.010000000000000005,0.014833333333333334,0.02233333333333333,0.0,0.0,0.0
0.021666666666666667,0.01,0.010833333333333332,0.015166666666666669,0.0,0.0,0.0
0.030166666666666668,0.010000000000000009,0.010833333333333334,0.023833333333333335,0.0,0.0,0.0
0.024500000000000004,0.010000000000000002,0.013000000000000001,0.017500000000000005,0.0,0.0,0.0
0.015500000000000003,0.01,0.006500000000000002,0.013000000000000003,0.0,0.0,0.0
0.030166666666666668,0.010000000000000009,0.016,0.019833333333333335,0.0,0.0,0.0
0.0185,0.010000000000000005,0.007166666666666667,0.014166666666666668,0.0,0.0,0.0
0.022833333333333334,0.01,0.009000000000000003,0.018833333333333334,0.0,0.0,0.0
0.03166666666666667,0.010000000000000009,0.013000000000000005,0.025333333333333333,0.0,0.0,0.0
0.03583333333333334,0.010000000000000009,0.017333333333333333,0.026166666666666668,0.0,0.0,0.0
0.02383333333333333,0.01,0.009166666666666667,0.018333333333333333,0.0,0.0,0.0
0.01316666666666667,0.01,0.004000000000000002,0.011833333333333335,0.0,0.0,0.0
0.024833333333333332,0.010000000000000009,0.012833333333333334,0.01916666666666667,0.0,0.0,0.0
0.027000000000000003,0.010000000000000009,0.01566666666666667,0.018166666666666668,0.0,0.0,0.0
0.025333333333333326,0.01,0.012833333333333335,0.0185,0.0,0.0,0.0
0.01983333333333333,0.010000000000000009,0.0085,0.016000000000000004,0.0,0.0,0.0
0.026666666666666665,0.01,0.009333333333333336,0.02333333333333333,0.0,0.0,0.0
0.024333333333333332,0.010000000000000009,0.008333333333333337,0.021,0.0,0.0,0.0
0.033666666666666664,0.010000000000000009,0.019666666666666666,0.020166666666666666,0.0,0.0,0.0
0.020333333333333335,0.010000000000000009,0.005333333333333337,0.017333333333333333,0.0,0.0,0.0
0.02,0.009999999999999998,0.0105,0.014166666666666668,0.0,0.0,0.0
0.02833333333333333,0.010000000000000002,0.014333333333333333,0.01966666666666667,0.0,0.0,0.0
0.02233333333333333,0.010000000000000009,0.012,0.015500000000000002,0.0,0.0,0.0
0.018500000000000003,0.010000000000000002,0.009000000000000005,0.013666666666666669,0.0,0.0,0.0
0.023166666666666665,0.010000000000000009,0.009333333333333334,0.018500000000000003,0.0,0.0,0.0
0.029166666666666667,0.010000000000000005,0.016000000000000004,0.01883333333333333,0.0,0.0,0.0
0.03016666666666667,0.010000000000000009,0.009500000000000003,0.025666666666666664,0.0,0.0,0.0
0.026833333333333334,0.010000000000000009,0.015500000000000003,0.018333333333333337,0.0,0.0,0.0
0.01933333333333333,0.010000000000000005,0.006000000000000004,0.018500000000000003,0.0,0.0,0.0
0.019833333333333335,0.01,0.01016666666666667,0.015500000000000002,0.0,0.0,0.0
0.021166666666666674,0.010000000000000009,0.008500000000000004,0.019333333333333334,0.0,0.0,0.0
0.024333333333333332,0.010000000000000005,0.009833333333333335,0.018666666666666668,0.0,0.0,0.0
0.034166666666666665,0.010000000000000009,0.015333333333333334,0.02366666666666667,0.0,0.0,0.0
0.02633333333333333,0.010000000000000009,0.013,0.018500000000000003,0.0,0.0,0.0
0.014000000000000002,0.009999999999999998,0.006833333333333336,0.010500000000000002,0.0,0.0,0.0
0.020166666666666666,0.010000000000000009,0.015000000000000003,0.012833333333333337,0.0,0.0,0.0
0.019666666666666666,0.010000000000000002,0.006833333333333335,0.016666666666666666,0.0,0.0,0.0
0.032999999999999995,0.010000000000000002,0.007666666666666668,0.029166666666666667,0.0,0.0,0.0
0.024,0.009999999999999998,0.006333333333333335,0.023000000000000003,0.0,0.0,0.0
0.02583333333333333,0.009999999999999998,0.012333333333333333,0.0195,0.0,0.0,0.0
0.025000000000000005,0.010000000000000009,0.011000000000000006,0.02066666666666667,0.0,0.0,0.0
0.021833333333333333,0.010000000000000009,0.011333333333333336,0.01716666666666667,0.0,0.0,0.0
0.028333333333333332,0.010000000000000009,0.011166666666666668,0.024166666666666666,0.0,0.0,0.0
0.026833333333333334,0.010000000000000009,0.008333333333333335,0.023333333333333334,0.0,0.0,0.0
0.022833333333333334,0.010000000000000002,0.01316666666666667,0.017,0.0,0.0,0.0
0.017,0.01,0.007333333333333336,0.013166666666666669,0.0,0.0,0.0
0.0235,0.010000000000000009,0.011333333333333332,0.017333333333333336,0.0,0.0,0.0
0.012666666666666666,0.009999999999999998,0.006000000000000001,0.009833333333333335,0.0,0.0,0.0
0.022333333333333334,0.01,0.007666666666666668,0.01916666666666667,0.0,0.0,0.0
0.021166666666666667,0.010000000000000009,0.007666666666666669,0.018500000000000003,0.0,0.0,0.0
0.0185,0.010000000000000009,0.005833333333333335,0.016166666666666666,0.0,0.0,0.0
0.030333333333333334,0.01,0.015666666666666662,0.021166666666666667,0.0,0.0,0.0
0.01966666666666667,0.010000000000000005,0.007833333333333335,0.01616666666666667,0.0,0.0,0.0
0.02,0.010000000000000002,0.010666666666666668,0.01566666666666667,0.0,0.0,0.0
0.024,0.010000000000000005,0.009333333333333334,0.019166666666666665,0.0,0.0,0.0
0.02283333333333333,0.01,0.013166666666666667,0.01616666666666667,0.0,0.0,0.0
0.0205,0.010000000000000002,0.010833333333333334,0.014833333333333337,0.0,0.0,0.0
0.028333333333333332,0.010000000000000009,0.007000000000000001,0.02583333333333333,0.0,0.0,0.0
0.018166666666666664,0.010000000000000009,0.008833333333333335,0.013833333333333335,0.0,0.0,0.0
0.031999999999999994,0.010000000000000009,0.010666666666666666,0.026333333333333327,0.0,0.0,0.0
0.023499999999999997,0.009999999999999998,0.008166666666666666,0.0195,0.0,0.0,0.0
0.02583333333333333,0.010000000000000005,0.013833333333333335,0.017500000000000005,0.0,0.0,0.0
0.03183333333333333,0.010000000000000009,0.009166666666666668,0.02733333333333333,0.0,0.0,0.0
0.030166666666666665,0.010000000000000009,0.011166666666666668,0.025166666666666667,0.0,0.0,0.0
0.03283333333333333,0.010000000000000009,0.011333333333333338,0.027833333333333335,0.0,0.0,0.0
0.026333333333333334,0.010000000000000009,0.014000000000000004,0.018666666666666668,0.0,0.0,0.0
0.01816666666666667,0.01,0.0063333333333333375,0.015833333333333335,0.0,0.0,0.0
0.029,0.010000000000000009,0.009166666666666667,0.025166666666666667,0.0,0.0,0.0
0.02316666666666667,0.010000000000000009,0.005666666666666667,0.020166666666666666,0.0,0.0,0.0
0.02233333333333333,0.010000000000000005,0.008833333333333334,0.017,0.0,0.0,0.0
0.02983333333333333,0.010000000000000009,0.013166666666666669,0.022833333333333334,0.0,0.0,0.0
0.014666666666666668,0.009999999999999998,0.006333333333333335,0.0125,0.0,0.0,0.0
0.01966666666666667,0.01,0.007833333333333335,0.01566666666666667,0.0,0.0,0.0
0.018666666666666668,0.010000000000000009,0.011000000000000003,0.014000000000000005,0.0,0.0,0.0
0.027333333333333328,0.01,0.011833333333333335,0.021333333333333333,0.0,0.0,0.0
0.0245,0.010000000000000002,0.014000000000000002,0.01566666666666667,0.0,0.0,0.0
0.021333333333333333,0.010000000000000002,0.014833333333333332,0.01216666666666667,0.0,0.0,0.0
0.024499999999999997,0.010000000000000009,0.010666666666666666,0.019166666666666665,0.0,0.0,0.0
0.030166666666666668,0.010000000000000002,0.014000000000000002,0.021833333333333337,0.0,0.0,0.0
0.024833333333333336,0.010000000000000009,0.006666666666666669,0.022500000000000003,0.0,0.0,0.0
0.03383333333333332,0.010000000000000009,0.01633333333333333,0.024833333333333332,0.0,0.0,0.0
0.02216666666666667,0.01,0.011500000000000005,0.015500000000000003,0.0,0.0,0.0
0.022833333333333334,0.01,0.011666666666666669,0.0175,0.0,0.0,0.0
0.020499999999999997,0.01,0.008666666666666668,0.01633333333333333,0.0,0.0,0.0
0.01933333333333333,0.01,0.010000000000000004,0.01466666666666667,0.0,0.0,0.0
0.032999999999999995,0.010000000000000009,0.010666666666666666,0.02833333333333333,0.0,0.0,0.0
0.021666666666666664,0.010000000000000009,0.009833333333333335,0.017,0.0,0.0,0.0
0.023666666666666666,0.010000000000000005,0.008333333333333333,0.020166666666666666,0.0,0.0,0.0
0.021333333333333333,0.010000000000000009,0.00566666666666667,0.019,0.0,0.0,0.0
0.027000000000000003,0.010000000000000009,0.009666666666666667,0.022666666666666665,0.0,0.0,0.0
0.022333333333333334,0.010000000000000005,0.007833333333333338,0.019333333333333334,0.0,0.0,0.0
0.026,0.010000000000000005,0.009333333333333332,0.02016666666666667,0.0,0.0,0.0
0.019666666666666666,0.01,0.009000000000000001,0.014333333333333335,0.0,0.0,0.0
0.025999999999999992,0.010000000000000005,0.013500000000000002,0.018166666666666668,0.0,0.0,0.0
0.018166666666666668,0.01,0.008,0.014500000000000004,0.0,0.0,0.0
0.023999999999999997,0.010000000000000009,0.012666666666666668,0.017666666666666667,0.0,0.0,0.0
0.026,0.010000000000000005,0.010500000000000002,0.020833333333333332,0.0,0.0,0.0
0.018666666666666668,0.010000000000000002,0.007333333333333334,0.014666666666666668,0.0,0.0,0.0
0.02333333333333333,0.010000000000000009,0.011000000000000003,0.017666666666666667,0.0,0.0,0.0
0.027000000000000003,0.010000000000000009,0.011833333333333336,0.022166666666666668,0.0,0.0,0.0
0.02366666666666667,0.010000000000000009,0.011000000000000005,0.019500000000000003,0.0,0.0,0.0
0.026,0.010000000000000002,0.008500000000000002,0.02183333333333333,0.0,0.0,0.0
0.027166666666666665,0.010000000000000009,0.007333333333333338,0.025166666666666664,0.0,0.0,0.0
0.0215,0.01,0.009333333333333334,0.016666666666666666,0.0,0.0,0.0
0.028999999999999995,0.010000000000000009,0.010666666666666665,0.02383333333333333,0.0,0.0,0.0
0.02233333333333333,0.010000000000000002,0.012166666666666668,0.016500000000000004,0.0,0.0,0.0
0.014000000000000002,0.009999999999999998,0.006666666666666667,0.011000000000000003,0.0,0.0,0.0
0.02416666666666667,0.010000000000000009,0.012000000000000004,0.017666666666666667,0.0,0.0,0.0
0.02283333333333333,0.01,0.008166666666666668,0.017666666666666664,0.0,0.0,0.0
0.018000000000000006,0.01,0.008500000000000004,0.014333333333333335,0.0,0.0,0.0
0.020333333333333328,0.01,0.010333333333333335,0.015500000000000002,0.0,0.0,0.0
0.026000000000000002,0.010000000000000009,0.013000000000000003,0.018333333333333337,0.0,0.0,0.0
0.022166666666666668,0.010000000000000009,0.009500000000000001,0.017333333333333336,0.0,0.0,0.0
0.02033333333333333,0.010000000000000002,0.007333333333333334,0.01633333333333333,0.0,0.0,0.0
0.026333333333333334,0.009999999999999998,0.011166666666666667,0.02,0.0,0.0,0.0
0.02583333333333333,0.010000000000000009,0.008333333333333335,0.021500000000000002,0.0,0.0,0.0
0.023166666666666665,0.01,0.008833333333333334,0.018000000000000002,0.0,0.0,0.0
0.025833333333333333,0.010000000000000009,0.01116666666666667,0.022833333333333334,0.0,0.0,0.0
0.021,0.010000000000000005,0.009833333333333335,0.015166666666666669,0.0,0.0,0.0
0.018666666666666665,0.01,0.006333333333333332,0.015333333333333332,0.0,0.0,0.0
0.0275,0.010000000000000009,0.008833333333333332,0.022166666666666668,0.0,0.0,0.0
0.024666666666666667,0.010000000000000009,0.014000000000000005,0.018000000000000002,0.0,0.0,0.0
0.030833333333333334,0.010000000000000009,0.011333333333333336,0.024833333333333336,0.0,0.0,0.0
0.018000000000000002,0.01,0.009500000000000005,0.013333333333333336,0.0,0.0,0.0
0.0185,0.009999999999999998,0.008333333333333333,0.013833333333333335,0.0,0.0,0.0
0.017833333333333333,0.009999999999999998,0.009333333333333332,0.013666666666666669,0.0,0.0,0.0
0.027999999999999994,0.009999999999999998,0.010666666666666666,0.022500000000000003,0.0,0.0,0.0
0.022333333333333337,0.01,0.010833333333333335,0.01816666666666667,0.0,0.0,0.0
0.02,0.010000000000000005,0.007666666666666668,0.01683333333333333,0.0,0.0,0.0
0.025666666666666667,0.009999999999999998,0.013500000000000002,0.018500000000000006,0.0,0.0,0.0
0.02033333333333333,0.01,0.011166666666666668,0.015500000000000003,0.0,0.0,0.0
0.020999999999999998,0.01,0.009500000000000001,0.01616666666666667,0.0,0.0,0.0
0.034666666666666665,0.010000000000000009,0.0205,0.021333333333333336,0.0,0.0,0.0
0.024500000000000004,0.010000000000000009,0.012500000000000004,0.01816666666666667,0.0,0.0,0.0
0.022166666666666668,0.01,0.010833333333333335,0.01566666666666667,0.0,0.0,0.0
0.019833333333333335,0.009999999999999998,0.006666666666666669,0.017333333333333333,0.0,0.0,0.0
0.023833333333333335,0.010000000000000009,0.009666666666666667,0.019166666666666672,0.0,0.0,0.0
0.023333333333333334,0.010000000000000005,0.010166666666666668,0.01916666666666667,0.0,0.0,0.0
0.021333333333333333,0.010000000000000005,0.010166666666666668,0.015333333333333336,0.0,0.0,0.0
0.019000000000000003,0.01,0.009833333333333333,0.013000000000000001,0.0,0.0,0.0
0.026166666666666668,0.010000000000000009,0.008833333333333335,0.022000000000000002,0.0,0.0,0.0
0.018666666666666665,0.01,0.010166666666666668,0.012500000000000002,0.0,0.0,0.0
0.030499999999999996,0.010000000000000009,0.009666666666666667,0.024666666666666667,0.0,0.0,0.0
0.029499999999999995,0.010000000000000009,0.0165,0.020000000000000004,0.0,0.0,0.0
0.025666666666666664,0.010000000000000009,0.011500000000000002,0.02,0.0,0.0,0.0
0.028833333333333332,0.010000000000000005,0.011500000000000003,0.02266666666666667,0.0,0.0,0.0
0.0205,0.009999999999999998,0.009333333333333334,0.015833333333333335,0.0,0.0,0.0
0.021833333333333333,0.010000000000000005,0.011666666666666667,0.014833333333333336,0.0,0.0,0.0
0.024500000000000004,0.010000000000000009,0.01116666666666667,0.01966666666666667,0.0,0.0,0.0
0.020000000000000004,0.01,0.007833333333333333,0.015166666666666669,0.0,0.0,0.0
0.01983333333333333,0.010000000000000009,0.012166666666666668,0.014833333333333337,0.0,0.0,0.0
0.011333333333333336,0.009999999999999998,0.005666666666666668,0.009500000000000003,0.0,0.0,0.0
0.022,0.010000000000000009,0.007666666666666668,0.01633333333333333,0.0,0.0,0.0
0.021666666666666664,0.01,0.006666666666666668,0.019166666666666665,0.0,0.0,0.0
0.023500000000000004,0.010000000000000009,0.006833333333333334,0.01983333333333333,0.0,0.0,0.0
0.021166666666666667,0.01,0.008000000000000004,0.017666666666666667,0.0,0.0,0.0
0.02266666666666667,0.010000000000000002,0.0071666666666666675,0.018833333333333334,0.0,0.0,0.0
0.03166666666666667,0.010000000000000009,0.009333333333333334,0.02866666666666667,0.0,0.0,0.0
0.021999999999999995,0.010000000000000009,0.008833333333333332,0.01583333333333333,0.0,0.0,0.0
0.014666666666666672,0.010000000000000002,0.009500000000000003,0.010333333333333337,0.0,0.0,0.0
0.023666666666666666,0.010000000000000005,0.015333333333333332,0.014500000000000006,0.0,0.0,0.0
0.022666666666666665,0.01,0.009833333333333335,0.016833333333333332,0.0,0.0,0.0
0.016666666666666666,0.009999999999999998,0.007333333333333336,0.014000000000000002,0.0,0.0,0.0
0.028666666666666663,0.01,0.008833333333333334,0.022666666666666665,0.0,0.0,0.0
0.02733333333333333,0.010000000000000009,0.013500000000000002,0.020333333333333335,0.0,0.0,0.0
0.02616666666666667,0.010000000000000009,0.01116666666666667,0.02283333333333333,0.0,0.0,0.0
0.02183333333333333,0.010000000000000009,0.010333333333333335,0.016,0.0,0.0,0.0
0.024166666666666666,0.010000000000000009,0.0061666666666666675,0.021666666666666667,0.0,0.0,0.0
0.03549999999999999,0.010000000000000009,0.011500000000000002,0.02733333333333333,0.0,0.0,0.0
0.024,0.010000000000000005,0.007666666666666668,0.021166666666666667,0.0,0.0,0.0
0.02533333333333333,0.01,0.012333333333333333,0.017833333333333333,0.0,0.0,0.0
0.018666666666666668,0.010000000000000002,0.01266666666666667,0.011500000000000005,0.0,0.0,0.0
0.025666666666666667,0.010000000000000002,0.011833333333333333,0.018333333333333333,0.0,0.0,0.0
0.029333333333333336,0.010000000000000009,0.012666666666666666,0.023833333333333335,0.0,0.0,0.0
0.025999999999999992,0.010000000000000009,0.013833333333333333,0.018666666666666668,0.0,0.0,0.0
0.015999999999999997,0.01,0.006333333333333333,0.0135,0.0,0.0,0.0
0.027666666666666666,0.01,0.0071666666666666675,0.023666666666666666,0.0,0.0,0.0
0.02483333333333333,0.010000000000000005,0.012166666666666666,0.018666666666666665,0.0,0.0,0.0
0.020833333333333336,0.010000000000000005,0.010000000000000002,0.015500000000000003,0.0,0.0,0.0
0.02883333333333333,0.010000000000000009,0.008833333333333337,0.02633333333333333,0.0,0.0,0.0
0.02266666666666667,0.01,0.010833333333333335,0.018666666666666668,0.0,0.0,0.0
0.024666666666666667,0.010000000000000009,0.011000000000000001,0.018666666666666668,0.0,0.0,0.0
0.021500000000000002,0.01,0.0068333333333333345,0.019333333333333334,0.0,0.0,0.0
0.018166666666666668,0.01,0.004666666666666667,0.015166666666666667,0.0,0.0,0.0
0.023500000000000004,0.010000000000000009,0.008500000000000002,0.021,0.0,0.0,0.0
0.021333333333333333,0.010000000000000009,0.009000000000000001,0.01816666666666667,0.0,0.0,0.0
0.03033333333333333,0.010000000000000009,0.011333333333333336,0.024833333333333332,0.0,0.0,0.0
0.031000000000000003,0.010000000000000009,0.0115,0.0255,0.0,0.0,0.0
0.029333333333333333,0.010000000000000009,0.010833333333333334,0.02316666666666667,0.0,0.0,0.0
0.02,0.010000000000000002,0.008333333333333335,0.016666666666666666,0.0,0.0,0.0
0.031166666666666665,0.01,0.011833333333333336,0.025833333333333333,0.0,0.0,0.0
0.023166666666666672,0.010000000000000009,0.009666666666666672,0.02016666666666667,0.0,0.0,0.0
0.025500000000000002,0.010000000000000009,0.010000000000000002,0.020500000000000004,0.0,0.0,0.0
0.022000000000000002,0.010000000000000009,0.009000000000000001,0.016833333333333336,0.0,0.0,0.0
0.023333333333333334,0.010000000000000009,0.008166666666666666,0.01816666666666667,0.0,0.0,0.0
0.02,0.009999999999999998,0.009333333333333336,0.016166666666666666,0.0,0.0,0.0
0.026499999999999992,0.009999999999999998,0.008833333333333334,0.0225,0.0,0.0,0.0
0.01983333333333333,0.009999999999999998,0.007000000000000003,0.01633333333333333,0.0,0.0,0.0
0.013333333333333336,0.010000000000000002,0.0085,0.009833333333333336,0.0,0.0,0.0
0.022666666666666665,0.01,0.012666666666666666,0.01566666666666667,0.0,0.0,0.0
0.029333333333333333,0.010000000000000009,0.014500000000000004,0.024,0.0,0.0,0.0
0.024333333333333332,0.010000000000000009,0.011166666666666665,0.017666666666666667,0.0,0.0,0.0
0.020666666666666663,0.009999999999999998,0.010333333333333332,0.014500000000000002,0.0,0.0,0.0
0.024333333333333335,0.010000000000000009,0.008333333333333337,0.020333333333333328,0.0,0.0,0.0
0.024,0.01,0.009500000000000003,0.01883333333333333,0.0,0.0,0.0
0.022500000000000006,0.010000000000000002,0.010333333333333338,0.018000000000000002,0.0,0.0,0.0
0.0205,0.01,0.009666666666666665,0.014000000000000002,0.0,0.0,0.0
0.0195,0.01,0.010166666666666666,0.014,0.0,0.0,0.0
0.022999999999999996,0.010000000000000005,0.012666666666666668,0.016833333333333332,0.0,0.0,0.0
0.020833333333333332,0.01,0.014000000000000002,0.01266666666666667,0.0,0.0,0.0
0.02016666666666667,0.010000000000000009,0.008666666666666666,0.01666666666666667,0.0,0.0,0.0
0.0265,0.010000000000000009,0.010333333333333335,0.021,0.0,0.0,0.0
0.01633333333333333,0.01,0.006333333333333333,0.013000000000000001,0.0,0.0,0.0
0.023499999999999997,0.010000000000000009,0.013000000000000001,0.017000000000000005,0.0,0.0,0.0
0.025166666666666667,0.010000000000000009,0.007666666666666669,0.021666666666666667,0.0,0.0,0.0
0.030333333333333337,0.010000000000000009,0.010000000000000002,0.024666666666666667,0.0,0.0,0.0
0.0225,0.010000000000000005,0.009166666666666667,0.019,0.0,0.0,0.0
0.021,0.010000000000000002,0.009833333333333335,0.016666666666666666,0.0,0.0,0.0
0.032499999999999994,0.010000000000000009,0.012000000000000002,0.0265,0.0,0.0,0.0
0.030333333333333334,0.010000000000000009,0.010666666666666668,0.026166666666666668,0.0,0.0,0.0
0.018333333333333333,0.01,0.011000000000000001,0.010666666666666668,0.0,0.0,0.0
0.030833333333333327,0.010000000000000009,0.007000000000000001,0.02916666666666666,0.0,0.0,0.0
0.0255,0.010000000000000005,0.0061666666666666675,0.02283333333333333,0.0,0.0,0.0
0.023833333333333328,0.010000000000000009,0.007166666666666669,0.02066666666666667,0.0,0.0,0.0
0.0195,0.01,0.012333333333333335,0.013000000000000005,0.0,0.0,0.0
0.015166666666666665,0.009999999999999998,0.005333333333333334,0.0115,0.0,0.0,0.0
0.014833333333333329,0.009999999999999998,0.0033333333333333344,0.013999999999999995,0.0,0.0,0.0
0.017166666666666667,0.01,0.006000000000000002,0.014666666666666668,0.0,0.0,0.0
0.028333333333333332,0.010000000000000009,0.010833333333333335,0.024166666666666666,0.0,0.0,0.0
0.020833333333333336,0.010000000000000009,0.010000000000000002,0.016833333333333332,0.0,0.0,0.0
0.02716666666666667,0.010000000000000002,0.012500000000000002,0.021500000000000002,0.0,0.0,0.0
0.024499999999999997,0.010000000000000002,0.009000000000000003,0.02033333333333333,0.0,0.0,0.0
0.029499999999999995,0.010000000000000009,0.011500000000000002,0.0235,0.0,0.0,0.0
0.0265,0.010000000000000002,0.008666666666666668,0.02266666666666667,0.0,0.0,0.0
0.021,0.010000000000000002,0.0063333333333333375,0.01833333333333333,0.0,0.0,0.0
0.022166666666666668,0.010000000000000002,0.008333333333333335,0.01833333333333333,0.0,0.0,0.0
0.021500000000000002,0.01,0.010000000000000005,0.018000000000000002,0.0,0.0,0.0
0.02283333333333333,0.010000000000000002,0.013666666666666667,0.015000000000000003,0.0,0.0,0.0
0.02366666666666667,0.010000000000000005,0.012166666666666668,0.01666666666666667,0.0,0.0,0.0
0.019000000000000003,0.010000000000000009,0.008333333333333337,0.014833333333333337,0.0,0.0,0.0
0.03349999999999999,0.010000000000000009,0.013333333333333334,0.024999999999999998,0.0,0.0,0.0
0.025,0.01,0.012833333333333334,0.019000000000000003,0.0,0.0,0.0
0.025500000000000005,0.010000000000000005,0.010666666666666668,0.0195,0.0,0.0,0.0
0.020833333333333332,0.010000000000000009,0.008833333333333335,0.017833333333333333,0.0,0.0,0.0
0.022666666666666665,0.01,0.009333333333333334,0.01733333333333333,0.0,0.0,0.0
0.023000000000000003,0.010000000000000009,0.011333333333333336,0.019000000000000003,0.0,0.0,0.0
0.023499999999999997,0.010000000000000009,0.015500000000000002,0.014500000000000002,0.0,0.0,0.0
0.024333333333333332,0.010000000000000002,0.010666666666666668,0.018666666666666665,0.0,0.0,0.0
0.034999999999999996,0.010000000000000009,0.012166666666666668,0.02833333333333333,0.0,0.0,0.0
0.019666666666666666,0.009999999999999998,0.008666666666666668,0.014333333333333333,0.0,0.0,0.0
0.018000000000000002,0.009999999999999998,0.007500000000000002,0.014666666666666666,0.0,0.0,0.0
0.03233333333333333,0.010000000000000009,0.014000000000000002,0.022666666666666665,0.0,0.0,0.0
0.025166666666666667,0.010000000000000009,0.010500000000000004,0.02183333333333333,0.0,0.0,0.0
0.01966666666666667,0.009999999999999998,0.011000000000000001,0.012000000000000004,0.0,0.0,0.0
0.02166666666666667,0.010000000000000009,0.009333333333333336,0.017833333333333336,0.0,0.0,0.0
0.025666666666666667,0.010000000000000009,0.011666666666666669,0.01966666666666667,0.0,0.0,0.0
0.02233333333333333,0.010000000000000009,0.006166666666666668,0.0195,0.0,0.0,0.0
0.032,0.010000000000000009,0.01716666666666667,0.021833333333333337,0.0,0.0,0.0
0.02266666666666667,0.010000000000000009,0.009166666666666668,0.017833333333333333,0.0,0.0,0.0
0.030333333333333334,0.01,0.013833333333333335,0.023333333333333334,0.0,0.0,0.0
0.02066666666666667,0.01,0.011500000000000002,0.013833333333333335,0.0,0.0,0.0
0.024166666666666666,0.01,0.011500000000000002,0.0185,0.0,0.0,0.0
0.02233333333333333,0.01,0.011166666666666665,0.016,0.0,0.0,0.0
0.018833333333333334,0.01,0.010333333333333335,0.013166666666666669,0.0,0.0,0.0
0.024999999999999998,0.010000000000000005,0.010666666666666665,0.019666666666666662,0.0,0.0,0.0
0.0245,0.010000000000000009,0.006666666666666666,0.02133333333333333,0.0,0.0,0.0
0.03149999999999999,0.010000000000000009,0.015166666666666663,0.021,0.0,0.0,0.0
0.019166666666666665,0.009999999999999998,0.008833333333333334,0.014333333333333333,0.0,0.0,0.0
0.025666666666666667,0.010000000000000009,0.010166666666666668,0.02016666666666667,0.0,0.0,0.0
0.025666666666666667,0.01,0.008333333333333335,0.022000000000000002,0.0,0.0,0.0
0.022833333333333334,0.01,0.011000000000000003,0.0175,0.0,0.0,0.0
0.029500000000000002,0.010000000000000009,0.016,0.020666666666666673,0.0,0.0,0.0
0.032,0.010000000000000009,0.008333333333333337,0.02866666666666667,0.0,0.0,0.0
0.024833333333333336,0.010000000000000005,0.005666666666666668,0.022500000000000003,0.0,0.0,0.0
0.025,0.01,0.007166666666666669,0.02183333333333333,0.0,0.0,0.0
0.018000000000000002,0.009999999999999998,0.008833333333333334,0.013666666666666667,0.0,0.0,0.0
0.03133333333333333,0.01,0.008666666666666666,0.02633333333333333,0.0,0.0,0.0
0.025500000000000002,0.010000000000000009,0.016333333333333335,0.016833333333333336,0.0,0.0,0.0
0.020500000000000004,0.009999999999999998,0.00566666666666667,0.018333333333333333,0.0,0.0,0.0
0.024166666666666666,0.010000000000000009,0.011833333333333336,0.019166666666666665,0.0,0.0,0.0
0.022833333333333334,0.01,0.010500000000000002,0.018333333333333333,0.0,0.0,0.0
0.02666666666666667,0.01,0.013333333333333334,0.01916666666666667,0.0,0.0,0.0
0.015833333333333335,0.009999999999999998,0.010333333333333333,0.010666666666666668,0.0,0.0,0.0
0.02583333333333333,0.01,0.0068333333333333345,0.02316666666666667,0.0,0.0,0.0
0.01733333333333333,0.009999999999999998,0.007500000000000001,0.012833333333333334,0.0,0.0,0.0
0.022,0.01,0.009833333333333335,0.017,0.0,0.0,0.0
0.01966666666666667,0.010000000000000002,0.008500000000000002,0.015166666666666669,0.0,0.0,0.0
0.02016666666666667,0.010000000000000002,0.008166666666666668,0.015833333333333338,0.0,0.0,0.0
0.021333333333333333,0.01,0.004500000000000002,0.019666666666666666,0.0,0.0,0.0
0.02783333333333333,0.010000000000000009,0.009166666666666667,0.023166666666666665,0.0,0.0,0.0
0.016833333333333332,0.01,0.008833333333333334,0.011500000000000003,0.0,0.0,0.0
0.027,0.01,0.011500000000000003,0.021000000000000005,0.0,0.0,0.0
0.0175,0.01,0.0070000000000000045,0.014666666666666668,0.0,0.0,0.0
0.018666666666666668,0.01,0.011166666666666667,0.012166666666666668,0.0,0.0,0.0
0.019999999999999997,0.009999999999999998,0.0071666666666666675,0.016166666666666666,0.0,0.0,0.0
0.022666666666666665,0.010000000000000005,0.007333333333333335,0.020666666666666667,0.0,0.0,0.0
0.024000000000000007,0.010000000000000002,0.009000000000000001,0.01883333333333333,0.0,0.0,0.0
0.02883333333333333,0.010000000000000002,0.0065,0.0255,0.0,0.0,0.0
0.01883333333333333,0.009999999999999998,0.008833333333333334,0.014333333333333333,0.0,0.0,0.0
0.020666666666666667,0.01,0.009333333333333338,0.0175,0.0,0.0,0.0
0.01666666666666667,0.010000000000000009,0.006833333333333338,0.014833333333333336,0.0,0.0,0.0
0.02116666666666667,0.010000000000000009,0.008166666666666668,0.0175,0.0,0.0,0.0
0.028,0.010000000000000009,0.007666666666666668,0.02333333333333333,0.0,0.0,0.0
0.03416666666666666,0.010000000000000009,0.018000000000000002,0.024500000000000004,0.0,0.0,0.0
0.019833333333333335,0.010000000000000009,0.011666666666666667,0.014000000000000004,0.0,0.0,0.0
0.021500000000000002,0.010000000000000009,0.008166666666666666,0.017333333333333333,0.0,0.0,0.0
0.0215,0.009999999999999998,0.009500000000000001,0.016166666666666666,0.0,0.0,0.0
0.0205,0.010000000000000009,0.011833333333333333,0.013333333333333338,0.0,0.0,0.0
0.017333333333333333,0.01,0.004666666666666669,0.01633333333333333,0.0,0.0,0.0
0.022000000000000002,0.01,0.008666666666666666,0.018000000000000006,0.0,0.0,0.0
0.02883333333333333,0.010000000000000009,0.005166666666666669,0.027166666666666662,0.0,0.0,0.0
0.029500000000000005,0.010000000000000009,0.007500000000000002,0.026000000000000006,0.0,0.0,0.0
0.019500000000000007,0.010000000000000005,0.013333333333333338,0.01216666666666667,0.0,0.0,0.0
0.022166666666666668,0.010000000000000009,0.008000000000000004,0.019,0.0,0.0,0.0
0.027000000000000003,0.010000000000000009,0.015000000000000003,0.018500000000000006,0.0,0.0,0.0
0.02266666666666667,0.010000000000000009,0.007166666666666669,0.018666666666666668,0.0,0.0,0.0
0.021833333333333333,0.01,0.008333333333333335,0.018166666666666668,0.0,0.0,0.0
0.033166666666666664,0.010000000000000009,0.01616666666666667,0.024833333333333332,0.0,0.0,0.0
0.024166666666666666,0.010000000000000002,0.010166666666666666,0.019000000000000003,0.0,0.0,0.0
0.016333333333333335,0.01,0.007166666666666668,0.012000000000000004,0.0,0.0,0.0
0.018166666666666664,0.01,0.006500000000000001,0.015333333333333332,0.0,0.0,0.0
0.01933333333333333,0.009999999999999998,0.007333333333333334,0.014833333333333332,0.0,0.0,0.0
0.031999999999999994,0.010000000000000009,0.013166666666666669,0.0245,0.0,0.0,0.0
0.023166666666666665,0.010000000000000009,0.010666666666666668,0.018500000000000003,0.0,0.0,0.0
0.020833333333333332,0.01,0.009333333333333338,0.018166666666666668,0.0,0.0,0.0
0.024999999999999998,0.01,0.009500000000000001,0.020666666666666667,0.0,0.0,0.0
0.018833333333333334,0.010000000000000009,0.009333333333333334,0.014500000000000002,0.0,0.0,0.0
0.01966666666666667,0.009999999999999998,0.010500000000000002,0.013000000000000005,0.0,0.0,0.0
0.032999999999999995,0.010000000000000009,0.012833333333333332,0.02533333333333333,0.0,0.0,0.0
0.021166666666666667,0.01,0.009833333333333333,0.014666666666666666,0.0,0.0,0.0
0.023333333333333334,0.010000000000000002,0.0125,0.015500000000000005,0.0,0.0,0.0
0.023666666666666666,0.01,0.007333333333333335,0.021333333333333333,0.0,0.0,0.0
0.032999999999999995,0.010000000000000009,0.009666666666666669,0.02866666666666666,0.0,0.0,0.0
0.0175,0.009999999999999998,0.010166666666666668,0.011833333333333335,0.0,0.0,0.0
0.02066666666666667,0.010000000000000009,0.009333333333333338,0.017333333333333336,0.0,0.0,0.0
0.025833333333333333,0.010000000000000002,0.008666666666666666,0.020666666666666667,0.0,0.0,0.0
0.0275,0.010000000000000005,0.013500000000000003,0.020333333333333335,0.0,0.0,0.0
0.0265,0.01,0.008166666666666668,0.022500000000000003,0.0,0.0,0.0
0.023166666666666665,0.010000000000000009,0.011166666666666668,0.01716666666666667,0.0,0.0,0.0
0.0315,0.019999999999999997,0.012000000000000004,0.02666666666666667,0.0,0.0,0.0
0.013500000000000003,0.009999999999999998,0.008833333333333335,0.010333333333333335,0.0,0.0,0.0
0.022333333333333334,0.010000000000000009,0.009333333333333338,0.01933333333333333,0.0,0.0,0.0
0.016666666666666666,0.010000000000000005,0.006833333333333338,0.013833333333333335,0.0,0.0,0.0
0.02183333333333333,0.010000000000000009,0.008833333333333335,0.0175,0.0,0.0,0.0
0.0235,0.010000000000000009,0.010000000000000002,0.018000000000000006,0.0,0.0,0.0
0.027500000000000004,0.010000000000000009,0.01566666666666667,0.019000000000000003,0.0,0.0,0.0
0.0285,0.01,0.007833333333333336,0.026166666666666664,0.0,0.0,0.0
0.0315,0.010000000000000009,0.013333333333333334,0.02416666666666667,0.0,0.0,0.0
0.020166666666666666,0.010000000000000005,0.00816666666666667,0.015333333333333336,0.0,0.0,0.0
0.027,0.010000000000000005,0.0105,0.021333333333333333,0.0,0.0,0.0
0.01616666666666667,0.01,0.008000000000000005,0.013833333333333335,0.0,0.0,0.0
0.018,0.010000000000000002,0.009500000000000001,0.013833333333333336,0.0,0.0,0.0
0.025500000000000002,0.010000000000000009,0.008500000000000004,0.022333333333333337,0.0,0.0,0.0
0.021666666666666674,0.010000000000000009,0.009666666666666672,0.01766666666666667,0.0,0.0,0.0
0.02816666666666667,0.01,0.015166666666666665,0.018833333333333334,0.0,0.0,0.0
0.015166666666666669,0.01,0.00816666666666667,0.01266666666666667,0.0,0.0,0.0
0.018166666666666668,0.01,0.007833333333333335,0.014500000000000002,0.0,0.0,0.0
0.01883333333333333,0.010000000000000005,0.006166666666666668,0.015666666666666666,0.0,0.0,0.0
0.019,0.01,0.010166666666666668,0.013000000000000003,0.0,0.0,0.0
0.020999999999999998,0.010000000000000009,0.008000000000000002,0.017,0.0,0.0,0.0
0.022833333333333334,0.010000000000000002,0.013166666666666667,0.014666666666666668,0.0,0.0,0.0
0.021833333333333333,0.010000000000000002,0.009833333333333335,0.0165,0.0,0.0,0.0
0.023000000000000003,0.010000000000000002,0.015000000000000003,0.015333333333333336,0.0,0.0,0.0
0.01666666666666667,0.009999999999999998,0.0051666666666666675,0.014166666666666668,0.0,0.0,0.0
0.024666666666666667,0.010000000000000009,0.011500000000000003,0.018666666666666668,0.0,0.0,0.0
0.019833333333333335,0.010000000000000009,0.009833333333333338,0.015333333333333334,0.0,0.0,0.0
0.026000000000000006,0.010000000000000009,0.012333333333333333,0.018166666666666668,0.0,0.0,0.0
0.02949999999999999,0.010000000000000009,0.012166666666666668,0.024,0.0,0.0,0.0
0.020833333333333332,0.010000000000000009,0.009000000000000001,0.01583333333333333,0.0,0.0,0.0
0.025833333333333333,0.010000000000000005,0.006333333333333336,0.023166666666666665,0.0,0.0,0.0
0.02066666666666667,0.010000000000000009,0.009166666666666672,0.015833333333333335,0.0,0.0,0.0
0.026666666666666665,0.010000000000000009,0.009500000000000001,0.02183333333333333,0.0,0.0,0.0
0.021333333333333333,0.010000000000000009,0.012833333333333335,0.014500000000000002,0.0,0.0,0.0
0.028333333333333332,0.010000000000000002,0.011166666666666668,0.021333333333333333,0.0,0.0,0.0
0.022000000000000002,0.010000000000000009,0.014166666666666664,0.01416666666666667,0.0,0.0,0.0
0.0165,0.01,0.007,0.013333333333333334,0.0,0.0,0.0
0.029666666666666664,0.01,0.007833333333333335,0.025666666666666664,0.0,0.0,0.0
0.025333333333333333,0.010000000000000009,0.011000000000000001,0.018666666666666668,0.0,0.0,0.0
0.016999999999999998,0.009999999999999998,0.007833333333333336,0.015000000000000001,0.0,0.0,0.0
0.02133333333333333,0.009999999999999998,0.009833333333333335,0.017,0.0,0.0,0.0
0.02416666666666667,0.010000000000000002,0.010000000000000002,0.018666666666666668,0.0,0.0,0.0
0.023000000000000003,0.010000000000000009,0.012833333333333337,0.016333333333333335,0.0,0.0,0.0
0.017666666666666667,0.010000000000000005,0.010333333333333335,0.013833333333333338,0.0,0.0,0.0
0.022166666666666668,0.010000000000000009,0.0105,0.017,0.0,0.0,0.0
0.020666666666666667,0.010000000000000005,0.006166666666666667,0.01666666666666667,0.0,0.0,0.0
0.022000000000000002,0.01,0.009000000000000003,0.018666666666666668,0.0,0.0,0.0
0.024666666666666667,0.010000000000000009,0.0038333333333333336,0.022500000000000003,0.0,0.0,0.0
0.014166666666666666,0.009999999999999998,0.009833333333333333,0.008333333333333335,0.0,0.0,0.0
0.020666666666666667,0.010000000000000005,0.008000000000000002,0.017,0.0,0.0,0.0
0.0245,0.010000000000000005,0.009333333333333334,0.019166666666666665,0.0,0.0,0.0
0.023666666666666662,0.01,0.006666666666666669,0.02033333333333333,0.0,0.0,0.0
0.01583333333333333,0.010000000000000005,0.006833333333333334,0.011666666666666665,0.0,0.0,0.0
0.022500000000000003,0.010000000000000005,0.01066666666666667,0.018000000000000006,0.0,0.0,0.0
0.015000000000000003,0.009999999999999998,0.007666666666666669,0.011166666666666668,0.0,0.0,0.0
0.032499999999999994,0.010000000000000005,0.017333333333333333,0.021500000000000005,0.0,0.0,0.0
0.017166666666666667,0.01,0.006666666666666669,0.014500000000000002,0.0,0.0,0.0
0.01666666666666667,0.010000000000000009,0.004833333333333334,0.014500000000000004,0.0,0.0,0.0
0.030000000000000002,0.010000000000000009,0.013666666666666667,0.02383333333333333,0.0,0.0,0.0
0.027166666666666665,0.010000000000000009,0.013833333333333335,0.019833333333333338,0.0,0.0,0.0
0.0325,0.010000000000000002,0.010833333333333335,0.028166666666666666,0.0,0.0,0.0
0.02566666666666667,0.010000000000000009,0.014500000000000002,0.020333333333333335,0.0,0.0,0.0
0.02583333333333333,0.01,0.013166666666666667,0.017,0.0,0.0,0.0
0.028333333333333325,0.010000000000000002,0.010166666666666668,0.0235,0.0,0.0,0.0
0.021,0.009999999999999998,0.013166666666666667,0.012833333333333334,0.0,0.0,0.0
0.019333333333333334,0.01,0.008833333333333335,0.015666666666666666,0.0,0.0,0.0
0.0235,0.01,0.009166666666666672,0.019500000000000003,0.0,0.0,0.0
0.021666666666666667,0.010000000000000005,0.009666666666666669,0.018833333333333334,0.0,0.0,0.0
0.019666666666666666,0.010000000000000009,0.005500000000000002,0.017666666666666667,0.0,0.0,0.0
0.02333333333333333,0.010000000000000009,0.00666666666666667,0.021,0.0,0.0,0.0
0.02366666666666667,0.010000000000000005,0.009833333333333335,0.018000000000000002,0.0,0.0,0.0
0.033166666666666664,0.010000000000000009,0.009000000000000001,0.02733333333333333,0.0,0.0,0.0
0.016666666666666666,0.009999999999999998,0.008333333333333338,0.013500000000000002,0.0,0.0,0.0
0.024833333333333332,0.01,0.013500000000000002,0.018500000000000003,0.0,0.0,0.0
0.024999999999999998,0.01,0.008333333333333337,0.022666666666666665,0.0,0.0,0.0
0.02833333333333333,0.010000000000000009,0.013500000000000002,0.020333333333333335,0.0,0.0,0.0
0.025166666666666667,0.01,0.010500000000000006,0.021833333333333333,0.0,0.0,0.0
0.01916666666666667,0.01,0.011333333333333336,0.013666666666666667,0.0,0.0,0.0
0.024833333333333336,0.010000000000000009,0.010166666666666668,0.019500000000000003,0.0,0.0,0.0
0.018500000000000006,0.01,0.008666666666666666,0.013833333333333336,0.0,0.0,0.0
0.0325,0.010000000000000009,0.017833333333333336,0.023500000000000004,0.0,0.0,0.0
0.018500000000000003,0.010000000000000005,0.008833333333333334,0.014000000000000004,0.0,0.0,0.0
0.018166666666666668,0.010000000000000009,0.009833333333333335,0.013166666666666669,0.0,0.0,0.0
0.03016666666666666,0.010000000000000009,0.01066666666666667,0.025333333333333333,0.0,0.0,0.0
0.024833333333333336,0.010000000000000009,0.009000000000000005,0.021500000000000002,0.0,0.0,0.0
0.02083333333333333,0.010000000000000009,0.0075000000000000015,0.016666666666666666,0.0,0.0,0.0
0.025666666666666667,0.009999999999999998,0.007666666666666666,0.020999999999999998,0.0,0.0,0.0
0.018166666666666664,0.01,0.010333333333333335,0.012833333333333334,0.0,0.0,0.0
0.0235,0.010000000000000009,0.009500000000000001,0.017333333333333336,0.0,0.0,0.0
0.01883333333333333,0.01,0.0061666666666666675,0.015833333333333335,0.0,0.0,0.0
0.0255,0.010000000000000009,0.007833333333333333,0.020833333333333332,0.0,0.0,0.0
0.02583333333333333,0.010000000000000002,0.016666666666666663,0.015333333333333338,0.0,0.0,0.0
0.025333333333333333,0.010000000000000005,0.007000000000000002,0.020833333333333336,0.0,0.0,0.0
0.028166666666666673,0.010000000000000009,0.01333333333333334,0.022333333333333334,0.0,0.0,0.0
0.023666666666666666,0.009999999999999998,0.011000000000000001,0.01616666666666667,0.0,0.0,0.0
0.022833333333333337,0.010000000000000002,0.010666666666666668,0.016500000000000004,0.0,0.0,0.0
0.034999999999999996,0.010000000000000009,0.010000000000000004,0.029166666666666664,0.0,0.0,0.0
0.02316666666666667,0.010000000000000009,0.010000000000000002,0.0195,0.0,0.0,0.0
0.0175,0.009999999999999998,0.009666666666666667,0.010500000000000002,0.0,0.0,0.0
0.0235,0.010000000000000005,0.009666666666666665,0.018000000000000002,0.0,0.0,0.0
0.026166666666666668,0.010000000000000009,0.013833333333333336,0.02016666666666667,0.0,0.0,0.0
0.01966666666666667,0.01,0.012333333333333337,0.013500000000000005,0.0,0.0,0.0
0.0175,0.010000000000000002,0.006500000000000002,0.014333333333333333,0.0,0.0,0.0
0.02733333333333333,0.010000000000000009,0.0048333333333333344,0.024833333333333332,0.0,0.0,0.0
0.02366666666666667,0.010000000000000005,0.013166666666666667,0.01616666666666667,0.0,0.0,0.0
0.024833333333333336,0.010000000000000005,0.014500000000000004,0.016333333333333335,0.0,0.0,0.0
0.018333333333333333,0.010000000000000005,0.011166666666666668,0.012666666666666668,0.0,0.0,0.0
0.023833333333333328,0.010000000000000005,0.010166666666666666,0.01933333333333333,0.0,0.0,0.0
0.024,0.010000000000000002,0.0085,0.0205,0.0,0.0,0.0
0.016833333333333332,0.010000000000000002,0.005333333333333334,0.014333333333333333,0.0,0.0,0.0
0.016333333333333335,0.01,0.006166666666666668,0.013166666666666669,0.0,0.0,0.0
0.03216666666666666,0.015000000000000006,0.0125,0.026166666666666664,0.0,0.0,0.0
0.036,0.010000000000000009,0.016166666666666666,0.02583333333333333,0.0,0.0,0.0
0.019000000000000006,0.01,0.008166666666666668,0.014666666666666672,0.0,0.0,0.0
0.018500000000000003,0.009999999999999998,0.005333333333333337,0.017333333333333333,0.0,0.0,0.0
0.021333333333333333,0.01,0.008833333333333335,0.016666666666666666,0.0,0.0,0.0
0.030999999999999996,0.010000000000000009,0.008666666666666668,0.028166666666666666,0.0,0.0,0.0
0.029833333333333333,0.010000000000000009,0.013500000000000005,0.02416666666666667,0.0,0.0,0.0
0.023500000000000004,0.010000000000000009,0.009666666666666667,0.018000000000000002,0.0,0.0,0.0
0.017,0.01,0.009000000000000003,0.014500000000000002,0.0,0.0,0.0
0.023000000000000003,0.010000000000000009,0.010333333333333335,0.0175,0.0,0.0,0.0
0.0275,0.010000000000000009,0.011166666666666668,0.022333333333333337,0.0,0.0,0.0
0.013833333333333338,0.009999999999999998,0.006166666666666668,0.01166666666666667,0.0,0.0,0.0
0.024666666666666667,0.01,0.009833333333333336,0.0205,0.0,0.0,0.0
0.02383333333333333,0.010000000000000005,0.007833333333333336,0.02033333333333333,0.0,0.0,0.0
0.017000000000000005,0.010000000000000002,0.009666666666666667,0.011166666666666668,0.0,0.0,0.0
0.02366666666666667,0.010000000000000005,0.009666666666666667,0.019666666666666666,0.0,0.0,0.0
0.022166666666666668,0.01,0.010333333333333335,0.017333333333333333,0.0,0.0,0.0
0.029666666666666668,0.010000000000000009,0.0205,0.017000000000000005,0.0,0.0,0.0
0.016166666666666666,0.009999999999999998,0.0035000000000000014,0.015499999999999998,0.0,0.0,0.0
0.022333333333333334,0.01,0.010333333333333332,0.015333333333333336,0.0,0.0,0.0
0.03266666666666666,0.010000000000000009,0.013333333333333334,0.02666666666666667,0.0,0.0,0.0
0.02366666666666667,0.010000000000000009,0.011666666666666665,0.018166666666666668,0.0,0.0,0.0
0.017666666666666667,0.01,0.009333333333333334,0.011833333333333336,0.0,0.0,0.0
0.018500000000000003,0.010000000000000009,0.010500000000000002,0.014000000000000002,0.0,0.0,0.0
0.035333333333333335,0.010000000000000005,0.011000000000000003,0.028166666666666666,0.0,0.0,0.0
0.020666666666666667,0.010000000000000005,0.0105,0.015333333333333334,0.0,0.0,0.0
0.021833333333333333,0.01,0.007833333333333335,0.01916666666666667,0.0,0.0,0.0
0.016000000000000004,0.01,0.007666666666666668,0.01216666666666667,0.0,0.0,0.0
0.023999999999999997,0.010000000000000009,0.006333333333333335,0.021500000000000002,0.0,0.0,0.0
0.025000000000000005,0.010000000000000009,0.007833333333333335,0.020333333333333335,0.0,0.0,0.0
0.028,0.010000000000000009,0.010500000000000002,0.0235,0.0,0.0,0.0
0.021500000000000002,0.01,0.011000000000000003,0.015333333333333334,0.0,0.0,0.0
0.024666666666666667,0.010000000000000009,0.0085,0.021333333333333333,0.0,0.0,0.0
0.02433333333333333,0.010000000000000009,0.011833333333333333,0.0175,0.0,0.0,0.0
0.02583333333333333,0.010000000000000005,0.014333333333333332,0.017833333333333336,0.0,0.0,0.0
0.017666666666666667,0.01,0.009333333333333334,0.012166666666666668,0.0,0.0,0.0
0.020999999999999998,0.01,0.005000000000000002,0.01833333333333333,0.0,0.0,0.0
0.019333333333333334,0.010000000000000002,0.011000000000000003,0.013833333333333335,0.0,0.0,0.0
0.024499999999999997,0.010000000000000005,0.010333333333333335,0.01783333333333333,0.0,0.0,0.0
0.01566666666666667,0.010000000000000002,0.006000000000000002,0.012833333333333334,0.0,0.0,0.0
0.024500000000000004,0.009999999999999998,0.013499999999999996,0.01666666666666667,0.0,0.0,0.0
0.02233333333333333,0.010000000000000005,0.010333333333333335,0.017833333333333333,0.0,0.0,0.0
0.022500000000000003,0.01,0.012166666666666668,0.015000000000000005,0.0,0.0,0.0
0.021500000000000002,0.010000000000000009,0.010833333333333335,0.016333333333333335,0.0,0.0,0.0
0.025833333333333333,0.010000000000000005,0.009500000000000005,0.0225,0.0,0.0,0.0
0.030666666666666665,0.010000000000000009,0.015499999999999998,0.021500000000000002,0.0,0.0,0.0
0.025833333333333333,0.010000000000000009,0.013500000000000003,0.01916666666666667,0.0,0.0,0.0
0.029333333333333336,0.010000000000000009,0.009500000000000003,0.024333333333333335,0.0,0.0,0.0
0.0275,0.010000000000000009,0.012166666666666666,0.020333333333333335,0.0,0.0,0.0
0.012000000000000004,0.009999999999999998,0.007000000000000003,0.008666666666666671,0.0,0.0,0.0
0.034999999999999996,0.010000000000000009,0.015333333333333336,0.025333333333333333,0.0,0.0,0.0
0.023666666666666666,0.010000000000000009,0.013333333333333334,0.01566666666666667,0.0,0.0,0.0
0.022500000000000003,0.01,0.01,0.018333333333333333,0.0,0.0,0.0
0.026500000000000003,0.010000000000000009,0.011000000000000005,0.021833333333333333,0.0,0.0,0.0
0.023,0.010000000000000009,0.010833333333333335,0.018666666666666665,0.0,0.0,0.0
0.025333333333333333,0.010000000000000009,0.013000000000000003,0.017500000000000005,0.0,0.0,0.0
0.021333333333333336,0.009999999999999998,0.011000000000000003,0.01616666666666667,0.0,0.0,0.0
0.0285,0.010000000000000009,0.013000000000000001,0.020833333333333332,0.0,0.0,0.0
0.02433333333333333,0.010000000000000002,0.008833333333333334,0.019500000000000003,0.0,0.0,0.0
0.025166666666666667,0.010000000000000009,0.010666666666666668,0.020166666666666666,0.0,0.0,0.0
0.03716666666666666,0.010000000000000009,0.014666666666666666,0.028166666666666666,0.0,0.0,0.0
0.025666666666666667,0.010000000000000009,0.010166666666666668,0.021,0.0,0.0,0.0
0.02266666666666667,0.01,0.009333333333333334,0.016833333333333332,0.0,0.0,0.0
0.02433333333333333,0.01,0.010000000000000002,0.018500000000000003,0.0,0.0,0.0
0.016833333333333332,0.01,0.007166666666666668,0.012666666666666666,0.0,0.0,0.0
0.022166666666666668,0.009999999999999998,0.008166666666666668,0.018333333333333333,0.0,0.0,0.0
0.015000000000000003,0.009999999999999998,0.005333333333333337,0.013333333333333334,0.0,0.0,0.0
0.02316666666666667,0.01,0.008333333333333335,0.018666666666666668,0.0,0.0,0.0
0.02516666666666667,0.010000000000000009,0.01233333333333334,0.021,0.0,0.0,0.0
0.028666666666666663,0.010000000000000009,0.014833333333333336,0.020166666666666666,0.0,0.0,0.0
0.024500000000000004,0.010000000000000009,0.011833333333333333,0.018000000000000002,0.0,0.0,0.0
0.029833333333333333,0.010000000000000009,0.009833333333333336,0.025500000000000005,0.0,0.0,0.0
0.0315,0.010000000000000009,0.015000000000000003,0.02283333333333333,0.0,0.0,0.0
0.019666666666666666,0.010000000000000009,0.006333333333333335,0.016333333333333335,0.0,0.0,0.0
0.021,0.01,0.0085,0.018000000000000002,0.0,0.0,0.0
0.018166666666666668,0.010000000000000005,0.007333333333333335,0.015166666666666669,0.0,0.0,0.0
0.02683333333333333,0.010000000000000009,0.011999999999999999,0.02033333333333333,0.0,0.0,0.0
0.025166666666666667,0.010000000000000005,0.006500000000000004,0.023,0.0,0.0,0.0
0.015166666666666667,0.009999999999999998,0.008333333333333335,0.012333333333333335,0.0,0.0,0.0
0.023166666666666662,0.010000000000000009,0.009833333333333335,0.01783333333333333,0.0,0.0,0.0
0.029333333333333336,0.010000000000000009,0.010833333333333335,0.02366666666666667,0.0,0.0,0.0
0.022500000000000003,0.010000000000000002,0.009333333333333338,0.017666666666666667,0.0,0.0,0.0
0.024333333333333332,0.010000000000000002,0.006333333333333336,0.021666666666666667,0.0,0.0,0.0
0.020500000000000004,0.010000000000000009,0.008333333333333335,0.017833333333333333,0.0,0.0,0.0
0.030666666666666665,0.010000000000000009,0.01266666666666667,0.025333333333333333,0.0,0.0,0.0
0.016833333333333332,0.009999999999999998,0.007333333333333335,0.01266666666666667,0.0,0.0,0.0
0.01866666666666666,0.01,0.0035000000000000014,0.01766666666666666,0.0,0.0,0.0
0.024333333333333335,0.010000000000000009,0.014833333333333337,0.018500000000000006,0.0,0.0,0.0
0.023333333333333334,0.01,0.007666666666666666,0.019333333333333334,0.0,0.0,0.0
0.030499999999999992,0.010000000000000009,0.011666666666666665,0.02383333333333333,0.0,0.0,0.0
0.018000000000000006,0.010000000000000005,0.008000000000000002,0.015333333333333338,0.0,0.0,0.0
0.015166666666666669,0.009999999999999998,0.008833333333333337,0.011666666666666669,0.0,0.0,0.0
0.022500000000000003,0.010000000000000009,0.009333333333333336,0.018833333333333334,0.0,0.0,0.0
0.019499999999999997,0.01,0.007166666666666667,0.016166666666666666,0.0,0.0,0.0
0.021500000000000002,0.009999999999999998,0.005666666666666668,0.019666666666666666,0.0,0.0,0.0
0.024833333333333332,0.01,0.013166666666666667,0.016833333333333336,0.0,0.0,0.0
0.028333333333333332,0.01,0.011166666666666665,0.020833333333333332,0.0,0.0,0.0
0.024333333333333332,0.010000000000000009,0.009166666666666667,0.020666666666666667,0.0,0.0,0.0
0.028666666666666663,0.010000000000000002,0.011000000000000001,0.022166666666666668,0.0,0.0,0.0
0.022,0.01,0.012500000000000002,0.015500000000000003,0.0,0.0,0.0
0.03366666666666666,0.010000000000000005,0.0175,0.022333333333333334,0.0,0.0,0.0
0.01983333333333333,0.01,0.011166666666666665,0.013000000000000005,0.0,0.0,0.0
0.024833333333333336,0.010000000000000009,0.010000000000000002,0.018666666666666668,0.0,0.0,0.0
0.024833333333333332,0.010000000000000009,0.0165,0.015000000000000003,0.0,0.0,0.0
0.03783333333333332,0.010000000000000009,0.016666666666666666,0.0285,0.0,0.0,0.0
0.023500000000000004,0.010000000000000009,0.012333333333333335,0.016333333333333335,0.0,0.0,0.0
0.02433333333333333,0.010000000000000005,0.007833333333333335,0.0195,0.0,0.0,0.0
0.037,0.010000000000000009,0.012500000000000004,0.03266666666666666,0.0,0.0,0.0
0.030499999999999996,0.010000000000000009,0.011666666666666667,0.024,0.0,0.0,0.0
0.026166666666666668,0.010000000000000009,0.007666666666666667,0.022500000000000003,0.0,0.0,0.0
0.0205,0.01,0.009666666666666672,0.016166666666666666,0.0,0.0,0.0
0.020833333333333336,0.010000000000000009,0.008833333333333334,0.015833333333333335,0.0,0.0,0.0
0.017666666666666667,0.01,0.009666666666666665,0.011333333333333336,0.0,0.0,0.0
0.018166666666666668,0.009999999999999998,0.008833333333333334,0.013833333333333335,0.0,0.0,0.0
0.02266666666666667,0.010000000000000002,0.01616666666666667,0.012500000000000004,0.0,0.0,0.0
0.02116666666666667,0.010000000000000009,0.014000000000000002,0.012333333333333339,0.0,0.0,0.0
0.025333333333333333,0.009999999999999998,0.008500000000000002,0.022000000000000002,0.0,0.0,0.0
0.017000000000000005,0.009999999999999998,0.008833333333333334,0.013833333333333335,0.0,0.0,0.0
0.018333333333333333,0.01,0.010166666666666668,0.012500000000000002,0.0,0.0,0.0
0.023666666666666666,0.01,0.008500000000000002,0.01833333333333333,0.0,0.0,0.0
0.024166666666666663,0.010000000000000005,0.008166666666666668,0.02033333333333333,0.0,0.0,0.0
0.02383333333333333,0.009999999999999998,0.010666666666666668,0.017166666666666667,0.0,0.0,0.0
0.015000000000000001,0.01,0.009000000000000001,0.011333333333333336,0.0,0.0,0.0
0.03066666666666667,0.010000000000000005,0.017333333333333333,0.019000000000000006,0.0,0.0,0.0
0.021500000000000002,0.010000000000000009,0.011000000000000003,0.015166666666666669,0.0,0.0,0.0
0.024166666666666666,0.010000000000000005,0.010166666666666668,0.017833333333333333,0.0,0.0,0.0
0.019333333333333334,0.010000000000000009,0.006333333333333335,0.017333333333333336,0.0,0.0,0.0
0.024,0.01,0.007500000000000003,0.020833333333333332,0.0,0.0,0.0
0.030999999999999996,0.010000000000000009,0.008333333333333337,0.027166666666666665,0.0,0.0,0.0
0.02166666666666667,0.01,0.01216666666666667,0.016833333333333336,0.0,0.0,0.0
0.021333333333333333,0.009999999999999998,0.0051666666666666675,0.01833333333333333,0.0,0.0,0.0
0.03466666666666666,0.019999999999999997,0.011333333333333334,0.030500000000000003,0.0,0.0,0.0
0.0195,0.009999999999999998,0.009666666666666667,0.014000000000000002,0.0,0.0,0.0
0.016,0.009999999999999998,0.007166666666666669,0.011833333333333335,0.0,0.0,0.0
0.016833333333333332,0.009999999999999998,0.010666666666666666,0.010666666666666668,0.0,0.0,0.0
0.0225,0.009999999999999998,0.012333333333333333,0.016666666666666666,0.0,0.0,0.0
0.02233333333333333,0.01,0.008666666666666666,0.01783333333333333,0.0,0.0,0.0
0.027166666666666665,0.010000000000000009,0.010500000000000004,0.023000000000000003,0.0,0.0,0.0
0.014333333333333333,0.0,0.007000000000000003,0.011000000000000001,0.0,0.0,0.0
0.033666666666666664,0.010000000000000009,0.01616666666666667,0.02266666666666667,0.0,0.0,0.0
0.01616666666666667,0.010000000000000002,0.008166666666666668,0.012833333333333337,0.0,0.0,0.0
0.0205,0.010000000000000009,0.009833333333333335,0.015500000000000003,0.0,0.0,0.0
0.025666666666666667,0.010000000000000009,0.013000000000000005,0.019000000000000006,0.0,0.0,0.0
0.02866666666666667,0.010000000000000002,0.015499999999999998,0.019000000000000003,0.0,0.0,0.0
0.023666666666666666,0.010000000000000002,0.012166666666666666,0.015333333333333336,0.0,0.0,0.0
0.013833333333333335,0.009999999999999998,0.007000000000000002,0.012000000000000004,0.0,0.0,0.0
0.019500000000000003,0.01,0.006666666666666669,0.016000000000000004,0.0,0.0,0.0
0.022,0.01,0.0085,0.017166666666666663,0.0,0.0,0.0
0.026999999999999993,0.010000000000000004,0.008000000000000002,0.022833333333333327,0.0,0.0,0.0
0.01983333333333333,0.01,0.01016666666666667,0.0165,0.0,0.0,0.0
0.021500000000000002,0.010000000000000009,0.008666666666666668,0.017833333333333333,0.0,0.0,0.0
0.017833333333333333,0.01,0.007166666666666669,0.01566666666666667,0.0,0.0,0.0
0.031166666666666665,0.010000000000000009,0.013666666666666666,0.024166666666666666,0.0,0.0,0.0
0.025833333333333337,0.01,0.009333333333333334,0.01966666666666667,0.0,0.0,0.0
0.0205,0.01,0.012166666666666666,0.014000000000000004,0.0,0.0,0.0
0.011833333333333336,0.009999999999999998,0.004666666666666669,0.010833333333333335,0.0,0.0,0.0
0.03433333333333333,0.010000000000000009,0.016,0.025000000000000005,0.0,0.0,0.0
0.030500000000000003,0.01,0.013000000000000001,0.023,0.0,0.0,0.0
0.03366666666666665,0.010000000000000005,0.009333333333333334,0.028666666666666667,0.0,0.0,0.0
0.029666666666666664,0.010000000000000009,0.008666666666666668,0.025333333333333333,0.0,0.0,0.0
0.024166666666666663,0.01,0.008000000000000002,0.02033333333333333,0.0,0.0,0.0
0.02066666666666667,0.009999999999999998,0.0105,0.013833333333333335,0.0,0.0,0.0
0.02916666666666667,0.010000000000000009,0.009833333333333335,0.025833333333333333,0.0,0.0,0.0
0.02233333333333333,0.010000000000000002,0.011166666666666665,0.016,0.0,0.0,0.0
0.0265,0.010000000000000009,0.011,0.0205,0.0,0.0,0.0
0.030499999999999996,0.010000000000000009,0.013000000000000005,0.02416666666666667,0.0,0.0,0.0
0.021500000000000002,0.010000000000000009,0.010833333333333335,0.016666666666666666,0.0,0.0,0.0
0.024333333333333335,0.010000000000000009,0.010833333333333335,0.021166666666666667,0.0,0.0,0.0
0.01583333333333333,0.009999999999999998,0.0045000000000000005,0.013333333333333334,0.0,0.0,0.0
0.019333333333333334,0.010000000000000009,0.007500000000000001,0.016166666666666666,0.0,0.0,0.0
0.022500000000000003,0.010000000000000009,0.007000000000000003,0.0185,0.0,0.0,0.0
0.01566666666666667,0.01,0.007333333333333336,0.011500000000000002,0.0,0.0,0.0
0.016666666666666666,0.01,0.010833333333333332,0.010500000000000002,0.0,0.0,0.0
0.02283333333333333,0.010000000000000009,0.011333333333333338,0.018500000000000003,0.0,0.0,0.0
0.026,0.010000000000000005,0.014500000000000002,0.018833333333333334,0.0,0.0,0.0
0.02933333333333333,0.01,0.014666666666666668,0.020666666666666663,0.0,0.0,0.0
0.02283333333333333,0.010000000000000002,0.013166666666666667,0.016333333333333335,0.0,0.0,0.0
0.029166666666666667,0.010000000000000005,0.014166666666666668,0.020000000000000004,0.0,0.0,0.0
0.01916666666666667,0.010000000000000002,0.009166666666666668,0.014666666666666668,0.0,0.0,0.0
0.020500000000000004,0.010000000000000009,0.011333333333333336,0.01583333333333333,0.0,0.0,0.0
0.025333333333333333,0.010000000000000009,0.011666666666666669,0.019166666666666665,0.0,0.0,0.0
0.026333333333333334,0.010000000000000005,0.010500000000000002,0.020833333333333332,0.0,0.0,0.0
0.01916666666666667,0.010000000000000005,0.008166666666666668,0.014000000000000004,0.0,0.0,0.0
0.020666666666666667,0.010000000000000002,0.011166666666666668,0.014833333333333339,0.0,0.0,0.0
0.014833333333333334,0.009999999999999998,0.006166666666666669,0.012333333333333333,0.0,0.0,0.0
0.02333333333333333,0.01,0.010833333333333335,0.018166666666666664,0.0,0.0,0.0
0.0315,0.010000000000000009,0.014500000000000002,0.023500000000000004,0.0,0.0,0.0
0.02416666666666667,0.01,0.010000000000000002,0.01866666666666667,0.0,0.0,0.0
0.019333333333333334,0.009999999999999998,0.008333333333333333,0.015166666666666665,0.0,0.0,0.0
0.020666666666666663,0.01,0.004166666666666668,0.019666666666666662,0.0,0.0,0.0
0.0315,0.010000000000000009,0.012166666666666668,0.024833333333333336,0.0,0.0,0.0
0.02,0.01,0.011833333333333336,0.015000000000000001,0.0,0.0,0.0
0.024666666666666667,0.01,0.013166666666666667,0.016666666666666666,0.0,0.0,0.0
0.025333333333333333,0.010000000000000009,0.008500000000000004,0.022000000000000002,0.0,0.0,0.0
0.025666666666666664,0.010000000000000005,0.009000000000000005,0.021166666666666663,0.0,0.0,0.0
0.02,0.010000000000000009,0.005833333333333337,0.017666666666666667,0.0,0.0,0.0
0.025666666666666667,0.010000000000000009,0.0175,0.017500000000000005,0.0,0.0,0.0
0.028499999999999994,0.010000000000000009,0.011833333333333335,0.023166666666666665,0.0,0.0,0.0
0.018666666666666665,0.01,0.009000000000000005,0.014833333333333332,0.0,0.0,0.0
0.02016666666666667,0.010000000000000009,0.007000000000000003,0.017333333333333336,0.0,0.0,0.0
0.016500000000000004,0.01,0.009666666666666667,0.010833333333333339,0.0,0.0,0.0
0.01883333333333333,0.009999999999999998,0.011500000000000002,0.011833333333333336,0.0,0.0,0.0
0.030666666666666665,0.010000000000000009,0.008,0.026333333333333334,0.0,0.0,0.0
0.024166666666666666,0.010000000000000009,0.009333333333333338,0.02,0.0,0.0,0.0
0.020166666666666666,0.010000000000000002,0.009333333333333334,0.01616666666666667,0.0,0.0,0.0
0.02683333333333333,0.010000000000000009,0.008,0.022000000000000002,0.0,0.0,0.0
0.026999999999999993,0.010000000000000009,0.010666666666666668,0.02233333333333333,0.0,0.0,0.0
0.02366666666666667,0.010000000000000009,0.010166666666666673,0.019000000000000003,0.0,0.0,0.0
0.024666666666666667,0.010000000000000005,0.011000000000000003,0.02066666666666667,0.0,0.0,0.0
0.028500000000000004,0.010000000000000002,0.003000000000000002,0.027666666666666666,0.0,0.0,0.0
0.02466666666666667,0.010000000000000009,0.007333333333333334,0.02116666666666667,0.0,0.0,0.0
0.019166666666666665,0.010000000000000005,0.011000000000000003,0.013666666666666669,0.0,0.0,0.0
0.026333333333333334,0.010000000000000009,0.008833333333333335,0.023666666666666666,0.0,0.0,0.0
0.013833333333333336,0.009999999999999998,0.005000000000000003,0.011333333333333334,0.0,0.0,0.0
0.028333333333333335,0.010000000000000009,0.014333333333333339,0.022333333333333337,0.0,0.0,0.0
0.027666666666666662,0.01,0.006666666666666667,0.023,0.0,0.0,0.0
0.021666666666666667,0.01,0.007500000000000003,0.0175,0.0,0.0,0.0
0.021500000000000002,0.010000000000000009,0.011833333333333333,0.015166666666666669,0.0,0.0,0.0
0.02416666666666667,0.010000000000000005,0.011500000000000003,0.0175,0.0,0.0,0.0
0.01583333333333333,0.009999999999999998,0.0085,0.011666666666666665,0.0,0.0,0.0
0.025500000000000002,0.010000000000000009,0.009666666666666667,0.020833333333333336,0.0,0.0,0.0
0.023666666666666666,0.01,0.010666666666666668,0.019499999999999997,0.0,0.0,0.0
0.020499999999999997,0.01,0.011833333333333336,0.014333333333333335,0.0,0.0,0.0
0.027166666666666665,0.010000000000000009,0.009500000000000001,0.021166666666666667,0.0,0.0,0.0
0.02416666666666667,0.010000000000000009,0.010666666666666666,0.018333333333333333,0.0,0.0,0.0
0.024833333333333336,0.01,0.014666666666666668,0.018500000000000003,0.0,0.0,0.0
0.01816666666666667,0.01,0.011000000000000003,0.013500000000000005,0.0,0.0,0.0
0.026500000000000003,0.010000000000000009,0.009000000000000003,0.021666666666666667,0.0,0.0,0.0
0.025333333333333333,0.010000000000000005,0.013166666666666669,0.018500000000000003,0.0,0.0,0.0
0.024333333333333332,0.010000000000000009,0.012333333333333333,0.017333333333333333,0.0,0.0,0.0
0.027333333333333334,0.010000000000000009,0.014833333333333336,0.018333333333333333,0.0,0.0,0.0
0.018666666666666668,0.009999999999999998,0.010666666666666665,0.012166666666666668,0.0,0.0,0.0
0.027333333333333324,0.01,0.010666666666666666,0.0215,0.0,0.0,0.0
0.028999999999999995,0.010000000000000009,0.015000000000000001,0.020333333333333328,0.0,0.0,0.0
0.028666666666666667,0.010000000000000009,0.019833333333333335,0.017833333333333336,0.0,0.0,0.0
0.02366666666666667,0.010000000000000005,0.012000000000000004,0.017833333333333333,0.0,0.0,0.0
0.027166666666666672,0.010000000000000009,0.014666666666666668,0.018333333333333333,0.0,0.0,0.0
0.02333333333333333,0.009999999999999998,0.007666666666666666,0.01933333333333333,0.0,0.0,0.0
0.023833333333333335,0.01,0.011666666666666667,0.017,0.0,0.0,0.0
0.016666666666666666,0.009999999999999998,0.008166666666666673,0.013666666666666667,0.0,0.0,0.0
0.027500000000000004,0.010000000000000002,0.013000000000000003,0.02,0.0,0.0,0.0
0.021166666666666667,0.010000000000000005,0.010000000000000002,0.01666666666666667,0.0,0.0,0.0
0.024499999999999997,0.01,0.010333333333333335,0.017666666666666667,0.0,0.0,0.0
0.02283333333333333,0.010000000000000009,0.010166666666666666,0.017333333333333336,0.0,0.0,0.0
0.021833333333333333,0.010000000000000009,0.011000000000000001,0.015833333333333335,0.0,0.0,0.0
0.0185,0.009999999999999998,0.006333333333333335,0.015000000000000001,0.0,0.0,0.0
0.022166666666666668,0.010000000000000002,0.008000000000000002,0.0195,0.0,0.0,0.0
0.025500000000000005,0.010000000000000009,0.010500000000000004,0.02066666666666667,0.0,0.0,0.0
0.021166666666666667,0.01,0.012833333333333334,0.013500000000000002,0.0,0.0,0.0
0.029666666666666668,0.010000000000000009,0.017333333333333333,0.01966666666666667,0.0,0.0,0.0
0.016833333333333336,0.009999999999999998,0.011000000000000003,0.009333333333333338,0.0,0.0,0.0
0.020166666666666666,0.009999999999999998,0.009333333333333334,0.0165,0.0,0.0,0.0
0.03183333333333334,0.010000000000000009,0.013000000000000005,0.026333333333333334,0.0,0.0,0.0
0.021500000000000005,0.010000000000000009,0.014833333333333336,0.014000000000000002,0.0,0.0,0.0
0.025666666666666664,0.010000000000000009,0.009666666666666669,0.021166666666666667,0.0,0.0,0.0
0.030000000000000002,0.010000000000000009,0.014000000000000002,0.021833333333333337,0.0,0.0,0.0
0.018500000000000003,0.010000000000000009,0.011166666666666667,0.013333333333333334,0.0,0.0,0.0
0.020500000000000004,0.01,0.006833333333333335,0.017500000000000005,0.0,0.0,0.0
0.02233333333333333,0.01,0.008166666666666668,0.017666666666666664,0.0,0.0,0.0
0.017666666666666667,0.010000000000000002,0.008666666666666671,0.014000000000000002,0.0,0.0,0.0
0.0225,0.010000000000000009,0.011500000000000002,0.01566666666666667,0.0,0.0,0.0
0.02316666666666667,0.010000000000000009,0.011000000000000001,0.016500000000000004,0.0,0.0,0.0
0.036333333333333336,0.010000000000000009,0.014500000000000002,0.028000000000000004,0.0,0.0,0.0
0.029666666666666664,0.010000000000000009,0.016500000000000004,0.021166666666666667,0.0,0.0,0.0
0.027500000000000004,0.010000000000000005,0.013500000000000003,0.020333333333333335,0.0,0.0,0.0
0.018666666666666668,0.009999999999999998,0.007833333333333335,0.013833333333333333,0.0,0.0,0.0
0.032,0.010000000000000009,0.019000000000000003,0.018833333333333337,0.0,0.0,0.0
0.022833333333333334,0.010000000000000002,0.010833333333333335,0.016833333333333332,0.0,0.0,0.0
0.020999999999999998,0.01,0.007833333333333336,0.01633333333333333,0.0,0.0,0.0
0.023166666666666672,0.01,0.016333333333333335,0.014833333333333339,0.0,0.0,0.0
0.024000000000000004,0.010000000000000005,0.010166666666666668,0.019333333333333334,0.0,0.0,0.0
0.02,0.009999999999999998,0.00766666666666667,0.017666666666666667,0.0,0.0,0.0
0.01783333333333333,0.01,0.0061666666666666675,0.014666666666666666,0.0,0.0,0.0
0.014000000000000004,0.009999999999999998,0.006000000000000004,0.012500000000000002,0.0,0.0,0.0
0.02766666666666667,0.01,0.013000000000000001,0.01966666666666667,0.0,0.0,0.0
0.023000000000000003,0.010000000000000009,0.009666666666666667,0.018000000000000002,0.0,0.0,0.0
0.01966666666666667,0.010000000000000005,0.008333333333333337,0.0165,0.0,0.0,0.0
0.018166666666666664,0.01,0.007333333333333336,0.015333333333333334,0.0,0.0,0.0
0.024333333333333335,0.010000000000000002,0.012500000000000004,0.018833333333333334,0.0,0.0,0.0
0.022333333333333334,0.010000000000000005,0.012833333333333335,0.0165,0.0,0.0,0.0
0.02683333333333333,0.010000000000000005,0.014000000000000004,0.020166666666666666,0.0,0.0,0.0
0.029999999999999995,0.010000000000000009,0.014666666666666668,0.022000000000000006,0.0,0.0,0.0
0.028,0.010000000000000009,0.015333333333333334,0.02033333333333333,0.0,0.0,0.0
0.024500000000000004,0.010000000000000009,0.008166666666666668,0.02033333333333333,0.0,0.0,0.0
0.03733333333333332,0.010000000000000009,0.018000000000000002,0.026333333333333334,0.0,0.0,0.0
0.014666666666666668,0.009999999999999998,0.008166666666666668,0.011166666666666668,0.0,0.0,0.0
0.021000000000000005,0.009999999999999998,0.015166666666666669,0.010833333333333339,0.0,0.0,0.0
0.019500000000000003,0.010000000000000002,0.008666666666666668,0.015333333333333336,0.0,0.0,0.0
0.02683333333333333,0.010000000000000002,0.009500000000000001,0.021666666666666667,0.0,0.0,0.0
0.02316666666666667,0.01,0.011333333333333334,0.016000000000000004,0.0,0.0,0.0
0.021666666666666667,0.009999999999999998,0.012666666666666668,0.014666666666666668,0.0,0.0,0.0
0.013500000000000002,0.01,0.004833333333333336,0.011666666666666667,0.0,0.0,0.0
0.025333333333333333,0.010000000000000009,0.009000000000000001,0.021500000000000002,0.0,0.0,0.0
0.02666666666666667,0.010000000000000009,0.012000000000000002,0.01983333333333333,0.0,0.0,0.0
0.03233333333333333,0.010000000000000009,0.009166666666666667,0.02783333333333333,0.0,0.0,0.0
0.01966666666666667,0.010000000000000009,0.009666666666666667,0.015166666666666669,0.0,0.0,0.0
0.028333333333333332,0.010000000000000009,0.013000000000000001,0.02,0.0,0.0,0.0
0.026166666666666664,0.010000000000000002,0.012833333333333335,0.019333333333333334,0.0,0.0,0.0
0.022500000000000003,0.010000000000000009,0.008333333333333333,0.018,0.0,0.0,0.0
0.025833333333333337,0.010000000000000009,0.01216666666666667,0.018500000000000006,0.0,0.0,0.0
0.023833333333333328,0.009999999999999998,0.0105,0.017833333333333333,0.0,0.0,0.0
0.024833333333333332,0.010000000000000005,0.011333333333333338,0.0195,0.0,0.0,0.0
0.015166666666666669,0.01,0.009500000000000001,0.010000000000000004,0.0,0.0,0.0
0.030666666666666665,0.010000000000000009,0.010500000000000002,0.026166666666666664,0.0,0.0,0.0
0.023666666666666666,0.010000000000000009,0.009666666666666667,0.018500000000000003,0.0,0.0,0.0
0.022833333333333334,0.010000000000000005,0.008666666666666671,0.020500000000000004,0.0,0.0,0.0
0.019000000000000003,0.010000000000000005,0.009500000000000003,0.014333333333333337,0.0,0.0,0.0
0.029166666666666664,0.010000000000000009,0.011833333333333336,0.023166666666666665,0.0,0.0,0.0
0.030000000000000002,0.010000000000000009,0.011166666666666668,0.023833333333333335,0.0,0.0,0.0
0.018166666666666664,0.01,0.009166666666666668,0.013666666666666669,0.0,0.0,0.0
0.024500000000000004,0.01,0.0056666666666666705,0.023,0.0,0.0,0.0
0.019000000000000003,0.010000000000000009,0.00816666666666667,0.015333333333333336,0.0,0.0,0.0
0.02183333333333333,0.01,0.007166666666666668,0.017833333333333333,0.0,0.0,0.0
0.022333333333333334,0.010000000000000009,0.007166666666666669,0.01883333333333333,0.0,0.0,0.0
0.016999999999999998,0.009999999999999998,0.009000000000000001,0.011500000000000002,0.0,0.0,0.0
0.019333333333333334,0.01,0.010333333333333335,0.015000000000000003,0.0,0.0,0.0
0.025166666666666664,0.010000000000000009,0.017333333333333333,0.015166666666666669,0.0,0.0,0.0
0.027999999999999994,0.010000000000000009,0.011166666666666665,0.021833333333333333,0.0,0.0,0.0
0.026333333333333334,0.010000000000000009,0.011166666666666668,0.02166666666666667,0.0,0.0,0.0
0.018666666666666668,0.01,0.007666666666666667,0.014000000000000005,0.0,0.0,0.0
0.031166666666666665,0.010000000000000009,0.009833333333333335,0.025666666666666667,0.0,0.0,0.0
0.020333333333333328,0.009999999999999998,0.008,0.01583333333333333,0.0,0.0,0.0
0.024500000000000004,0.010000000000000009,0.011666666666666667,0.018500000000000006,0.0,0.0,0.0
0.021500000000000005,0.010000000000000009,0.01116666666666667,0.016500000000000004,0.0,0.0,0.0
0.021166666666666667,0.01,0.010333333333333337,0.0175,0.0,0.0,0.0
0.02483333333333333,0.010000000000000009,0.010166666666666668,0.020333333333333335,0.0,0.0,0.0
0.01833333333333333,0.01,0.006333333333333334,0.014499999999999997,0.0,0.0,0.0
0.01966666666666667,0.009999999999999998,0.006333333333333336,0.017499999999999998,0.0,0.0,0.0
0.03283333333333333,0.010000000000000009,0.017166666666666667,0.023000000000000007,0.0,0.0,0.0
0.0205,0.010000000000000002,0.010666666666666668,0.015000000000000003,0.0,0.0,0.0
0.028666666666666663,0.010000000000000009,0.009666666666666667,0.023166666666666665,0.0,0.0,0.0
0.018666666666666668,0.01,0.0051666666666666675,0.016666666666666666,0.0,0.0,0.0
0.026833333333333334,0.010000000000000009,0.012833333333333334,0.020000000000000004,0.0,0.0,0.0
0.03683333333333332,0.010000000000000009,0.0175,0.025166666666666667,0.0,0.0,0.0
0.021166666666666667,0.010000000000000005,0.007333333333333337,0.018333333333333333,0.0,0.0,0.0
0.016666666666666666,0.010000000000000002,0.006333333333333336,0.014333333333333335,0.0,0.0,0.0
0.01783333333333333,0.010000000000000002,0.005000000000000003,0.0165,0.0,0.0,0.0
0.033499999999999995,0.010000000000000009,0.011166666666666668,0.027833333333333335,0.0,0.0,0.0
0.024,0.010000000000000009,0.010833333333333334,0.018666666666666668,0.0,0.0,0.0
0.03133333333333333,0.010000000000000009,0.013666666666666669,0.024666666666666667,0.0,0.0,0.0
0.024666666666666667,0.01,0.013333333333333334,0.015000000000000003,0.0,0.0,0.0
0.026,0.010000000000000005,0.010333333333333335,0.019500000000000003,0.0,0.0,0.0
0.0205,0.009999999999999998,0.008333333333333333,0.01633333333333333,0.0,0.0,0.0
0.023666666666666666,0.010000000000000009,0.01216666666666667,0.018166666666666668,0.0,0.0,0.0
0.020500000000000004,0.010000000000000009,0.011000000000000003,0.015500000000000002,0.0,0.0,0.0
0.023500000000000004,0.010000000000000009,0.010833333333333332,0.017333333333333333,0.0,0.0,0.0
0.02383333333333333,0.01,0.015166666666666667,0.013666666666666669,0.0,0.0,0.0
0.018500000000000003,0.010000000000000009,0.005000000000000003,0.017,0.0,0.0,0.0
0.02783333333333334,0.010000000000000009,0.010333333333333337,0.022500000000000003,0.0,0.0,0.0
0.03166666666666666,0.010000000000000009,0.012,0.024666666666666667,0.0,0.0,0.0
0.023000000000000003,0.010000000000000009,0.012333333333333337,0.017166666666666667,0.0,0.0,0.0
0.021500000000000002,0.010000000000000009,0.006666666666666669,0.01916666666666667,0.0,0.0,0.0
0.020666666666666667,0.009999999999999998,0.008500000000000002,0.016666666666666666,0.0,0.0,0.0
0.022666666666666665,0.009999999999999998,0.014833333333333332,0.014666666666666668,0.0,0.0,0.0
0.025000000000000005,0.010000000000000002,0.014166666666666666,0.0165,0.0,0.0,0.0
0.020333333333333335,0.010000000000000009,0.006833333333333338,0.018333333333333333,0.0,0.0,0.0
0.029499999999999995,0.010000000000000002,0.010833333333333335,0.0245,0.0,0.0,0.0
0.031166666666666662,0.010000000000000009,0.010166666666666668,0.026833333333333327,0.0,0.0,0.0
0.032499999999999994,0.010000000000000009,0.011666666666666669,0.026166666666666664,0.0,0.0,0.0
0.02033333333333333,0.010000000000000005,0.013166666666666663,0.012333333333333337,0.0,0.0,0.0
0.019166666666666665,0.01,0.0075000000000000015,0.015333333333333332,0.0,0.0,0.0
0.020666666666666663,0.010000000000000005,0.010166666666666666,0.015833333333333335,0.0,0.0,0.0
0.018833333333333334,0.01,0.012000000000000004,0.012000000000000004,0.0,0.0,0.0
0.025500000000000002,0.010000000000000005,0.006500000000000006,0.024666666666666667,0.0,0.0,0.0
0.024166666666666666,0.01,0.011000000000000003,0.019166666666666665,0.0,0.0,0.0
0.0255,0.010000000000000009,0.007333333333333335,0.0225,0.0,0.0,0.0
0.027999999999999994,0.010000000000000009,0.011666666666666665,0.020833333333333332,0.0,0.0,0.0
0.020333333333333335,0.010000000000000002,0.008000000000000002,0.017333333333333333,0.0,0.0,0.0
0.024166666666666666,0.010000000000000005,0.010500000000000002,0.01933333333333333,0.0,0.0,0.0
0.019000000000000003,0.01,0.009000000000000001,0.015833333333333335,0.0,0.0,0.0
0.023333333333333334,0.010000000000000009,0.007833333333333336,0.020999999999999998,0.0,0.0,0.0
0.030166666666666665,0.010000000000000009,0.016,0.01983333333333333,0.0,0.0,0.0
0.02783333333333333,0.010000000000000009,0.007333333333333336,0.025166666666666664,0.0,0.0,0.0
0.021666666666666664,0.010000000000000009,0.009333333333333334,0.017666666666666667,0.0,0.0,0.0
0.0245,0.010000000000000005,0.009833333333333336,0.02033333333333333,0.0,0.0,0.0
0.0235,0.01,0.010666666666666666,0.017499999999999998,0.0,0.0,0.0
0.01916666666666667,0.010000000000000009,0.004666666666666669,0.0165,0.0,0.0,0.0
0.029500000000000002,0.010000000000000009,0.014500000000000004,0.020833333333333332,0.0,0.0,0.0
0.023833333333333335,0.010000000000000009,0.011000000000000003,0.01766666666666667,0.0,0.0,0.0
0.02166666666666667,0.01,0.012833333333333335,0.014666666666666668,0.0,0.0,0.0
0.02683333333333333,0.010000000000000009,0.0085,0.0235,0.0,0.0,0.0
0.020666666666666667,0.01,0.0075000000000000015,0.01683333333333333,0.0,0.0,0.0
0.0205,0.010000000000000009,0.0066666666666666706,0.019333333333333334,0.0,0.0,0.0
0.021666666666666667,0.01,0.011000000000000001,0.015166666666666669,0.0,0.0,0.0
0.022833333333333334,0.01,0.009666666666666667,0.016833333333333336,0.0,0.0,0.0
0.026166666666666664,0.009999999999999998,0.009000000000000005,0.023499999999999997,0.0,0.0,0.0
0.03216666666666666,0.010000000000000009,0.016666666666666663,0.021833333333333333,0.0,0.0,0.0
0.023166666666666665,0.01,0.0115,0.017666666666666667,0.0,0.0,0.0
0.024166666666666666,0.01,0.015333333333333332,0.013500000000000002,0.0,0.0,0.0
0.025666666666666667,0.010000000000000009,0.014666666666666666,0.017,0.0,0.0,0.0
0.02033333333333333,0.01,0.0125,0.0125,0.0,0.0,0.0
0.019166666666666672,0.010000000000000009,0.009500000000000001,0.013500000000000003,0.0,0.0,0.0
0.024666666666666667,0.010000000000000005,0.008500000000000004,0.021000000000000005,0.0,0.0,0.0
0.016,0.01,0.004833333333333336,0.014333333333333333,0.0,0.0,0.0
0.018833333333333334,0.010000000000000009,0.008333333333333337,0.014500000000000002,0.0,0.0,0.0
0.019000000000000003,0.01,0.009500000000000003,0.014000000000000002,0.0,0.0,0.0
0.0205,0.010000000000000005,0.010499999999999999,0.014333333333333335,0.0,0.0,0.0
0.03133333333333333,0.010000000000000009,0.011000000000000003,0.026333333333333334,0.0,0.0,0.0
0.026166666666666664,0.010000000000000009,0.008833333333333334,0.021666666666666667,0.0,0.0,0.0
0.024999999999999998,0.010000000000000009,0.011166666666666667,0.01916666666666667,0.0,0.0,0.0
0.023333333333333334,0.01,0.010500000000000002,0.017666666666666667,0.0,0.0,0.0
0.022000000000000002,0.010000000000000009,0.008833333333333334,0.017833333333333333,0.0,0.0,0.0
0.022000000000000006,0.010000000000000009,0.006833333333333336,0.02066666666666667,0.0,0.0,0.0
0.02533333333333333,0.010000000000000009,0.018333333333333333,0.014833333333333336,0.0,0.0,0.0
0.025500000000000002,0.01,0.010500000000000002,0.02033333333333333,0.0,0.0,0.0
0.020833333333333336,0.010000000000000009,0.008333333333333333,0.016333333333333335,0.0,0.0,0.0
0.028666666666666667,0.010000000000000002,0.013500000000000003,0.022833333333333334,0.0,0.0,0.0
0.024,0.010000000000000009,0.014833333333333332,0.01616666666666667,0.0,0.0,0.0
0.014833333333333336,0.01,0.003666666666666669,0.013333333333333334,0.0,0.0,0.0
0.031166666666666665,0.010000000000000009,0.012000000000000004,0.02583333333333333,0.0,0.0,0.0
0.018500000000000003,0.010000000000000009,0.012333333333333337,0.014166666666666671,0.0,0.0,0.0
0.019166666666666665,0.010000000000000002,0.007333333333333336,0.01566666666666667,0.0,0.0,0.0
0.03183333333333333,0.010000000000000009,0.008333333333333335,0.026833333333333334,0.0,0.0,0.0
0.021500000000000002,0.010000000000000005,0.010166666666666668,0.016833333333333332,0.0,0.0,0.0
0.025666666666666667,0.010000000000000009,0.010500000000000006,0.022166666666666668,0.0,0.0,0.0
0.02316666666666667,0.010000000000000002,0.0115,0.01566666666666667,0.0,0.0,0.0
0.0265,0.009999999999999998,0.008833333333333334,0.022,0.0,0.0,0.0
0.017333333333333333,0.01,0.009333333333333334,0.012500000000000004,0.0,0.0,0.0
0.020000000000000004,0.01,0.004500000000000002,0.018500000000000003,0.0,0.0,0.0
0.028333333333333335,0.010000000000000009,0.014000000000000004,0.02116666666666667,0.0,0.0,0.0
0.03599999999999999,0.010000000000000009,0.009833333333333338,0.03216666666666666,0.0,0.0,0.0
0.024833333333333332,0.010000000000000002,0.0085,0.021,0.0,0.0,0.0
0.017666666666666667,0.010000000000000002,0.009833333333333338,0.013000000000000003,0.0,0.0,0.0
0.026666666666666672,0.010000000000000009,0.011833333333333338,0.022666666666666665,0.0,0.0,0.0
0.019666666666666662,0.01,0.009666666666666665,0.013833333333333335,0.0,0.0,0.0
0.02916666666666667,0.015000000000000003,0.014500000000000004,0.024,0.0,0.0,0.0
0.02483333333333333,0.010000000000000009,0.010166666666666668,0.0195,0.0,0.0,0.0
0.023,0.01,0.007500000000000003,0.01933333333333333,0.0,0.0,0.0
0.022,0.010000000000000002,0.007166666666666666,0.018666666666666665,0.0,0.0,0.0
0.02416666666666667,0.010000000000000009,0.014666666666666668,0.01716666666666667,0.0,0.0,0.0
0.025500000000000002,0.01,0.007833333333333331,0.0205,0.0,0.0,0.0
0.022,0.01,0.009833333333333335,0.0165,0.0,0.0,0.0
0.0205,0.01,0.004833333333333336,0.0185,0.0,0.0,0.0
0.02033333333333333,0.010000000000000002,0.011833333333333336,0.015166666666666669,0.0,0.0,0.0
0.021,0.01,0.011500000000000003,0.015500000000000002,0.0,0.0,0.0
0.0265,0.01,0.006500000000000003,0.024166666666666663,0.0,0.0,0.0
0.02683333333333333,0.010000000000000009,0.011000000000000001,0.021166666666666663,0.0,0.0,0.0
0.022166666666666668,0.010000000000000009,0.008000000000000002,0.018666666666666668,0.0,0.0,0.0
0.0245,0.010000000000000002,0.010500000000000004,0.018166666666666664,0.0,0.0,0.0
0.022833333333333327,0.010000000000000009,0.01566666666666667,0.014333333333333339,0.0,0.0,0.0
0.01666666666666667,0.010000000000000009,0.008833333333333335,0.013500000000000003,0.0,0.0,0.0
0.021333333333333333,0.010000000000000005,0.005666666666666668,0.019666666666666666,0.0,0.0,0.0
0.023000000000000003,0.010000000000000009,0.012166666666666675,0.018166666666666668,0.0,0.0,0.0
0.018500000000000003,0.01,0.008166666666666668,0.014500000000000002,0.0,0.0,0.0
0.026666666666666665,0.010000000000000005,0.009333333333333334,0.0205,0.0,0.0,0.0
0.0255,0.010000000000000009,0.0145,0.017,0.0,0.0,0.0
0.027000000000000003,0.010000000000000009,0.011500000000000003,0.021666666666666667,0.0,0.0,0.0
0.023,0.01,0.010166666666666664,0.0165,0.0,0.0,0.0
0.021666666666666667,0.010000000000000005,0.013166666666666669,0.016000000000000004,0.0,0.0,0.0
0.02666666666666666,0.01,0.007333333333333334,0.023,0.0,0.0,0.0
0.0315,0.010000000000000009,0.011833333333333336,0.024499999999999997,0.0,0.0,0.0
0.018000000000000002,0.010000000000000009,0.008833333333333334,0.014833333333333336,0.0,0.0,0.0
0.023666666666666666,0.004999999999999999,0.010833333333333334,0.016166666666666666,0.0,0.0,0.0
0.019666666666666666,0.01,0.008500000000000002,0.014833333333333334,0.0,0.0,0.0
0.022166666666666668,0.010000000000000009,0.01266666666666667,0.015000000000000003,0.0,0.0,0.0
0.02433333333333333,0.010000000000000005,0.013333333333333332,0.017166666666666663,0.0,0.0,0.0
0.023500000000000004,0.010000000000000009,0.00766666666666667,0.02033333333333333,0.0,0.0,0.0
0.023333333333333334,0.010000000000000009,0.008,0.01966666666666667,0.0,0.0,0.0
0.018333333333333333,0.01,0.008500000000000002,0.014666666666666666,0.0,0.0,0.0
0.023333333333333334,0.01,0.010333333333333335,0.019333333333333334,0.0,0.0,0.0
0.023666666666666666,0.01,0.012333333333333335,0.018166666666666668,0.0,0.0,0.0
0.0205,0.01,0.011666666666666665,0.014166666666666668,0.0,0.0,0.0
0.020666666666666667,0.009999999999999998,0.008666666666666673,0.01933333333333333,0.0,0.0,0.0
0.021,0.010000000000000009,0.010666666666666668,0.016166666666666666,0.0,0.0,0.0
0.0235,0.010000000000000005,0.009333333333333334,0.018833333333333334,0.0,0.0,0.0
0.01983333333333333,0.010000000000000009,0.007666666666666668,0.015166666666666669,0.0,0.0,0.0
0.021833333333333333,0.01,0.007833333333333335,0.018166666666666668,0.0,0.0,0.0
0.027166666666666665,0.010000000000000009,0.012000000000000002,0.02066666666666667,0.0,0.0,0.0
0.03383333333333332,0.015000000000000003,0.0145,0.027,0.0,0.0,0.0
0.01916666666666667,0.01,0.007500000000000004,0.016833333333333332,0.0,0.0,0.0
0.020666666666666667,0.010000000000000002,0.011000000000000001,0.015166666666666669,0.0,0.0,0.0
0.03683333333333334,0.010000000000000009,0.015333333333333336,0.029000000000000005,0.0,0.0,0.0
0.03133333333333333,0.010000000000000009,0.012666666666666668,0.023166666666666665,0.0,0.0,0.0
0.027,0.010000000000000005,0.008833333333333334,0.02283333333333333,0.0,0.0,0.0
0.021000000000000005,0.010000000000000009,0.008500000000000002,0.018333333333333337,0.0,0.0,0.0
0.02483333333333333,0.01,0.012333333333333332,0.017333333333333333,0.0,0.0,0.0
0.016500000000000004,0.01,0.004833333333333336,0.014500000000000004,0.0,0.0,0.0
0.025333333333333333,0.010000000000000009,0.0125,0.018333333333333333,0.0,0.0,0.0
0.01816666666666667,0.010000000000000009,0.009333333333333338,0.014500000000000004,0.0,0.0,0.0
0.014666666666666668,0.009999999999999998,0.005000000000000001,0.012166666666666668,0.0,0.0,0.0
0.016666666666666666,0.010000000000000009,0.005666666666666669,0.013166666666666669,0.0,0.0,0.0
0.029500000000000002,0.010000000000000009,0.014666666666666668,0.021666666666666667,0.0,0.0,0.0
0.02033333333333333,0.010000000000000009,0.004666666666666669,0.019,0.0,0.0,0.0
0.023666666666666662,0.01,0.008833333333333335,0.019833333333333328,0.0,0.0,0.0
0.028833333333333332,0.010000000000000009,0.013833333333333335,0.02166666666666667,0.0,0.0,0.0
0.01583333333333333,0.009999999999999998,0.004000000000000002,0.014666666666666665,0.0,0.0,0.0
0.021,0.01,0.0135,0.014333333333333335,0.0,0.0,0.0
0.01966666666666667,0.01,0.008833333333333334,0.015000000000000003,0.0,0.0,0.0
0.023166666666666665,0.010000000000000009,0.009166666666666667,0.018833333333333334,0.0,0.0,0.0
0.021333333333333333,0.010000000000000009,0.007500000000000004,0.018833333333333334,0.0,0.0,0.0
0.028833333333333336,0.010000000000000009,0.014000000000000002,0.021333333333333336,0.0,0.0,0.0
0.022166666666666668,0.01,0.008166666666666671,0.01966666666666667,0.0,0.0,0.0
0.02683333333333333,0.010000000000000009,0.011666666666666669,0.020666666666666667,0.0,0.0,0.0
0.014666666666666665,0.009999999999999998,0.006000000000000002,0.012833333333333334,0.0,0.0,0.0
0.023166666666666662,0.01,0.008333333333333333,0.018500000000000003,0.0,0.0,0.0
0.02633333333333333,0.010000000000000009,0.009333333333333334,0.021,0.0,0.0,0.0
0.02549999999999999,0.010000000000000005,0.013333333333333332,0.01716666666666667,0.0,0.0,0.0
0.022000000000000002,0.010000000000000002,0.0071666666666666675,0.01933333333333333,0.0,0.0,0.0
0.023166666666666662,0.010000000000000009,0.008166666666666666,0.01833333333333333,0.0,0.0,0.0
0.025833333333333333,0.010000000000000002,0.01066666666666667,0.02233333333333333,0.0,0.0,0.0
0.02933333333333333,0.010000000000000009,0.010833333333333334,0.02283333333333333,0.0,0.0,0.0
0.021,0.009999999999999998,0.009166666666666667,0.015000000000000003,0.0,0.0,0.0
0.0205,0.01,0.011000000000000005,0.015500000000000003,0.0,0.0,0.0
0.022166666666666664,0.009999999999999998,0.009166666666666668,0.0175,0.0,0.0,0.0
0.030666666666666665,0.010000000000000009,0.01633333333333333,0.02,0.0,0.0,0.0
0.024666666666666667,0.010000000000000009,0.005333333333333337,0.023666666666666666,0.0,0.0,0.0
0.019833333333333328,0.01,0.006333333333333333,0.017,0.0,0.0,0.0
0.01733333333333333,0.004999999999999999,0.008166666666666668,0.013500000000000002,0.0,0.0,0.0
0.025500000000000002,0.010000000000000009,0.011000000000000001,0.019666666666666666,0.0,0.0,0.0
0.022500000000000003,0.010000000000000002,0.010500000000000004,0.017666666666666667,0.0,0.0,0.0
0.021166666666666667,0.010000000000000002,0.010666666666666668,0.01616666666666667,0.0,0.0,0.0
0.020833333333333332,0.01,0.010166666666666668,0.016000000000000004,0.0,0.0,0.0
0.01916666666666667,0.009999999999999998,0.008500000000000002,0.015500000000000002,0.0,0.0,0.0
0.028833333333333332,0.01,0.011666666666666667,0.023,0.0,0.0,0.0
0.018666666666666668,0.009999999999999998,0.010000000000000002,0.012333333333333335,0.0,0.0,0.0
0.013833333333333335,0.004999999999999999,0.0035000000000000005,0.011833333333333335,0.0,0.0,0.0
0.020500000000000004,0.01,0.008333333333333333,0.015500000000000002,0.0,0.0,0.0
0.0245,0.010000000000000009,0.012999999999999996,0.0175,0.0,0.0,0.0
0.021666666666666667,0.010000000000000009,0.008833333333333334,0.0175,0.0,0.0,0.0
0.02666666666666667,0.010000000000000009,0.012833333333333332,0.01816666666666667,0.0,0.0,0.0
0.022833333333333337,0.010000000000000009,0.009333333333333336,0.01866666666666667,0.0,0.0,0.0
0.024666666666666667,0.010000000000000005,0.007333333333333336,0.022166666666666664,0.0,0.0,0.0
0.017666666666666667,0.010000000000000002,0.009500000000000003,0.013000000000000001,0.0,0.0,0.0
0.03033333333333333,0.01,0.004833333333333334,0.0275,0.0,0.0,0.0
0.021,0.010000000000000005,0.01,0.015000000000000003,0.0,0.0,0.0
0.024500000000000004,0.01,0.012166666666666668,0.018500000000000003,0.0,0.0,0.0
0.02383333333333333,0.01,0.013000000000000005,0.017666666666666667,0.0,0.0,0.0
0.033166666666666664,0.010000000000000009,0.015166666666666669,0.025500000000000002,0.0,0.0,0.0
0.0205,0.01,0.0125,0.01316666666666667,0.0,0.0,0.0
0.019,0.010000000000000009,0.0085,0.014833333333333334,0.0,0.0,0.0
0.018833333333333337,0.010000000000000009,0.008833333333333337,0.016000000000000004,0.0,0.0,0.0
0.023166666666666665,0.010000000000000002,0.008333333333333337,0.02033333333333333,0.0,0.0,0.0
0.019000000000000003,0.010000000000000002,0.008833333333333337,0.016333333333333335,0.0,0.0,0.0
0.025666666666666664,0.010000000000000005,0.010166666666666668,0.019333333333333334,0.0,0.0,0.0
0.022166666666666668,0.01,0.008666666666666666,0.0165,0.0,0.0,0.0
0.015333333333333334,0.010000000000000005,0.008000000000000002,0.01216666666666667,0.0,0.0,0.0
0.03233333333333333,0.010000000000000009,0.011166666666666665,0.026000000000000006,0.0,0.0,0.0
0.015833333333333335,0.009999999999999998,0.009833333333333336,0.010833333333333335,0.0,0.0,0.0
0.024833333333333332,0.010000000000000009,0.009833333333333335,0.02116666666666667,0.0,0.0,0.0
0.02133333333333333,0.010000000000000002,0.007500000000000003,0.019166666666666665,0.0,0.0,0.0
0.029,0.010000000000000005,0.0125,0.02116666666666667,0.0,0.0,0.0
0.021500000000000002,0.010000000000000009,0.009833333333333335,0.015500000000000002,0.0,0.0,0.0
0.027000000000000007,0.010000000000000005,0.011833333333333335,0.021000000000000008,0.0,0.0,0.0
0.028,0.01,0.009333333333333334,0.023333333333333334,0.0,0.0,0.0
0.0225,0.01,0.008833333333333334,0.0175,0.0,0.0,0.0
0.01716666666666667,0.010000000000000005,0.005166666666666669,0.0165,0.0,0.0,0.0
0.03783333333333332,0.010000000000000009,0.014333333333333337,0.030666666666666665,0.0,0.0,0.0
0.02833333333333333,0.004999999999999999,0.014333333333333335,0.02,0.0,0.0,0.0
0.02699999999999999,0.01,0.01583333333333333,0.017333333333333333,0.0,0.0,0.0
0.020500000000000004,0.01,0.007500000000000004,0.018166666666666668,0.0,0.0,0.0
0.023833333333333335,0.010000000000000005,0.013833333333333335,0.01616666666666667,0.0,0.0,0.0
0.026,0.010000000000000009,0.007833333333333335,0.02266666666666667,0.0,0.0,0.0
0.024333333333333335,0.010000000000000009,0.007833333333333338,0.022333333333333334,0.0,0.0,0.0
0.0355,0.010000000000000009,0.0075000000000000015,0.03166666666666666,0.0,0.0,0.0
0.022500000000000003,0.01,0.006833333333333335,0.02,0.0,0.0,0.0
0.030500000000000003,0.010000000000000005,0.01616666666666667,0.021833333333333333,0.0,0.0,0.0
0.014333333333333333,0.009999999999999998,0.008333333333333333,0.008833333333333334,0.0,0.0,0.0
0.020000000000000004,0.010000000000000005,0.011500000000000003,0.014833333333333336,0.0,0.0,0.0
0.022000000000000006,0.010000000000000005,0.01266666666666667,0.01616666666666667,0.0,0.0,0.0
0.0165,0.01,0.010166666666666666,0.010833333333333337,0.0,0.0,0.0
0.021166666666666667,0.010000000000000005,0.007666666666666668,0.017,0.0,0.0,0.0
0.019833333333333335,0.01,0.008333333333333337,0.017,0.0,0.0,0.0
0.01566666666666667,0.01,0.0068333333333333345,0.012166666666666668,0.0,0.0,0.0
0.016833333333333332,0.01,0.009000000000000003,0.012,0.0,0.0,0.0
0.022833333333333334,0.010000000000000005,0.014166666666666668,0.014166666666666671,0.0,0.0,0.0
0.028166666666666666,0.010000000000000009,0.0068333333333333345,0.025333333333333333,0.0,0.0,0.0
0.023833333333333335,0.010000000000000009,0.009166666666666668,0.019333333333333334,0.0,0.0,0.0
0.020833333333333332,0.010000000000000009,0.010833333333333335,0.0145,0.0,0.0,0.0
0.025166666666666664,0.010000000000000009,0.009500000000000001,0.020166666666666666,0.0,0.0,0.0
0.02183333333333333,0.010000000000000009,0.007333333333333334,0.018833333333333334,0.0,0.0,0.0
0.02983333333333333,0.010000000000000009,0.011666666666666669,0.02266666666666667,0.0,0.0,0.0
0.021166666666666667,0.01,0.016,0.010500000000000002,0.0,0.0,0.0
0.021666666666666667,0.010000000000000002,0.005666666666666668,0.01883333333333333,0.0,0.0,0.0
0.015333333333333336,0.009999999999999998,0.006666666666666669,0.011833333333333336,0.0,0.0,0.0
0.023000000000000003,0.010000000000000009,0.008833333333333335,0.018500000000000003,0.0,0.0,0.0
0.0245,0.010000000000000009,0.015666666666666666,0.01466666666666667,0.0,0.0,0.0
0.022166666666666668,0.010000000000000005,0.01633333333333333,0.013000000000000003,0.0,0.0,0.0
0.02683333333333333,0.010000000000000002,0.010166666666666666,0.02133333333333333,0.0,0.0,0.0
0.0185,0.0,0.008333333333333333,0.013833333333333333,0.0,0.0,0.0
0.018166666666666668,0.009999999999999998,0.008666666666666668,0.013333333333333334,0.0,0.0,0.0
0.029166666666666667,0.010000000000000009,0.01266666666666667,0.022333333333333337,0.0,0.0,0.0
0.02683333333333333,0.010000000000000009,0.009666666666666672,0.02416666666666667,0.0,0.0,0.0
0.024833333333333332,0.01,0.010166666666666668,0.018666666666666668,0.0,0.0,0.0
0.023833333333333328,0.01,0.011500000000000002,0.0165,0.0,0.0,0.0
0.03266666666666666,0.010000000000000009,0.007500000000000003,0.02983333333333333,0.0,0.0,0.0
0.019833333333333328,0.009999999999999998,0.006833333333333335,0.0165,0.0,0.0,0.0
0.021,0.010000000000000002,0.007833333333333335,0.017333333333333333,0.0,0.0,0.0
0.02783333333333333,0.01,0.011500000000000002,0.01983333333333333,0.0,0.0,0.0
0.017666666666666664,0.009999999999999998,0.007333333333333335,0.014333333333333332,0.0,0.0,0.0
0.02416666666666667,0.010000000000000009,0.013666666666666676,0.019000000000000003,0.0,0.0,0.0
0.0225,0.010000000000000002,0.007333333333333337,0.019666666666666666,0.0,0.0,0.0
0.025166666666666667,0.010000000000000009,0.014833333333333334,0.017666666666666667,0.0,0.0,0.0
0.024666666666666667,0.010000000000000009,0.008166666666666668,0.022333333333333334,0.0,0.0,0.0
0.022833333333333327,0.009999999999999998,0.009166666666666667,0.01833333333333333,0.0,0.0,0.0
0.0245,0.01,0.005666666666666669,0.022166666666666664,0.0,0.0,0.0
0.020833333333333332,0.010000000000000009,0.010166666666666668,0.01633333333333333,0.0,0.0,0.0
0.029833333333333337,0.010000000000000009,0.010833333333333335,0.025166666666666667,0.0,0.0,0.0
0.03333333333333333,0.010000000000000009,0.012666666666666665,0.024500000000000004,0.0,0.0,0.0
0.02233333333333333,0.010000000000000009,0.009666666666666669,0.019333333333333334,0.0,0.0,0.0
0.024,0.01,0.008666666666666671,0.019166666666666665,0.0,0.0,0.0
0.01883333333333333,0.010000000000000009,0.008500000000000002,0.014500000000000004,0.0,0.0,0.0
0.028999999999999995,0.010000000000000009,0.013500000000000002,0.02166666666666667,0.0,0.0,0.0
0.021666666666666664,0.010000000000000009,0.011500000000000002,0.015333333333333332,0.0,0.0,0.0
0.020666666666666667,0.010000000000000009,0.004833333333333336,0.019666666666666666,0.0,0.0,0.0
0.023333333333333334,0.010000000000000009,0.011333333333333336,0.019333333333333338,0.0,0.0,0.0
0.025500000000000002,0.010000000000000002,0.011333333333333338,0.021500000000000002,0.0,0.0,0.0
0.02316666666666667,0.010000000000000002,0.013666666666666667,0.014833333333333336,0.0,0.0,0.0
0.024000000000000004,0.010000000000000009,0.012833333333333335,0.01766666666666667,0.0,0.0,0.0
0.02033333333333333,0.009999999999999998,0.008333333333333335,0.017,0.0,0.0,0.0
0.02383333333333333,0.01,0.014,0.015166666666666667,0.0,0.0,0.0
0.01733333333333333,0.01,0.0061666666666666675,0.015333333333333332,0.0,0.0,0.0
0.021500000000000002,0.010000000000000009,0.010833333333333337,0.016500000000000004,0.0,0.0,0.0
0.02316666666666667,0.010000000000000005,0.004333333333333334,0.021166666666666667,0.0,0.0,0.0
0.02783333333333333,0.010000000000000009,0.01266666666666667,0.0205,0.0,0.0,0.0
0.025000000000000005,0.010000000000000009,0.008666666666666668,0.02,0.0,0.0,0.0
0.024166666666666666,0.01,0.012333333333333333,0.016333333333333335,0.0,0.0,0.0
0.026833333333333334,0.010000000000000005,0.01216666666666667,0.022333333333333337,0.0,0.0,0.0
0.016666666666666666,0.009999999999999998,0.007666666666666667,0.013166666666666667,0.0,0.0,0.0
0.022500000000000003,0.010000000000000005,0.010166666666666668,0.016499999999999997,0.0,0.0,0.0
0.020333333333333335,0.010000000000000009,0.006666666666666669,0.017,0.0,0.0,0.0
0.025333333333333333,0.010000000000000009,0.010500000000000002,0.01883333333333333,0.0,0.0,0.0
0.02666666666666667,0.010000000000000009,0.010000000000000005,0.02233333333333333,0.0,0.0,0.0
0.0205,0.010000000000000009,0.009666666666666667,0.015166666666666669,0.0,0.0,0.0
0.02483333333333333,0.010000000000000002,0.015999999999999997,0.015000000000000003,0.0,0.0,0.0
0.02866666666666667,0.010000000000000005,0.011166666666666668,0.022000000000000002,0.0,0.0,0.0
0.0205,0.01,0.010500000000000002,0.014666666666666666,0.0,0.0,0.0
0.023333333333333334,0.01,0.010833333333333335,0.018500000000000003,0.0,0.0,0.0
0.022333333333333337,0.010000000000000009,0.009500000000000003,0.018333333333333333,0.0,0.0,0.0
0.02433333333333334,0.010000000000000009,0.010333333333333338,0.02066666666666667,0.0,0.0,0.0
0.025500000000000002,0.010000000000000009,0.009333333333333336,0.021666666666666667,0.0,0.0,0.0
0.021833333333333333,0.010000000000000005,0.0115,0.013833333333333335,0.0,0.0,0.0
0.02183333333333333,0.010000000000000002,0.012666666666666668,0.013999999999999997,0.0,0.0,0.0
0.026,0.010000000000000002,0.011000000000000001,0.019,0.0,0.0,0.0
0.021000000000000005,0.010000000000000002,0.011000000000000001,0.014500000000000002,0.0,0.0,0.0
0.024499999999999997,0.010000000000000009,0.01166666666666667,0.020000000000000004,0.0,0.0,0.0
0.0185,0.010000000000000005,0.008333333333333337,0.01566666666666667,0.0,0.0,0.0
0.021833333333333333,0.01,0.013333333333333334,0.014166666666666668,0.0,0.0,0.0
0.03183333333333333,0.010000000000000009,0.0125,0.025333333333333336,0.0,0.0,0.0
0.022500000000000003,0.010000000000000005,0.012999999999999996,0.01466666666666667,0.0,0.0,0.0
0.017333333333333333,0.01,0.012500000000000002,0.010333333333333335,0.0,0.0,0.0
0.021000000000000005,0.01,0.011500000000000002,0.015833333333333335,0.0,0.0,0.0
0.02583333333333333,0.010000000000000009,0.014000000000000002,0.017166666666666667,0.0,0.0,0.0
0.023833333333333335,0.010000000000000009,0.010666666666666668,0.018500000000000003,0.0,0.0,0.0
0.028499999999999994,0.010000000000000002,0.008,0.02383333333333333,0.0,0.0,0.0
0.02,0.010000000000000009,0.011000000000000001,0.013166666666666669,0.0,0.0,0.0
0.030499999999999996,0.010000000000000009,0.016333333333333335,0.021500000000000002,0.0,0.0,0.0
0.021500000000000002,0.01,0.012,0.014333333333333335,0.0,0.0,0.0
0.024499999999999997,0.010000000000000002,0.011166666666666665,0.018500000000000003,0.0,0.0,0.0
0.025166666666666664,0.010000000000000009,0.011000000000000001,0.01916666666666667,0.0,0.0,0.0
0.03150000000000001,0.010000000000000009,0.013000000000000005,0.023500000000000004,0.0,0.0,0.0
0.014333333333333332,0.01,0.006,0.011166666666666667,0.0,0.0,0.0
0.02266666666666667,0.01,0.008500000000000002,0.01833333333333333,0.0,0.0,0.0
0.02333333333333333,0.01,0.010333333333333335,0.016833333333333336,0.0,0.0,0.0
0.023833333333333335,0.01,0.011666666666666669,0.018500000000000003,0.0,0.0,0.0
0.0265,0.01,0.009500000000000001,0.02183333333333333,0.0,0.0,0.0
0.022833333333333334,0.010000000000000009,0.012833333333333334,0.014333333333333335,0.0,0.0,0.0
0.034166666666666665,0.010000000000000009,0.007666666666666668,0.031166666666666665,0.0,0.0,0.0
0.020000000000000004,0.01,0.007666666666666669,0.01666666666666667,0.0,0.0,0.0
0.021,0.010000000000000002,0.010833333333333337,0.017666666666666667,0.0,0.0,0.0
0.02566666666666666,0.010000000000000002,0.016,0.01566666666666667,0.0,0.0,0.0
0.026833333333333334,0.010000000000000004,0.013500000000000002,0.018833333333333334,0.0,0.0,0.0
0.023666666666666662,0.01,0.007833333333333336,0.020499999999999997,0.0,0.0,0.0
0.021666666666666667,0.010000000000000009,0.009333333333333336,0.0165,0.0,0.0,0.0
0.023333333333333334,0.009999999999999998,0.011666666666666665,0.01616666666666667,0.0,0.0,0.0
0.018500000000000003,0.010000000000000009,0.010000000000000004,0.014333333333333337,0.0,0.0,0.0
0.02833333333333333,0.010000000000000009,0.008333333333333337,0.024833333333333336,0.0,0.0,0.0
0.02016666666666667,0.01,0.008500000000000002,0.015500000000000003,0.0,0.0,0.0
0.020833333333333336,0.010000000000000005,0.009000000000000003,0.016500000000000004,0.0,0.0,0.0
0.02416666666666667,0.010000000000000009,0.011500000000000003,0.018833333333333334,0.0,0.0,0.0
0.030833333333333327,0.010000000000000009,0.014666666666666665,0.021,0.0,0.0,0.0
0.026333333333333334,0.010000000000000009,0.013000000000000006,0.019833333333333338,0.0,0.0,0.0
0.01966666666666667,0.010000000000000005,0.011000000000000003,0.015500000000000003,0.0,0.0,0.0
0.028,0.010000000000000009,0.008333333333333335,0.0235,0.0,0.0,0.0
0.01966666666666667,0.010000000000000009,0.008500000000000002,0.015000000000000001,0.0,0.0,0.0
0.0285,0.010000000000000009,0.012333333333333337,0.02233333333333333,0.0,0.0,0.0
0.024833333333333332,0.01,0.009333333333333336,0.021500000000000002,0.0,0.0,0.0
0.019,0.010000000000000009,0.010833333333333335,0.013666666666666669,0.0,0.0,0.0
0.021500000000000005,0.010000000000000009,0.008666666666666671,0.018000000000000006,0.0,0.0,0.0
0.01783333333333333,0.01,0.009000000000000001,0.013000000000000003,0.0,0.0,0.0
0.02466666666666667,0.01,0.011500000000000002,0.018333333333333333,0.0,0.0,0.0
0.03183333333333333,0.01,0.011833333333333333,0.024333333333333332,0.0,0.0,0.0
0.030499999999999996,0.01,0.010166666666666668,0.02533333333333333,0.0,0.0,0.0
0.022166666666666664,0.009999999999999998,0.009500000000000003,0.018166666666666664,0.0,0.0,0.0
0.023,0.009999999999999998,0.009666666666666667,0.01733333333333333,0.0,0.0,0.0
0.01933333333333333,0.010000000000000005,0.011166666666666667,0.014000000000000002,0.0,0.0,0.0
0.023333333333333334,0.010000000000000009,0.011000000000000003,0.018166666666666668,0.0,0.0,0.0
0.03183333333333333,0.010000000000000009,0.017666666666666667,0.02333333333333333,0.0,0.0,0.0
0.03499999999999999,0.010000000000000009,0.008333333333333335,0.030999999999999996,0.0,0.0,0.0
0.015333333333333334,0.009999999999999998,0.007500000000000001,0.011166666666666668,0.0,0.0,0.0
0.028,0.01,0.009666666666666669,0.025,0.0,0.0,0.0
0.0195,0.01,0.005666666666666668,0.016499999999999997,0.0,0.0,0.0
0.024500000000000004,0.01,0.009000000000000003,0.020333333333333335,0.0,0.0,0.0
0.020666666666666673,0.010000000000000009,0.012833333333333339,0.01566666666666667,0.0,0.0,0.0
0.026833333333333324,0.010000000000000005,0.009333333333333334,0.02116666666666666,0.0,0.0,0.0
0.028833333333333332,0.010000000000000009,0.015166666666666669,0.021333333333333333,0.0,0.0,0.0
0.021166666666666667,0.010000000000000002,0.007500000000000004,0.018833333333333334,0.0,0.0,0.0
0.020666666666666667,0.010000000000000009,0.006833333333333335,0.017333333333333333,0.0,0.0,0.0
0.019333333333333334,0.010000000000000005,0.01066666666666667,0.014999999999999998,0.0,0.0,0.0
0.02383333333333333,0.010000000000000005,0.009333333333333334,0.019333333333333334,0.0,0.0,0.0
0.0215,0.01,0.008333333333333337,0.018,0.0,0.0,0.0
0.022166666666666668,0.010000000000000005,0.013000000000000003,0.014333333333333337,0.0,0.0,0.0
0.02516666666666667,0.010000000000000009,0.014833333333333339,0.020166666666666673,0.0,0.0,0.0
0.023000000000000003,0.010000000000000005,0.011666666666666667,0.017333333333333336,0.0,0.0,0.0
0.028,0.010000000000000009,0.011333333333333334,0.023,0.0,0.0,0.0
0.0165,0.010000000000000009,0.0105,0.011833333333333338,0.0,0.0,0.0
0.024,0.010000000000000009,0.014000000000000005,0.018166666666666668,0.0,0.0,0.0
0.03216666666666666,0.010000000000000009,0.009500000000000005,0.027833333333333328,0.0,0.0,0.0
0.021500000000000002,0.01,0.009000000000000003,0.01583333333333333,0.0,0.0,0.0
0.02683333333333333,0.01,0.009666666666666667,0.021833333333333333,0.0,0.0,0.0
0.016833333333333332,0.01,0.007000000000000001,0.013333333333333336,0.0,0.0,0.0
0.013500000000000002,0.01,0.007000000000000004,0.009333333333333334,0.0,0.0,0.0
0.02183333333333333,0.01,0.007333333333333334,0.018166666666666668,0.0,0.0,0.0
0.029499999999999995,0.010000000000000009,0.015833333333333335,0.022333333333333337,0.0,0.0,0.0
0.02333333333333333,0.010000000000000005,0.009000000000000005,0.02033333333333333,0.0,0.0,0.0
0.0315,0.010000000000000009,0.010499999999999999,0.024,0.0,0.0,0.0
0.02433333333333333,0.009999999999999998,0.011666666666666667,0.017666666666666667,0.0,0.0,0.0
0.03166666666666666,0.010000000000000009,0.014166666666666664,0.02366666666666667,0.0,0.0,0.0
0.022500000000000003,0.010000000000000009,0.010499999999999999,0.0165,0.0,0.0,0.0
0.020166666666666666,0.010000000000000005,0.005666666666666668,0.018166666666666664,0.0,0.0,0.0
0.016666666666666666,0.010000000000000009,0.0071666666666666675,0.012333333333333333,0.0,0.0,0.0
0.028833333333333332,0.010000000000000009,0.009500000000000005,0.02583333333333333,0.0,0.0,0.0
0.030333333333333327,0.010000000000000009,0.012333333333333333,0.0235,0.0,0.0,0.0
0.02533333333333333,0.010000000000000002,0.00716666666666667,0.023999999999999997,0.0,0.0,0.0
0.023000000000000003,0.010000000000000009,0.011833333333333336,0.017333333333333336,0.0,0.0,0.0
0.023833333333333328,0.01,0.011166666666666665,0.019,0.0,0.0,0.0
0.025666666666666667,0.010000000000000009,0.011333333333333338,0.0205,0.0,0.0,0.0
0.02466666666666666,0.01,0.0085,0.020333333333333328,0.0,0.0,0.0
0.02366666666666667,0.010000000000000009,0.009333333333333336,0.018333333333333333,0.0,0.0,0.0
0.022166666666666668,0.01,0.012666666666666665,0.014500000000000002,0.0,0.0,0.0
0.02616666666666667,0.010000000000000009,0.014000000000000004,0.019000000000000006,0.0,0.0,0.0
0.014333333333333337,0.010000000000000009,0.0046666666666666705,0.013333333333333336,0.0,0.0,0.0
0.020000000000000004,0.01,0.010500000000000002,0.013833333333333336,0.0,0.0,0.0
0.027000000000000007,0.010000000000000009,0.013000000000000003,0.02033333333333334,0.0,0.0,0.0
0.0315,0.010000000000000009,0.008166666666666671,0.02816666666666667,0.0,0.0,0.0
0.02266666666666666,0.01,0.010333333333333335,0.017499999999999998,0.0,0.0,0.0
0.022000000000000002,0.01,0.016999999999999998,0.010500000000000004,0.0,0.0,0.0
0.022333333333333334,0.010000000000000009,0.010166666666666668,0.01666666666666667,0.0,0.0,0.0
0.022166666666666668,0.010000000000000009,0.007333333333333335,0.019999999999999997,0.0,0.0,0.0
0.021,0.010000000000000009,0.010166666666666668,0.014833333333333336,0.0,0.0,0.0
0.027666666666666666,0.010000000000000005,0.013000000000000001,0.021333333333333333,0.0,0.0,0.0
0.017333333333333333,0.009999999999999998,0.006500000000000002,0.014833333333333336,0.0,0.0,0.0
0.022999999999999996,0.010000000000000009,0.006166666666666667,0.02033333333333333,0.0,0.0,0.0
0.01983333333333333,0.01,0.009166666666666667,0.016,0.0,0.0,0.0
0.02733333333333333,0.010000000000000009,0.013833333333333336,0.020666666666666667,0.0,0.0,0.0
0.02033333333333333,0.01,0.008166666666666666,0.015499999999999996,0.0,0.0,0.0
0.028333333333333332,0.010000000000000009,0.014166666666666668,0.01966666666666667,0.0,0.0,0.0
0.03266666666666666,0.015000000000000003,0.0165,0.02316666666666667,0.0,0.0,0.0
0.03266666666666666,0.010000000000000009,0.009666666666666667,0.027166666666666665,0.0,0.0,0.0
0.023000000000000003,0.010000000000000009,0.013833333333333335,0.01666666666666667,0.0,0.0,0.0
0.023333333333333334,0.010000000000000009,0.013666666666666667,0.015666666666666672,0.0,0.0,0.0
0.025666666666666664,0.010000000000000002,0.011666666666666665,0.0185,0.0,0.0,0.0
0.032666666666666656,0.010000000000000009,0.018166666666666664,0.021,0.0,0.0,0.0
0.027,0.010000000000000009,0.009166666666666672,0.024166666666666666,0.0,0.0,0.0
0.019333333333333334,0.01,0.007000000000000001,0.015000000000000003,0.0,0.0,0.0
0.01933333333333333,0.01,0.008333333333333335,0.016,0.0,0.0,0.0
0.0245,0.010000000000000009,0.009000000000000003,0.021500000000000002,0.0,0.0,0.0
0.021333333333333333,0.01,0.005666666666666667,0.0195,0.0,0.0,0.0
0.02533333333333333,0.010000000000000005,0.008833333333333334,0.0205,0.0,0.0,0.0
0.0205,0.009999999999999998,0.011333333333333334,0.015500000000000003,0.0,0.0,0.0
0.030166666666666665,0.010000000000000009,0.014833333333333334,0.02116666666666667,0.0,0.0,0.0
0.02016666666666667,0.010000000000000009,0.008500000000000004,0.016833333333333332,0.0,0.0,0.0
0.01983333333333333,0.01,0.010333333333333333,0.014500000000000002,0.0,0.0,0.0
0.022166666666666664,0.01,0.009333333333333334,0.017,0.0,0.0,0.0
0.027,0.010000000000000005,0.009166666666666668,0.0215,0.0,0.0,0.0
0.02783333333333333,0.010000000000000009,0.011666666666666665,0.020333333333333335,0.0,0.0,0.0
0.03216666666666666,0.010000000000000002,0.01416666666666667,0.025166666666666664,0.0,0.0,0.0
0.016,0.010000000000000002,0.007833333333333336,0.013000000000000005,0.0,0.0,0.0
0.02383333333333333,0.010000000000000005,0.007666666666666668,0.021500000000000002,0.0,0.0,0.0
0.02016666666666667,0.010000000000000009,0.010500000000000002,0.01466666666666667,0.0,0.0,0.0
0.0265,0.010000000000000009,0.012833333333333334,0.01983333333333333,0.0,0.0,0.0
0.01966666666666667,0.01,0.011333333333333334,0.012166666666666668,0.0,0.0,0.0
0.025166666666666667,0.01,0.009666666666666667,0.01983333333333333,0.0,0.0,0.0
0.021500000000000002,0.010000000000000005,0.009833333333333336,0.017833333333333336,0.0,0.0,0.0
0.021166666666666667,0.009999999999999998,0.013000000000000001,0.014666666666666668,0.0,0.0,0.0
0.026333333333333334,0.010000000000000009,0.015333333333333334,0.016833333333333336,0.0,0.0,0.0
0.017333333333333336,0.009999999999999998,0.005833333333333337,0.0165,0.0,0.0,0.0
0.019666666666666666,0.010000000000000002,0.009166666666666667,0.015166666666666669,0.0,0.0,0.0
0.012666666666666668,0.01,0.008000000000000002,0.009666666666666669,0.0,0.0,0.0
0.015000000000000005,0.01,0.007500000000000003,0.011166666666666668,0.0,0.0,0.0
0.01783333333333333,0.01,0.0075000000000000015,0.014333333333333335,0.0,0.0,0.0
0.02633333333333333,0.010000000000000005,0.012333333333333337,0.02016666666666667,0.0,0.0,0.0
0.02733333333333333,0.01,0.006500000000000002,0.0245,0.0,0.0,0.0
0.016,0.009999999999999998,0.005833333333333337,0.014333333333333335,0.0,0.0,0.0
0.026166666666666664,0.010000000000000009,0.010000000000000002,0.021500000000000002,0.0,0.0,0.0
0.02516666666666666,0.009999999999999998,0.007333333333333335,0.02233333333333333,0.0,0.0,0.0
0.02333333333333333,0.010000000000000002,0.007666666666666668,0.01933333333333333,0.0,0.0,0.0
0.025333333333333333,0.01,0.0115,0.0195,0.0,0.0,0.0
0.019333333333333338,0.010000000000000009,0.00516666666666667,0.016333333333333335,0.0,0.0,0.0
0.027166666666666665,0.010000000000000009,0.014833333333333337,0.01916666666666667,0.0,0.0,0.0
0.03533333333333332,0.010000000000000009,0.01,0.029499999999999995,0.0,0.0,0.0
0.031166666666666665,0.010000000000000009,0.016166666666666666,0.021333333333333333,0.0,0.0,0.0
0.028666666666666667,0.010000000000000009,0.015166666666666667,0.020000000000000004,0.0,0.0,0.0
0.023166666666666665,0.010000000000000009,0.009666666666666667,0.017333333333333336,0.0,0.0,0.0
0.014833333333333336,0.01,0.007500000000000003,0.010333333333333335,0.0,0.0,0.0
0.020833333333333332,0.010000000000000009,0.007333333333333338,0.01916666666666667,0.0,0.0,0.0
0.03033333333333333,0.010000000000000009,0.012333333333333333,0.024333333333333332,0.0,0.0,0.0
0.025500000000000002,0.010000000000000009,0.011666666666666667,0.019000000000000003,0.0,0.0,0.0
0.030999999999999996,0.010000000000000009,0.009500000000000001,0.025666666666666664,0.0,0.0,0.0
0.0285,0.01,0.012000000000000004,0.0235,0.0,0.0,0.0
0.02383333333333333,0.010000000000000009,0.013166666666666669,0.017666666666666667,0.0,0.0,0.0
0.021166666666666667,0.01,0.007833333333333336,0.017166666666666663,0.0,0.0,0.0
0.023833333333333335,0.010000000000000005,0.007333333333333336,0.020666666666666667,0.0,0.0,0.0
0.018000000000000002,0.01,0.009333333333333336,0.01216666666666667,0.0,0.0,0.0
0.027000000000000003,0.010000000000000009,0.006500000000000003,0.025166666666666664,0.0,0.0,0.0
0.02383333333333333,0.01,0.014000000000000002,0.01516666666666667,0.0,0.0,0.0
0.022000000000000002,0.010000000000000009,0.009666666666666667,0.0175,0.0,0.0,0.0
0.023333333333333334,0.010000000000000009,0.007833333333333335,0.019000000000000003,0.0,0.0,0.0
0.02683333333333333,0.010000000000000005,0.010166666666666668,0.021166666666666667,0.0,0.0,0.0
0.0205,0.01,0.010000000000000002,0.014500000000000002,0.0,0.0,0.0
0.0245,0.010000000000000009,0.009833333333333335,0.019666666666666666,0.0,0.0,0.0
0.025666666666666667,0.01,0.008833333333333334,0.021500000000000002,0.0,0.0,0.0
0.022833333333333334,0.010000000000000009,0.010833333333333335,0.017666666666666667,0.0,0.0,0.0
0.017166666666666667,0.009999999999999998,0.005000000000000002,0.014666666666666668,0.0,0.0,0.0
0.025833333333333337,0.010000000000000009,0.010000000000000002,0.020833333333333336,0.0,0.0,0.0
0.025666666666666667,0.010000000000000009,0.010000000000000002,0.021333333333333333,0.0,0.0,0.0
0.0165,0.010000000000000002,0.004333333333333336,0.015333333333333334,0.0,0.0,0.0
0.02016666666666667,0.010000000000000009,0.008500000000000004,0.017000000000000005,0.0,0.0,0.0
0.0235,0.010000000000000009,0.008333333333333337,0.01966666666666667,0.0,0.0,0.0
0.019166666666666665,0.009999999999999998,0.006166666666666668,0.01633333333333333,0.0,0.0,0.0
0.0275,0.010000000000000002,0.010166666666666666,0.022500000000000003,0.0,0.0,0.0
0.01616666666666667,0.010000000000000005,0.007000000000000004,0.013166666666666669,0.0,0.0,0.0
0.01966666666666667,0.010000000000000009,0.013833333333333335,0.01266666666666667,0.0,0.0,0.0
0.02466666666666667,0.010000000000000009,0.014833333333333337,0.018833333333333337,0.0,0.0,0.0
0.018000000000000002,0.010000000000000002,0.0045000000000000005,0.015500000000000002,0.0,0.0,0.0
0.025000000000000005,0.010000000000000009,0.008666666666666671,0.021666666666666667,0.0,0.0,0.0
0.024333333333333332,0.010000000000000009,0.009833333333333333,0.019999999999999997,0.0,0.0,0.0
0.03166666666666667,0.010000000000000009,0.018166666666666668,0.02,0.0,0.0,0.0
0.024333333333333332,0.01,0.008000000000000002,0.021166666666666667,0.0,0.0,0.0
0.019500000000000007,0.010000000000000009,0.01066666666666667,0.014666666666666668,0.0,0.0,0.0
0.017166666666666663,0.009999999999999998,0.010500000000000002,0.010166666666666668,0.0,0.0,0.0
0.021666666666666667,0.010000000000000002,0.008000000000000004,0.018166666666666668,0.0,0.0,0.0
0.024333333333333335,0.010000000000000009,0.015000000000000003,0.01616666666666667,0.0,0.0,0.0
0.03366666666666666,0.01,0.008333333333333335,0.030333333333333327,0.0,0.0,0.0
0.016499999999999997,0.009999999999999998,0.008833333333333334,0.011666666666666665,0.0,0.0,0.0
0.02166666666666667,0.01,0.010000000000000004,0.016500000000000004,0.0,0.0,0.0
0.02316666666666667,0.01,0.010833333333333335,0.017666666666666667,0.0,0.0,0.0
0.016333333333333335,0.01,0.005333333333333334,0.013666666666666667,0.0,0.0,0.0
0.023000000000000003,0.010000000000000009,0.01216666666666667,0.017500000000000005,0.0,0.0,0.0
0.013833333333333335,0.01,0.0085,0.009333333333333336,0.0,0.0,0.0
0.02766666666666667,0.010000000000000009,0.014666666666666672,0.020500000000000004,0.0,0.0,0.0
0.022166666666666668,0.010000000000000002,0.010166666666666668,0.016333333333333335,0.0,0.0,0.0
0.020166666666666666,0.01,0.005500000000000002,0.018166666666666664,0.0,0.0,0.0
0.022333333333333334,0.01,0.012833333333333334,0.014333333333333335,0.0,0.0,0.0
0.022833333333333334,0.010000000000000009,0.009666666666666667,0.019,0.0,0.0,0.0
0.023166666666666662,0.010000000000000009,0.006666666666666669,0.019666666666666666,0.0,0.0,0.0
0.026,0.010000000000000005,0.0165,0.017166666666666667,0.0,0.0,0.0
0.031000000000000003,0.010000000000000009,0.014333333333333337,0.025333333333333336,0.0,0.0,0.0
0.032,0.010000000000000009,0.014833333333333336,0.025333333333333336,0.0,0.0,0.0
0.024666666666666667,0.01,0.016499999999999997,0.013166666666666667,0.0,0.0,0.0
0.03166666666666666,0.010000000000000009,0.015500000000000003,0.023666666666666673,0.0,0.0,0.0
0.02233333333333333,0.010000000000000009,0.005666666666666669,0.01983333333333333,0.0,0.0,0.0
0.025,0.010000000000000002,0.014500000000000002,0.016833333333333332,0.0,0.0,0.0
0.028333333333333332,0.010000000000000009,0.013166666666666667,0.020500000000000004,0.0,0.0,0.0
0.022166666666666668,0.01,0.009000000000000005,0.018,0.0,0.0,0.0
0.01833333333333333,0.009999999999999998,0.006000000000000001,0.015500000000000002,0.0,0.0,0.0
0.026166666666666664,0.010000000000000005,0.008,0.020833333333333332,0.0,0.0,0.0
0.03183333333333333,0.010000000000000009,0.010500000000000002,0.027,0.0,0.0,0.0
0.018333333333333337,0.01,0.005000000000000001,0.016,0.0,0.0,0.0
0.024166666666666666,0.010000000000000005,0.012333333333333335,0.019166666666666665,0.0,0.0,0.0
0.023666666666666666,0.009999999999999998,0.008500000000000002,0.018166666666666668,0.0,0.0,0.0
0.03133333333333333,0.010000000000000002,0.014666666666666668,0.02316666666666667,0.0,0.0,0.0
0.030666666666666665,0.01,0.010333333333333335,0.025666666666666664,0.0,0.0,0.0
0.03149999999999999,0.010000000000000009,0.012500000000000004,0.02516666666666667,0.0,0.0,0.0
0.020666666666666663,0.010000000000000005,0.0065000000000000014,0.017166666666666663,0.0,0.0,0.0
0.02233333333333333,0.009999999999999998,0.0075000000000000015,0.020666666666666663,0.0,0.0,0.0
0.023666666666666666,0.010000000000000005,0.009500000000000003,0.019333333333333334,0.0,0.0,0.0
0.017333333333333336,0.01,0.010000000000000004,0.012833333333333335,0.0,0.0,0.0
0.02033333333333333,0.010000000000000002,0.011333333333333336,0.014000000000000002,0.0,0.0,0.0
0.0205,0.01,0.010166666666666668,0.014166666666666668,0.0,0.0,0.0
0.016,0.01,0.007166666666666669,0.013000000000000001,0.0,0.0,0.0
0.03066666666666667,0.010000000000000005,0.008500000000000004,0.029,0.0,0.0,0.0
0.023000000000000003,0.010000000000000009,0.018000000000000002,0.012333333333333337,0.0,0.0,0.0
0.018666666666666668,0.01,0.007833333333333335,0.015166666666666669,0.0,0.0,0.0
0.03433333333333333,0.010000000000000009,0.015166666666666665,0.025500000000000005,0.0,0.0,0.0
0.021,0.010000000000000005,0.012000000000000002,0.014833333333333337,0.0,0.0,0.0
0.02283333333333333,0.009999999999999998,0.005833333333333334,0.020666666666666663,0.0,0.0,0.0
0.016000000000000004,0.01,0.005500000000000003,0.014833333333333336,0.0,0.0,0.0
0.028166666666666666,0.010000000000000002,0.010166666666666666,0.021833333333333333,0.0,0.0,0.0
0.02133333333333333,0.01,0.007000000000000001,0.017833333333333333,0.0,0.0,0.0
0.020000000000000004,0.009999999999999998,0.009666666666666664,0.014166666666666668,0.0,0.0,0.0
0.026000000000000002,0.010000000000000009,0.013500000000000002,0.018333333333333333,0.0,0.0,0.0
0.02416666666666667,0.01,0.011833333333333336,0.019166666666666665,0.0,0.0,0.0
0.019833333333333328,0.009999999999999998,0.0061666666666666675,0.016166666666666666,0.0,0.0,0.0
0.031999999999999994,0.010000000000000009,0.006166666666666668,0.029166666666666664,0.0,0.0,0.0
0.028500000000000004,0.010000000000000009,0.014500000000000006,0.02116666666666667,0.0,0.0,0.0
0.031000000000000003,0.010000000000000009,0.009333333333333336,0.02716666666666667,0.0,0.0,0.0
0.021166666666666667,0.010000000000000009,0.0071666666666666675,0.017833333333333336,0.0,0.0,0.0
0.020000000000000004,0.009999999999999998,0.0068333333333333345,0.0165,0.0,0.0,0.0
0.018333333333333333,0.01,0.007666666666666668,0.014166666666666666,0.0,0.0,0.0
0.025833333333333337,0.010000000000000009,0.009833333333333336,0.021,0.0,0.0,0.0
0.019,0.009999999999999998,0.0115,0.012666666666666668,0.0,0.0,0.0
0.03333333333333333,0.010000000000000009,0.012833333333333334,0.026500000000000003,0.0,0.0,0.0
0.018166666666666668,0.010000000000000005,0.012000000000000004,0.012666666666666672,0.0,0.0,0.0
0.020499999999999994,0.009999999999999998,0.006666666666666669,0.017,0.0,0.0,0.0
0.024833333333333332,0.010000000000000009,0.010833333333333335,0.02016666666666667,0.0,0.0,0.0
0.02366666666666667,0.010000000000000005,0.015166666666666667,0.015000000000000003,0.0,0.0,0.0
0.01966666666666667,0.010000000000000009,0.010500000000000004,0.01666666666666667,0.0,0.0,0.0
0.023000000000000007,0.010000000000000009,0.016000000000000004,0.013500000000000005,0.0,0.0,0.0
0.0275,0.010000000000000005,0.006500000000000002,0.024166666666666663,0.0,0.0,0.0
0.02316666666666667,0.010000000000000009,0.01583333333333333,0.01416666666666667,0.0,0.0,0.0
0.023333333333333334,0.010000000000000009,0.010166666666666673,0.018666666666666668,0.0,0.0,0.0
0.020000000000000004,0.01,0.006833333333333335,0.017166666666666667,0.0,0.0,0.0
0.023666666666666666,0.010000000000000009,0.005000000000000002,0.021500000000000002,0.0,0.0,0.0
0.025833333333333333,0.01,0.007833333333333336,0.022000000000000002,0.0,0.0,0.0
0.026166666666666668,0.010000000000000009,0.015499999999999998,0.016,0.0,0.0,0.0
0.02016666666666667,0.01,0.009500000000000003,0.015833333333333335,0.0,0.0,0.0
0.014833333333333334,0.009999999999999998,0.007000000000000003,0.0115,0.0,0.0,0.0
0.020833333333333325,0.009999999999999998,0.009000000000000003,0.0175,0.0,0.0,0.0
0.030166666666666665,0.010000000000000009,0.014000000000000002,0.024500000000000004,0.0,0.0,0.0
0.020833333333333332,0.010000000000000005,0.01,0.014000000000000004,0.0,0.0,0.0
0.018666666666666668,0.010000000000000009,0.005500000000000002,0.01633333333333333,0.0,0.0,0.0
0.023,0.009999999999999998,0.011333333333333336,0.018500000000000003,0.0,0.0,0.0
0.027333333333333334,0.010000000000000009,0.010000000000000004,0.022666666666666665,0.0,0.0,0.0
0.0195,0.01,0.008666666666666666,0.014666666666666668,0.0,0.0,0.0
0.022500000000000003,0.010000000000000005,0.010166666666666668,0.017000000000000005,0.0,0.0,0.0
0.025666666666666664,0.010000000000000009,0.014166666666666668,0.0185,0.0,0.0,0.0
0.02733333333333333,0.010000000000000002,0.0115,0.019500000000000003,0.0,0.0,0.0
0.018500000000000003,0.009999999999999998,0.008333333333333333,0.012833333333333334,0.0,0.0,0.0
0.023666666666666666,0.01,0.009500000000000001,0.018666666666666665,0.0,0.0,0.0
0.018333333333333333,0.010000000000000009,0.007333333333333334,0.01566666666666667,0.0,0.0,0.0
0.026500000000000003,0.01,0.012166666666666668,0.019500000000000003,0.0,0.0,0.0
0.023000000000000003,0.010000000000000005,0.011833333333333336,0.017,0.0,0.0,0.0
0.025166666666666667,0.01,0.012333333333333337,0.018,0.0,0.0,0.0
0.025833333333333333,0.010000000000000009,0.011666666666666665,0.01933333333333333,0.0,0.0,0.0
0.025999999999999992,0.010000000000000009,0.012833333333333332,0.018,0.0,0.0,0.0
0.029833333333333333,0.010000000000000009,0.012833333333333335,0.023,0.0,0.0,0.0
0.016833333333333332,0.009999999999999998,0.009166666666666667,0.012333333333333335,0.0,0.0,0.0
0.018666666666666668,0.009999999999999998,0.005833333333333337,0.017833333333333333,0.0,0.0,0.0
0.021166666666666667,0.01,0.008166666666666668,0.017833333333333333,0.0,0.0,0.0
0.0255,0.01,0.009500000000000001,0.021666666666666664,0.0,0.0,0.0
0.018500000000000003,0.010000000000000009,0.010333333333333337,0.01266666666666667,0.0,0.0,0.0
0.021333333333333333,0.010000000000000005,0.008666666666666668,0.017,0.0,0.0,0.0
0.01883333333333333,0.010000000000000005,0.012000000000000004,0.011666666666666669,0.0,0.0,0.0
0.018833333333333334,0.010000000000000002,0.0066666666666666706,0.017666666666666664,0.0,0.0,0.0
0.02266666666666667,0.010000000000000005,0.010166666666666668,0.017833333333333333,0.0,0.0,0.0
0.028833333333333332,0.01,0.012000000000000002,0.023500000000000004,0.0,0.0,0.0
0.032999999999999995,0.010000000000000009,0.012500000000000002,0.025,0.0,0.0,0.0
0.021833333333333337,0.010000000000000002,0.0063333333333333375,0.02033333333333333,0.0,0.0,0.0
0.017833333333333333,0.01,0.010333333333333335,0.013166666666666667,0.0,0.0,0.0
0.019500000000000003,0.010000000000000005,0.008833333333333334,0.015833333333333335,0.0,0.0,0.0
0.029,0.010000000000000005,0.010000000000000004,0.024,0.0,0.0,0.0
0.015333333333333338,0.01,0.010333333333333337,0.011500000000000005,0.0,0.0,0.0
0.02083333333333333,0.01,0.010000000000000002,0.016833333333333332,0.0,0.0,0.0
0.0245,0.01,0.015499999999999998,0.015000000000000003,0.0,0.0,0.0
0.025666666666666664,0.010000000000000005,0.009333333333333336,0.020499999999999997,0.0,0.0,0.0
0.02216666666666666,0.01,0.0085,0.017166666666666667,0.0,0.0,0.0
0.028166666666666666,0.010000000000000009,0.01216666666666667,0.022500000000000003,0.0,0.0,0.0
0.014666666666666666,0.009999999999999998,0.007666666666666667,0.011000000000000001,0.0,0.0,0.0
0.029999999999999995,0.010000000000000009,0.012333333333333335,0.02333333333333333,0.0,0.0,0.0
0.018500000000000003,0.009999999999999998,0.009833333333333331,0.011666666666666667,0.0,0.0,0.0
0.02733333333333333,0.010000000000000002,0.008666666666666671,0.023333333333333327,0.0,0.0,0.0
0.028333333333333332,0.010000000000000009,0.007166666666666668,0.025166666666666667,0.0,0.0,0.0
0.028833333333333332,0.010000000000000009,0.010333333333333337,0.024,0.0,0.0,0.0
0.02266666666666667,0.010000000000000009,0.01266666666666667,0.017166666666666667,0.0,0.0,0.0
0.029500000000000002,0.010000000000000009,0.012500000000000002,0.022833333333333334,0.0,0.0,0.0
0.012666666666666668,0.01,0.004666666666666669,0.011333333333333334,0.0,0.0,0.0
0.02783333333333333,0.010000000000000009,0.006833333333333335,0.024833333333333332,0.0,0.0,0.0
0.019500000000000003,0.01,0.009833333333333338,0.0165,0.0,0.0,0.0
0.01983333333333333,0.01,0.006833333333333335,0.016833333333333332,0.0,0.0,0.0
0.021999999999999995,0.010000000000000009,0.00766666666666667,0.0185,0.0,0.0,0.0
0.029166666666666667,0.010000000000000009,0.009666666666666667,0.024499999999999997,0.0,0.0,0.0
0.02333333333333333,0.01,0.007166666666666668,0.01983333333333333,0.0,0.0,0.0
0.027000000000000003,0.009999999999999998,0.008500000000000002,0.0215,0.0,0.0,0.0
0.02266666666666667,0.010000000000000009,0.009000000000000001,0.018166666666666668,0.0,0.0,0.0
0.030666666666666665,0.010000000000000009,0.010833333333333335,0.026833333333333327,0.0,0.0,0.0
0.020833333333333332,0.01,0.007,0.017666666666666667,0.0,0.0,0.0
0.029833333333333326,0.010000000000000009,0.012666666666666666,0.0235,0.0,0.0,0.0
0.028333333333333332,0.010000000000000009,0.012833333333333334,0.02,0.0,0.0,0.0
0.01916666666666667,0.009999999999999998,0.004666666666666668,0.016833333333333332,0.0,0.0,0.0
0.018166666666666668,0.01,0.007000000000000003,0.015500000000000002,0.0,0.0,0.0
0.020833333333333332,0.010000000000000009,0.006000000000000002,0.01783333333333333,0.0,0.0,0.0
0.020666666666666667,0.01,0.011166666666666667,0.014833333333333336,0.0,0.0,0.0
0.02516666666666667,0.01,0.013166666666666667,0.0175,0.0,0.0,0.0
0.028500000000000004,0.010000000000000009,0.008666666666666666,0.02316666666666667,0.0,0.0,0.0
0.02933333333333333,0.010000000000000009,0.014833333333333336,0.021500000000000002,0.0,0.0,0.0
0.022166666666666668,0.01,0.009166666666666668,0.018666666666666668,0.0,0.0,0.0
0.022333333333333334,0.010000000000000009,0.009000000000000005,0.018666666666666668,0.0,0.0,0.0
0.018,0.009999999999999998,0.006000000000000002,0.016,0.0,0.0,0.0
0.025666666666666664,0.010000000000000009,0.010333333333333335,0.020666666666666667,0.0,0.0,0.0
0.02683333333333333,0.010000000000000009,0.017833333333333333,0.017000000000000005,0.0,0.0,0.0
0.02333333333333333,0.010000000000000005,0.007000000000000001,0.01933333333333333,0.0,0.0,0.0
0.022833333333333334,0.01,0.010333333333333335,0.016500000000000004,0.0,0.0,0.0
0.0235,0.010000000000000009,0.011000000000000003,0.018000000000000002,0.0,0.0,0.0
0.01983333333333333,0.01,0.006000000000000003,0.01816666666666667,0.0,0.0,0.0
0.03433333333333331,0.010000000000000009,0.010333333333333335,0.027499999999999993,0.0,0.0,0.0
0.021333333333333336,0.010000000000000009,0.010166666666666668,0.01616666666666667,0.0,0.0,0.0
0.029166666666666664,0.010000000000000009,0.010333333333333335,0.02433333333333333,0.0,0.0,0.0
0.023499999999999997,0.010000000000000005,0.009000000000000001,0.019000000000000003,0.0,0.0,0.0
0.027333333333333328,0.010000000000000009,0.011833333333333333,0.02133333333333333,0.0,0.0,0.0
0.024000000000000004,0.010000000000000005,0.004500000000000002,0.02283333333333333,0.0,0.0,0.0
0.021999999999999995,0.01,0.010500000000000002,0.016833333333333332,0.0,0.0,0.0
0.01966666666666667,0.01,0.010500000000000002,0.013500000000000003,0.0,0.0,0.0
0.024,0.010000000000000005,0.012833333333333334,0.018166666666666668,0.0,0.0,0.0
0.02416666666666667,0.010000000000000009,0.014333333333333337,0.017666666666666674,0.0,0.0,0.0
0.02283333333333333,0.009999999999999998,0.006333333333333335,0.01933333333333333,0.0,0.0,0.0
0.024,0.010000000000000005,0.013666666666666667,0.016000000000000004,0.0,0.0,0.0
0.02333333333333333,0.010000000000000005,0.011500000000000003,0.017000000000000005,0.0,0.0,0.0
0.02116666666666667,0.010000000000000002,0.010333333333333335,0.015666666666666672,0.0,0.0,0.0
0.02683333333333333,0.010000000000000005,0.0165,0.015166666666666669,0.0,0.0,0.0
0.02483333333333333,0.01,0.014,0.016333333333333335,0.0,0.0,0.0
0.024166666666666666,0.010000000000000009,0.010333333333333335,0.017666666666666667,0.0,0.0,0.0
0.023666666666666666,0.01,0.013500000000000002,0.015833333333333335,0.0,0.0,0.0
0.02516666666666667,0.010000000000000009,0.009000000000000005,0.022500000000000006,0.0,0.0,0.0
0.029500000000000002,0.010000000000000009,0.010833333333333334,0.0245,0.0,0.0,0.0
0.02866666666666667,0.010000000000000009,0.013166666666666667,0.022833333333333337,0.0,0.0,0.0
0.01633333333333333,0.009999999999999998,0.007000000000000001,0.012666666666666666,0.0,0.0,0.0
0.020000000000000004,0.010000000000000009,0.006333333333333336,0.017333333333333333,0.0,0.0,0.0
0.02683333333333333,0.010000000000000002,0.009500000000000003,0.021166666666666667,0.0,0.0,0.0
0.02083333333333333,0.010000000000000002,0.006333333333333334,0.018333333333333333,0.0,0.0,0.0
0.020833333333333332,0.010000000000000009,0.009666666666666667,0.015666666666666666,0.0,0.0,0.0
0.015333333333333332,0.010000000000000002,0.009000000000000001,0.010666666666666668,0.0,0.0,0.0
0.020000000000000004,0.010000000000000002,0.008500000000000002,0.016833333333333332,0.0,0.0,0.0
0.03266666666666666,0.010000000000000009,0.014500000000000004,0.024666666666666667,0.0,0.0,0.0
0.023000000000000003,0.01,0.01216666666666667,0.016000000000000004,0.0,0.0,0.0
0.013666666666666669,0.01,0.007333333333333335,0.010000000000000004,0.0,0.0,0.0
0.021666666666666664,0.010000000000000009,0.011166666666666665,0.016,0.0,0.0,0.0
0.03333333333333333,0.010000000000000009,0.018166666666666668,0.022333333333333334,0.0,0.0,0.0
0.030166666666666668,0.010000000000000009,0.016666666666666666,0.021,0.0,0.0,0.0
0.020833333333333336,0.009999999999999998,0.008333333333333335,0.017333333333333336,0.0,0.0,0.0
0.02216666666666667,0.01,0.010333333333333338,0.018666666666666668,0.0,0.0,0.0
0.030333333333333334,0.010000000000000009,0.010500000000000002,0.025,0.0,0.0,0.0
0.026166666666666664,0.010000000000000009,0.012666666666666668,0.01916666666666667,0.0,0.0,0.0
0.02716666666666667,0.010000000000000009,0.014000000000000002,0.019833333333333335,0.0,0.0,0.0
0.028000000000000004,0.010000000000000009,0.0175,0.018833333333333334,0.0,0.0,0.0
0.030000000000000006,0.010000000000000009,0.014000000000000004,0.023500000000000004,0.0,0.0,0.0
0.027500000000000004,0.010000000000000005,0.007333333333333335,0.024166666666666663,0.0,0.0,0.0
0.025666666666666667,0.010000000000000009,0.01016666666666667,0.020833333333333332,0.0,0.0,0.0
0.0265,0.01,0.014166666666666673,0.021666666666666667,0.0,0.0,0.0
0.026666666666666665,0.010000000000000009,0.007333333333333336,0.023666666666666666,0.0,0.0,0.0
0.021,0.01,0.009166666666666667,0.01566666666666667,0.0,0.0,0.0
0.02083333333333333,0.010000000000000005,0.006166666666666667,0.01833333333333333,0.0,0.0,0.0
0.01783333333333333,0.009999999999999998,0.0068333333333333345,0.015000000000000003,0.0,0.0,0.0
0.021666666666666667,0.01,0.013500000000000002,0.013833333333333336,0.0,0.0,0.0
0.02383333333333333,0.01,0.011333333333333336,0.017666666666666667,0.0,0.0,0.0
0.022333333333333334,0.010000000000000009,0.011833333333333335,0.0165,0.0,0.0,0.0
0.030000000000000002,0.010000000000000009,0.013500000000000003,0.023000000000000007,0.0,0.0,0.0
0.019333333333333334,0.009999999999999998,0.006666666666666667,0.015500000000000002,0.0,0.0,0.0
0.024666666666666667,0.010000000000000005,0.011000000000000003,0.01916666666666667,0.0,0.0,0.0
0.021500000000000002,0.010000000000000005,0.010333333333333333,0.015333333333333336,0.0,0.0,0.0
0.02183333333333333,0.010000000000000009,0.007166666666666669,0.019,0.0,0.0,0.0
0.025166666666666664,0.01,0.005833333333333335,0.02266666666666667,0.0,0.0,0.0
0.021000000000000005,0.01,0.007500000000000003,0.017,0.0,0.0,0.0
0.041999999999999996,0.010000000000000009,0.013500000000000002,0.03449999999999999,0.0,0.0,0.0
0.0195,0.009999999999999998,0.009166666666666668,0.015500000000000003,0.0,0.0,0.0
0.02133333333333333,0.01,0.010333333333333335,0.015500000000000003,0.0,0.0,0.0
0.027000000000000003,0.010000000000000009,0.008333333333333337,0.024499999999999997,0.0,0.0,0.0
0.027333333333333328,0.010000000000000002,0.004833333333333334,0.024666666666666663,0.0,0.0,0.0
0.023666666666666666,0.01,0.011166666666666668,0.017333333333333333,0.0,0.0,0.0
0.019666666666666666,0.010000000000000005,0.011000000000000005,0.016000000000000004,0.0,0.0,0.0
0.02316666666666667,0.010000000000000005,0.007166666666666667,0.018833333333333334,0.0,0.0,0.0
0.021500000000000002,0.010000000000000005,0.009666666666666667,0.016833333333333332,0.0,0.0,0.0
0.0185,0.010000000000000002,0.008833333333333335,0.01566666666666667,0.0,0.0,0.0
0.026833333333333327,0.010000000000000009,0.013333333333333336,0.020166666666666666,0.0,0.0,0.0
0.028333333333333332,0.010000000000000009,0.008500000000000004,0.025500000000000002,0.0,0.0,0.0
0.022333333333333337,0.010000000000000009,0.008666666666666668,0.018000000000000006,0.0,0.0,0.0
0.02516666666666667,0.010000000000000009,0.012000000000000004,0.018666666666666668,0.0,0.0,0.0
0.024499999999999997,0.010000000000000009,0.011500000000000002,0.0175,0.0,0.0,0.0
0.01966666666666667,0.010000000000000002,0.009000000000000005,0.0165,0.0,0.0,0.0
0.01566666666666667,0.01,0.0033333333333333353,0.0145,0.0,0.0,0.0
0.029833333333333333,0.010000000000000009,0.014000000000000004,0.02216666666666667,0.0,0.0,0.0
0.02233333333333333,0.01,0.011833333333333335,0.015500000000000002,0.0,0.0,0.0
0.028333333333333332,0.010000000000000009,0.009333333333333336,0.024833333333333332,0.0,0.0,0.0
0.0215,0.01,0.009666666666666667,0.016,0.0,0.0,0.0
0.015333333333333336,0.01,0.005666666666666667,0.013000000000000001,0.0,0.0,0.0
0.023000000000000003,0.01,0.009833333333333336,0.017166666666666667,0.0,0.0,0.0
0.02683333333333333,0.010000000000000009,0.007666666666666669,0.024666666666666667,0.0,0.0,0.0
0.022500000000000003,0.010000000000000002,0.007833333333333336,0.0195,0.0,0.0,0.0
0.025666666666666664,0.010000000000000009,0.014,0.017,0.0,0.0,0.0
0.026333333333333334,0.010000000000000009,0.010833333333333335,0.021166666666666667,0.0,0.0,0.0
0.018333333333333333,0.01,0.009000000000000005,0.014166666666666668,0.0,0.0,0.0
0.02666666666666667,0.01,0.011000000000000003,0.021000000000000005,0.0,0.0,0.0
0.025500000000000005,0.010000000000000002,0.013333333333333334,0.017833333333333333,0.0,0.0,0.0
0.017499999999999998,0.01,0.008833333333333334,0.012333333333333333,0.0,0.0,0.0
0.033,0.010000000000000009,0.013666666666666666,0.025666666666666667,0.0,0.0,0.0
0.022166666666666668,0.010000000000000002,0.008166666666666668,0.018,0.0,0.0,0.0
0.02783333333333333,0.010000000000000009,0.012333333333333335,0.020500000000000004,0.0,0.0,0.0
0.016166666666666666,0.009999999999999998,0.010166666666666666,0.010333333333333335,0.0,0.0,0.0
0.028666666666666667,0.010000000000000009,0.011666666666666667,0.022000000000000002,0.0,0.0,0.0
0.03533333333333332,0.010000000000000009,0.011833333333333336,0.029500000000000002,0.0,0.0,0.0
0.021666666666666667,0.01,0.009500000000000005,0.018000000000000002,0.0,0.0,0.0
0.026999999999999993,0.010000000000000005,0.010833333333333332,0.020999999999999998,0.0,0.0,0.0
0.020833333333333336,0.010000000000000009,0.011333333333333336,0.015000000000000005,0.0,0.0,0.0
0.018000000000000002,0.009999999999999998,0.008333333333333333,0.013166666666666669,0.0,0.0,0.0
0.018000000000000002,0.010000000000000009,0.005500000000000003,0.016,0.0,0.0,0.0
0.02,0.01,0.006000000000000003,0.018,0.0,0.0,0.0
0.018,0.009999999999999998,0.005166666666666668,0.01733333333333333,0.0,0.0,0.0
0.026166666666666668,0.010000000000000009,0.009333333333333336,0.022333333333333334,0.0,0.0,0.0
0.016666666666666666,0.009999999999999998,0.003000000000000001,0.015499999999999996,0.0,0.0,0.0
0.023,0.010000000000000002,0.011000000000000003,0.01883333333333333,0.0,0.0,0.0
0.023000000000000003,0.01,0.011166666666666668,0.0175,0.0,0.0,0.0
0.029000000000000005,0.010000000000000009,0.012333333333333337,0.022166666666666668,0.0,0.0,0.0
0.021000000000000005,0.010000000000000009,0.008166666666666668,0.016666666666666666,0.0,0.0,0.0
0.02016666666666667,0.010000000000000009,0.009333333333333336,0.01566666666666667,0.0,0.0,0.0
0.024333333333333332,0.010000000000000009,0.013500000000000002,0.017333333333333336,0.0,0.0,0.0
0.027666666666666666,0.010000000000000009,0.0165,0.018500000000000003,0.0,0.0,0.0
0.025500000000000005,0.010000000000000009,0.012833333333333332,0.01666666666666667,0.0,0.0,0.0
0.017166666666666667,0.009999999999999998,0.008833333333333334,0.012500000000000004,0.0,0.0,0.0
0.024333333333333332,0.010000000000000009,0.008000000000000002,0.021166666666666667,0.0,0.0,0.0
0.017666666666666667,0.009999999999999998,0.007333333333333334,0.014333333333333335,0.0,0.0,0.0
0.020166666666666666,0.010000000000000002,0.009000000000000001,0.015499999999999998,0.0,0.0,0.0
0.023333333333333334,0.010000000000000009,0.016,0.014333333333333337,0.0,0.0,0.0
0.025000000000000005,0.010000000000000009,0.011500000000000003,0.021333333333333336,0.0,0.0,0.0
0.029999999999999995,0.010000000000000009,0.016000000000000004,0.02066666666666667,0.0,0.0,0.0
0.021500000000000002,0.009999999999999998,0.012333333333333335,0.01366666666666667,0.0,0.0,0.0
0.028499999999999994,0.010000000000000009,0.012500000000000002,0.021666666666666667,0.0,0.0,0.0
0.02866666666666667,0.010000000000000009,0.012666666666666668,0.022333333333333337,0.0,0.0,0.0
0.027333333333333328,0.010000000000000009,0.007666666666666668,0.024999999999999998,0.0,0.0,0.0
0.022000000000000006,0.01,0.009000000000000003,0.018500000000000003,0.0,0.0,0.0
0.029999999999999995,0.010000000000000009,0.010166666666666668,0.0245,0.0,0.0,0.0
0.023666666666666666,0.010000000000000009,0.011666666666666667,0.018333333333333333,0.0,0.0,0.0
0.02016666666666667,0.010000000000000005,0.009833333333333338,0.015833333333333335,0.0,0.0,0.0
0.021666666666666664,0.01,0.009500000000000001,0.017,0.0,0.0,0.0
0.022000000000000002,0.010000000000000009,0.010000000000000002,0.016500000000000004,0.0,0.0,0.0
0.026500000000000003,0.010000000000000009,0.012166666666666666,0.02,0.0,0.0,0.0
0.0175,0.009999999999999998,0.009166666666666667,0.012333333333333337,0.0,0.0,0.0
0.01983333333333333,0.010000000000000009,0.008666666666666666,0.015333333333333332,0.0,0.0,0.0
0.021500000000000002,0.01,0.011000000000000003,0.01516666666666667,0.0,0.0,0.0
0.019666666666666666,0.01,0.008166666666666668,0.015333333333333332,0.0,0.0,0.0
0.021166666666666667,0.010000000000000009,0.008833333333333337,0.016333333333333335,0.0,0.0,0.0
0.02866666666666667,0.010000000000000009,0.012166666666666668,0.021833333333333333,0.0,0.0,0.0
0.028166666666666666,0.010000000000000002,0.012000000000000002,0.021500000000000002,0.0,0.0,0.0
0.017000000000000005,0.010000000000000005,0.007333333333333336,0.014166666666666668,0.0,0.0,0.0
0.0225,0.009999999999999998,0.006833333333333336,0.020500000000000004,0.0,0.0,0.0
0.02333333333333333,0.01,0.014500000000000002,0.01416666666666667,0.0,0.0,0.0
0.02466666666666667,0.010000000000000009,0.007333333333333334,0.02016666666666667,0.0,0.0,0.0
0.024000000000000004,0.010000000000000009,0.013000000000000003,0.01666666666666667,0.0,0.0,0.0
0.019333333333333334,0.010000000000000002,0.009333333333333336,0.015500000000000002,0.0,0.0,0.0
0.024499999999999997,0.010000000000000009,0.011333333333333334,0.018500000000000003,0.0,0.0,0.0
0.02,0.01,0.011833333333333335,0.014500000000000002,0.0,0.0,0.0
0.030500000000000003,0.015000000000000003,0.011833333333333336,0.025666666666666667,0.0,0.0,0.0
0.016333333333333335,0.009999999999999998,0.004000000000000002,0.014833333333333336,0.0,0.0,0.0
0.02416666666666667,0.010000000000000009,0.014666666666666668,0.01616666666666667,0.0,0.0,0.0
0.022666666666666672,0.010000000000000009,0.013000000000000003,0.01716666666666667,0.0,0.0,0.0
0.01783333333333333,0.01,0.006333333333333334,0.014000000000000002,0.0,0.0,0.0
0.022166666666666668,0.010000000000000002,0.010000000000000004,0.01866666666666667,0.0,0.0,0.0
0.023000000000000003,0.01,0.011500000000000003,0.017833333333333333,0.0,0.0,0.0
0.021333333333333333,0.010000000000000009,0.009500000000000005,0.017166666666666667,0.0,0.0,0.0
0.025333333333333333,0.010000000000000005,0.011666666666666667,0.018666666666666668,0.0,0.0,0.0
0.022000000000000002,0.01,0.009666666666666667,0.01666666666666667,0.0,0.0,0.0
0.024333333333333335,0.010000000000000002,0.012333333333333337,0.018500000000000003,0.0,0.0,0.0
0.02733333333333333,0.010000000000000009,0.0165,0.018000000000000006,0.0,0.0,0.0
0.020500000000000008,0.010000000000000009,0.011333333333333336,0.015000000000000005,0.0,0.0,0.0
0.026500000000000003,0.010000000000000009,0.013666666666666669,0.02016666666666667,0.0,0.0,0.0
0.022833333333333334,0.01,0.007000000000000001,0.018833333333333334,0.0,0.0,0.0
0.01916666666666667,0.010000000000000009,0.008166666666666668,0.015000000000000003,0.0,0.0,0.0
0.01783333333333333,0.0,0.006,0.013833333333333333,0.0,0.0,0.0
0.0195,0.010000000000000009,0.006666666666666669,0.016333333333333335,0.0,0.0,0.0
0.024166666666666666,0.010000000000000005,0.010166666666666666,0.01833333333333333,0.0,0.0,0.0
0.023,0.009999999999999998,0.007833333333333335,0.01933333333333333,0.0,0.0,0.0
0.028499999999999994,0.01,0.011166666666666668,0.023333333333333334,0.0,0.0,0.0
0.023666666666666666,0.01,0.011333333333333334,0.019166666666666665,0.0,0.0,0.0
0.03383333333333333,0.010000000000000009,0.011000000000000003,0.02833333333333333,0.0,0.0,0.0
0.02416666666666667,0.010000000000000009,0.011166666666666667,0.018833333333333334,0.0,0.0,0.0
0.0225,0.01,0.009333333333333334,0.016666666666666666,0.0,0.0,0.0
0.02,0.01,0.005000000000000003,0.018166666666666664,0.0,0.0,0.0
0.024666666666666667,0.010000000000000009,0.006833333333333334,0.021833333333333333,0.0,0.0,0.0
0.018666666666666668,0.010000000000000009,0.010166666666666668,0.013500000000000003,0.0,0.0,0.0
0.0165,0.010000000000000009,0.009833333333333338,0.011833333333333336,0.0,0.0,0.0
0.024499999999999997,0.009999999999999998,0.012333333333333333,0.018000000000000002,0.0,0.0,0.0
0.020000000000000004,0.010000000000000005,0.00616666666666667,0.018333333333333333,0.0,0.0,0.0
0.025500000000000002,0.010000000000000005,0.014833333333333334,0.017333333333333333,0.0,0.0,0.0
0.02116666666666667,0.010000000000000009,0.005000000000000004,0.019500000000000003,0.0,0.0,0.0
0.020666666666666663,0.01,0.007000000000000003,0.018000000000000002,0.0,0.0,0.0
0.014500000000000002,0.009999999999999998,0.0068333333333333345,0.011000000000000003,0.0,0.0,0.0
0.020666666666666667,0.010000000000000005,0.007500000000000003,0.01883333333333333,0.0,0.0,0.0
0.030666666666666665,0.010000000000000009,0.015166666666666665,0.02283333333333333,0.0,0.0,0.0
0.021833333333333333,0.010000000000000009,0.011666666666666665,0.016000000000000004,0.0,0.0,0.0
0.02866666666666667,0.010000000000000009,0.012666666666666668,0.02233333333333333,0.0,0.0,0.0
0.019500000000000007,0.010000000000000009,0.009000000000000003,0.01466666666666667,0.0,0.0,0.0
0.025166666666666667,0.010000000000000009,0.013166666666666669,0.017833333333333333,0.0,0.0,0.0
0.035833333333333335,0.010000000000000009,0.013333333333333336,0.029166666666666667,0.0,0.0,0.0
0.032,0.010000000000000009,0.012,0.025500000000000002,0.0,0.0,0.0
0.02683333333333333,0.01,0.011833333333333333,0.02016666666666667,0.0,0.0,0.0
0.0225,0.01,0.011333333333333336,0.016166666666666666,0.0,0.0,0.0
0.020166666666666666,0.010000000000000002,0.009500000000000001,0.015000000000000003,0.0,0.0,0.0
0.02333333333333333,0.010000000000000005,0.011000000000000003,0.018666666666666668,0.0,0.0,0.0
0.02649999999999999,0.010000000000000009,0.011166666666666667,0.020833333333333332,0.0,0.0,0.0
0.02266666666666667,0.010000000000000009,0.010666666666666668,0.017833333333333336,0.0,0.0,0.0
0.023166666666666665,0.01,0.009666666666666667,0.018500000000000003,0.0,0.0,0.0
0.018500000000000003,0.010000000000000009,0.007500000000000005,0.016,0.0,0.0,0.0
0.030166666666666665,0.010000000000000009,0.008666666666666671,0.02683333333333333,0.0,0.0,0.0
0.02133333333333333,0.010000000000000009,0.011666666666666665,0.015333333333333336,0.0,0.0,0.0
0.021333333333333333,0.01,0.010000000000000002,0.017666666666666667,0.0,0.0,0.0
0.023000000000000003,0.010000000000000009,0.011833333333333336,0.017166666666666667,0.0,0.0,0.0
0.023500000000000004,0.009999999999999998,0.009500000000000001,0.01816666666666667,0.0,0.0,0.0
0.023,0.010000000000000009,0.010000000000000002,0.019,0.0,0.0,0.0
0.026166666666666668,0.010000000000000009,0.012666666666666666,0.019500000000000003,0.0,0.0,0.0
0.018666666666666668,0.010000000000000009,0.008333333333333335,0.014833333333333339,0.0,0.0,0.0
0.030333333333333337,0.010000000000000005,0.013166666666666665,0.022333333333333334,0.0,0.0,0.0
0.0245,0.010000000000000009,0.010666666666666666,0.018000000000000002,0.0,0.0,0.0
0.01916666666666667,0.010000000000000002,0.008833333333333335,0.015166666666666669,0.0,0.0,0.0
0.021166666666666663,0.01,0.007666666666666668,0.016499999999999997,0.0,0.0,0.0
0.021000000000000005,0.010000000000000005,0.013000000000000003,0.015333333333333338,0.0,0.0,0.0
0.025833333333333333,0.010000000000000002,0.010833333333333335,0.019833333333333335,0.0,0.0,0.0
0.029333333333333333,0.010000000000000002,0.008000000000000002,0.025333333333333333,0.0,0.0,0.0
0.02816666666666666,0.009999999999999998,0.006833333333333334,0.023666666666666662,0.0,0.0,0.0
0.03499999999999999,0.010000000000000009,0.01216666666666667,0.029333333333333333,0.0,0.0,0.0
0.022500000000000003,0.010000000000000002,0.009000000000000001,0.01983333333333333,0.0,0.0,0.0
0.011666666666666667,0.01,0.005333333333333337,0.009666666666666667,0.0,0.0,0.0
0.021666666666666664,0.010000000000000002,0.012500000000000002,0.014500000000000002,0.0,0.0,0.0
0.020833333333333336,0.010000000000000009,0.009166666666666672,0.018166666666666668,0.0,0.0,0.0
0.0215,0.01,0.010166666666666666,0.016,0.0,0.0,0.0
0.018000000000000002,0.010000000000000005,0.011500000000000002,0.012166666666666671,0.0,0.0,0.0
0.026333333333333334,0.010000000000000009,0.013333333333333336,0.019500000000000003,0.0,0.0,0.0
0.02266666666666667,0.010000000000000005,0.008833333333333335,0.017833333333333333,0.0,0.0,0.0
0.023833333333333335,0.009999999999999998,0.012333333333333335,0.016166666666666673,0.0,0.0,0.0
0.027999999999999994,0.010000000000000009,0.011166666666666668,0.022000000000000002,0.0,0.0,0.0
0.02216666666666666,0.010000000000000005,0.011500000000000002,0.016,0.0,0.0,0.0
0.022333333333333337,0.010000000000000009,0.010500000000000002,0.015833333333333338,0.0,0.0,0.0
0.026166666666666668,0.010000000000000009,0.011666666666666669,0.020000000000000004,0.0,0.0,0.0
0.020000000000000004,0.009999999999999998,0.004666666666666668,0.0175,0.0,0.0,0.0
0.017666666666666667,0.010000000000000009,0.006333333333333335,0.015000000000000001,0.0,0.0,0.0
0.022833333333333334,0.010000000000000009,0.010000000000000002,0.018833333333333334,0.0,0.0,0.0
0.020833333333333332,0.01,0.009000000000000001,0.016666666666666666,0.0,0.0,0.0
0.0265,0.01,0.012166666666666668,0.019500000000000003,0.0,0.0,0.0
0.020999999999999998,0.009999999999999998,0.007999999999999998,0.016,0.0,0.0,0.0
0.017666666666666667,0.010000000000000009,0.004500000000000002,0.016,0.0,0.0,0.0
0.02,0.010000000000000002,0.007666666666666667,0.017166666666666667,0.0,0.0,0.0
0.0145,0.009999999999999998,0.006666666666666669,0.010666666666666668,0.0,0.0,0.0
0.02566666666666667,0.010000000000000009,0.008500000000000004,0.022500000000000006,0.0,0.0,0.0
0.020000000000000004,0.01,0.007833333333333336,0.016,0.0,0.0,0.0
0.02666666666666666,0.010000000000000002,0.010000000000000002,0.021166666666666663,0.0,0.0,0.0
0.01633333333333333,0.01,0.009333333333333334,0.011166666666666668,0.0,0.0,0.0
0.017166666666666667,0.010000000000000009,0.009166666666666667,0.012666666666666668,0.0,0.0,0.0
0.019999999999999997,0.010000000000000005,0.007166666666666669,0.017,0.0,0.0,0.0
0.02333333333333333,0.01,0.014666666666666668,0.016166666666666673,0.0,0.0,0.0
0.021500000000000002,0.01,0.009666666666666667,0.017,0.0,0.0,0.0
0.021333333333333333,0.010000000000000002,0.008833333333333334,0.016000000000000004,0.0,0.0,0.0
0.02466666666666667,0.01,0.010000000000000002,0.018833333333333334,0.0,0.0,0.0
0.021333333333333336,0.010000000000000005,0.007500000000000003,0.018666666666666668,0.0,0.0,0.0
0.020833333333333336,0.010000000000000009,0.010666666666666673,0.017833333333333333,0.0,0.0,0.0
0.027166666666666665,0.010000000000000005,0.015166666666666669,0.018833333333333337,0.0,0.0,0.0
0.022166666666666668,0.01,0.010000000000000002,0.01766666666666667,0.0,0.0,0.0
0.020166666666666663,0.009999999999999998,0.007666666666666667,0.016,0.0,0.0,0.0
0.033166666666666664,0.010000000000000009,0.012333333333333337,0.028666666666666667,0.0,0.0,0.0
0.02,0.009999999999999998,0.009333333333333334,0.014833333333333336,0.0,0.0,0.0
0.026166666666666668,0.01,0.010333333333333333,0.01916666666666667,0.0,0.0,0.0
0.021166666666666667,0.01,0.014666666666666665,0.012500000000000004,0.0,0.0,0.0
0.025166666666666667,0.010000000000000009,0.008333333333333337,0.022833333333333334,0.0,0.0,0.0
0.027166666666666665,0.010000000000000009,0.008833333333333337,0.023,0.0,0.0,0.0
0.022833333333333327,0.010000000000000009,0.012833333333333334,0.014833333333333334,0.0,0.0,0.0
0.035166666666666666,0.010000000000000009,0.011666666666666669,0.02933333333333333,0.0,0.0,0.0
0.020333333333333335,0.010000000000000005,0.007000000000000003,0.017166666666666667,0.0,0.0,0.0
0.0265,0.010000000000000009,0.012833333333333334,0.018500000000000003,0.0,0.0,0.0
0.024833333333333332,0.010000000000000009,0.011000000000000001,0.018166666666666668,0.0,0.0,0.0
0.023166666666666665,0.01,0.006333333333333333,0.01933333333333333,0.0,0.0,0.0
0.017166666666666663,0.009999999999999998,0.007666666666666668,0.014166666666666668,0.0,0.0,0.0
0.03033333333333333,0.010000000000000009,0.012666666666666665,0.02316666666666667,0.0,0.0,0.0
0.02083333333333333,0.01,0.005333333333333334,0.019,0.0,0.0,0.0
0.021500000000000002,0.01,0.010666666666666668,0.015500000000000005,0.0,0.0,0.0
0.025166666666666667,0.009999999999999998,0.009166666666666667,0.019333333333333334,0.0,0.0,0.0
0.01566666666666667,0.01,0.005666666666666668,0.012666666666666668,0.0,0.0,0.0
0.020833333333333336,0.010000000000000009,0.008333333333333337,0.018333333333333333,0.0,0.0,0.0
0.030999999999999996,0.010000000000000009,0.011500000000000003,0.026000000000000002,0.0,0.0,0.0
0.022333333333333334,0.01,0.00716666666666667,0.0195,0.0,0.0,0.0
0.02,0.010000000000000009,0.006166666666666668,0.016999999999999998,0.0,0.0,0.0
0.022666666666666665,0.01,0.007333333333333336,0.020666666666666667,0.0,0.0,0.0
0.033499999999999995,0.010000000000000009,0.010500000000000002,0.02783333333333333,0.0,0.0,0.0
0.01983333333333333,0.01,0.007333333333333334,0.015499999999999998,0.0,0.0,0.0
0.024333333333333332,0.01,0.010000000000000002,0.020166666666666666,0.0,0.0,0.0
0.02333333333333333,0.010000000000000009,0.008166666666666668,0.019500000000000003,0.0,0.0,0.0
0.023166666666666662,0.010000000000000002,0.009666666666666667,0.01683333333333333,0.0,0.0,0.0
0.025833333333333333,0.010000000000000009,0.009333333333333338,0.023333333333333334,0.0,0.0,0.0
0.017500000000000005,0.01,0.009000000000000003,0.013333333333333336,0.0,0.0,0.0
0.024,0.010000000000000009,0.010000000000000002,0.018166666666666668,0.0,0.0,0.0
0.026166666666666668,0.010000000000000009,0.007500000000000003,0.022333333333333334,0.0,0.0,0.0
0.02133333333333333,0.01,0.012833333333333334,0.014166666666666666,0.0,0.0,0.0
0.02366666666666667,0.01,0.009000000000000001,0.018166666666666668,0.0,0.0,0.0
0.019500000000000003,0.010000000000000009,0.009833333333333335,0.016000000000000004,0.0,0.0,0.0
0.019500000000000003,0.010000000000000002,0.006500000000000002,0.016833333333333332,0.0,0.0,0.0
0.0245,0.010000000000000009,0.011500000000000003,0.01916666666666667,0.0,0.0,0.0
0.032,0.010000000000000009,0.01116666666666667,0.025666666666666667,0.0,0.0,0.0
0.018000000000000002,0.01,0.007333333333333334,0.014166666666666668,0.0,0.0,0.0
0.01983333333333333,0.010000000000000009,0.008666666666666666,0.015000000000000001,0.0,0.0,0.0
0.018500000000000006,0.010000000000000009,0.008166666666666671,0.0165,0.0,0.0,0.0
0.029,0.010000000000000009,0.010666666666666673,0.025333333333333333,0.0,0.0,0.0
0.029500000000000005,0.010000000000000009,0.013000000000000005,0.025000000000000005,0.0,0.0,0.0
0.029333333333333333,0.010000000000000009,0.011666666666666667,0.021833333333333333,0.0,0.0,0.0
0.024833333333333332,0.010000000000000009,0.009333333333333336,0.019833333333333335,0.0,0.0,0.0
0.024333333333333335,0.010000000000000005,0.009666666666666669,0.019500000000000003,0.0,0.0,0.0
0.022,0.010000000000000009,0.008833333333333334,0.019166666666666665,0.0,0.0,0.0
0.019333333333333334,0.01,0.01016666666666667,0.01516666666666667,0.0,0.0,0.0
0.026166666666666668,0.010000000000000005,0.009166666666666667,0.021333333333333333,0.0,0.0,0.0
0.022500000000000003,0.010000000000000005,0.010833333333333335,0.016333333333333335,0.0,0.0,0.0
0.023500000000000004,0.010000000000000002,0.008833333333333335,0.019166666666666665,0.0,0.0,0.0
0.023499999999999997,0.01,0.011833333333333333,0.0165,0.0,0.0,0.0
0.022000000000000002,0.010000000000000002,0.009166666666666667,0.018000000000000002,0.0,0.0,0.0
0.012833333333333337,0.009999999999999998,0.005333333333333337,0.011333333333333336,0.0,0.0,0.0
0.021833333333333333,0.01,0.01366666666666667,0.014000000000000002,0.0,0.0,0.0
0.01933333333333333,0.010000000000000009,0.008000000000000002,0.014999999999999998,0.0,0.0,0.0
0.024499999999999997,0.01,0.005666666666666668,0.021500000000000002,0.0,0.0,0.0
0.018500000000000003,0.009999999999999998,0.008500000000000002,0.014500000000000002,0.0,0.0,0.0
0.0245,0.010000000000000005,0.011833333333333335,0.01833333333333333,0.0,0.0,0.0
0.020833333333333336,0.01,0.013666666666666667,0.013833333333333338,0.0,0.0,0.0
0.020000000000000004,0.010000000000000009,0.009833333333333336,0.014500000000000002,0.0,0.0,0.0
0.02633333333333333,0.010000000000000009,0.013166666666666669,0.01916666666666667,0.0,0.0,0.0
0.021833333333333333,0.010000000000000009,0.012833333333333334,0.013833333333333338,0.0,0.0,0.0
0.024666666666666663,0.010000000000000002,0.0085,0.02083333333333333,0.0,0.0,0.0
0.018333333333333333,0.01,0.008833333333333334,0.013666666666666667,0.0,0.0,0.0
0.026000000000000002,0.009999999999999998,0.008500000000000002,0.021833333333333333,0.0,0.0,0.0
0.021500000000000002,0.010000000000000005,0.005500000000000003,0.02066666666666667,0.0,0.0,0.0
0.030999999999999996,0.010000000000000009,0.0105,0.026333333333333334,0.0,0.0,0.0
0.02133333333333333,0.010000000000000009,0.0068333333333333345,0.018333333333333333,0.0,0.0,0.0
0.020999999999999998,0.01,0.011500000000000005,0.017833333333333333,0.0,0.0,0.0
0.022666666666666665,0.010000000000000009,0.012666666666666666,0.015000000000000003,0.0,0.0,0.0
0.014333333333333333,0.01,0.005833333333333334,0.011833333333333335,0.0,0.0,0.0
0.025500000000000002,0.010000000000000009,0.013000000000000005,0.018500000000000003,0.0,0.0,0.0
0.024333333333333332,0.009999999999999998,0.011833333333333333,0.017166666666666667,0.0,0.0,0.0
0.029999999999999995,0.010000000000000009,0.008333333333333333,0.0265,0.0,0.0,0.0
0.031000000000000003,0.010000000000000009,0.012666666666666666,0.02366666666666667,0.0,0.0,0.0
0.026000000000000002,0.010000000000000009,0.011166666666666668,0.020333333333333335,0.0,0.0,0.0
0.02833333333333333,0.010000000000000009,0.009666666666666665,0.022,0.0,0.0,0.0
0.025000000000000005,0.010000000000000009,0.01216666666666667,0.02016666666666667,0.0,0.0,0.0
0.02316666666666667,0.010000000000000002,0.011833333333333335,0.0165,0.0,0.0,0.0
0.024666666666666667,0.01,0.010000000000000002,0.01933333333333333,0.0,0.0,0.0
0.024500000000000004,0.010000000000000009,0.007000000000000001,0.020833333333333332,0.0,0.0,0.0
0.022000000000000002,0.010000000000000009,0.009500000000000001,0.017833333333333333,0.0,0.0,0.0
0.01616666666666667,0.01,0.009333333333333334,0.011333333333333336,0.0,0.0,0.0
0.021333333333333333,0.010000000000000009,0.011333333333333336,0.016000000000000004,0.0,0.0,0.0
0.025,0.01,0.011833333333333335,0.017666666666666667,0.0,0.0,0.0
0.023666666666666666,0.010000000000000009,0.011000000000000003,0.018166666666666668,0.0,0.0,0.0
0.026333333333333334,0.010000000000000002,0.008833333333333334,0.022166666666666668,0.0,0.0,0.0
0.015500000000000002,0.01,0.006166666666666668,0.012333333333333333,0.0,0.0,0.0
0.021166666666666663,0.010000000000000002,0.011166666666666665,0.013166666666666667,0.0,0.0,0.0
0.02283333333333333,0.010000000000000009,0.009500000000000001,0.018000000000000002,0.0,0.0,0.0
0.036833333333333336,0.010000000000000009,0.019000000000000003,0.025500000000000002,0.0,0.0,0.0
0.027833333333333335,0.010000000000000009,0.009500000000000005,0.024833333333333336,0.0,0.0,0.0
0.017833333333333333,0.01,0.010166666666666668,0.012166666666666668,0.0,0.0,0.0
0.020666666666666667,0.010000000000000009,0.008500000000000004,0.017833333333333333,0.0,0.0,0.0
0.022999999999999996,0.010000000000000002,0.007166666666666667,0.018,0.0,0.0,0.0
0.01966666666666667,0.010000000000000002,0.009166666666666667,0.01616666666666667,0.0,0.0,0.0
0.022333333333333334,0.010000000000000009,0.012833333333333337,0.015666666666666672,0.0,0.0,0.0
0.02983333333333333,0.010000000000000009,0.010333333333333337,0.026500000000000003,0.0,0.0,0.0
0.020000000000000004,0.010000000000000009,0.007833333333333338,0.01816666666666667,0.0,0.0,0.0
0.01783333333333333,0.01,0.008,0.014000000000000002,0.0,0.0,0.0
0.02516666666666667,0.010000000000000005,0.011166666666666668,0.021,0.0,0.0,0.0
0.021833333333333333,0.010000000000000009,0.009333333333333336,0.017833333333333333,0.0,0.0,0.0
0.0165,0.01,0.008500000000000004,0.014333333333333335,0.0,0.0,0.0
0.033499999999999995,0.010000000000000009,0.01616666666666667,0.024333333333333332,0.0,0.0,0.0
0.025000000000000005,0.010000000000000009,0.014833333333333337,0.017500000000000005,0.0,0.0,0.0
0.025166666666666667,0.010000000000000009,0.012500000000000002,0.019000000000000003,0.0,0.0,0.0
0.02266666666666667,0.010000000000000002,0.006666666666666669,0.019666666666666666,0.0,0.0,0.0
0.016000000000000004,0.009999999999999998,0.007333333333333337,0.012500000000000004,0.0,0.0,0.0
0.022166666666666664,0.010000000000000009,0.010666666666666668,0.0175,0.0,0.0,0.0
0.027333333333333334,0.010000000000000009,0.008000000000000002,0.02333333333333333,0.0,0.0,0.0
0.030999999999999996,0.010000000000000009,0.012833333333333334,0.02366666666666667,0.0,0.0,0.0
0.023000000000000003,0.010000000000000009,0.009333333333333334,0.018500000000000003,0.0,0.0,0.0
0.023,0.009999999999999998,0.01,0.017,0.0,0.0,0.0
0.015000000000000001,0.01,0.006500000000000001,0.011666666666666669,0.0,0.0,0.0
0.030666666666666665,0.010000000000000009,0.010500000000000002,0.025333333333333333,0.0,0.0,0.0
0.027,0.010000000000000009,0.01566666666666667,0.01766666666666667,0.0,0.0,0.0
0.028166666666666663,0.010000000000000009,0.007500000000000002,0.024333333333333332,0.0,0.0,0.0
0.01933333333333333,0.009999999999999998,0.007666666666666669,0.015166666666666667,0.0,0.0,0.0
0.026,0.010000000000000005,0.011000000000000001,0.01883333333333333,0.0,0.0,0.0
0.01883333333333333,0.009999999999999998,0.005000000000000001,0.016666666666666666,0.0,0.0,0.0
0.025333333333333333,0.010000000000000009,0.010000000000000002,0.02016666666666667,0.0,0.0,0.0
0.023500000000000004,0.010000000000000009,0.012166666666666668,0.017833333333333333,0.0,0.0,0.0
0.019333333333333334,0.010000000000000009,0.006500000000000003,0.016666666666666666,0.0,0.0,0.0
0.0245,0.010000000000000009,0.0058333333333333345,0.022166666666666668,0.0,0.0,0.0
0.024666666666666667,0.010000000000000002,0.010000000000000005,0.020833333333333332,0.0,0.0,0.0
0.02583333333333333,0.010000000000000009,0.009500000000000001,0.022,0.0,0.0,0.0
0.03433333333333333,0.010000000000000009,0.009000000000000003,0.030666666666666665,0.0,0.0,0.0
0.018500000000000003,0.010000000000000009,0.008333333333333335,0.014666666666666668,0.0,0.0,0.0
0.019833333333333335,0.01,0.008666666666666668,0.015333333333333334,0.0,0.0,0.0
0.026000000000000002,0.010000000000000009,0.010666666666666668,0.020500000000000004,0.0,0.0,0.0
0.01833333333333333,0.009999999999999998,0.009833333333333335,0.012500000000000002,0.0,0.0,0.0
0.029333333333333333,0.010000000000000009,0.013000000000000001,0.021500000000000002,0.0,0.0,0.0
0.013166666666666667,0.009999999999999998,0.003333333333333335,0.012,0.0,0.0,0.0
0.028833333333333332,0.010000000000000009,0.014000000000000002,0.021166666666666667,0.0,0.0,0.0
0.026000000000000002,0.010000000000000009,0.014166666666666668,0.018000000000000006,0.0,0.0,0.0
0.03183333333333334,0.010000000000000009,0.011166666666666668,0.026500000000000003,0.0,0.0,0.0
0.024,0.010000000000000009,0.009000000000000001,0.01966666666666667,0.0,0.0,0.0
0.022500000000000003,0.010000000000000002,0.006833333333333336,0.020166666666666666,0.0,0.0,0.0
0.018666666666666668,0.009999999999999998,0.008333333333333333,0.014500000000000002,0.0,0.0,0.0
0.02183333333333333,0.009999999999999998,0.007000000000000001,0.018166666666666668,0.0,0.0,0.0
0.026333333333333334,0.010000000000000009,0.009666666666666667,0.0225,0.0,0.0,0.0
0.021666666666666664,0.010000000000000002,0.011666666666666667,0.014999999999999998,0.0,0.0,0.0
0.01616666666666667,0.009999999999999998,0.008166666666666668,0.011500000000000005,0.0,0.0,0.0
0.021500000000000002,0.01,0.010833333333333332,0.015000000000000001,0.0,0.0,0.0
0.023833333333333335,0.010000000000000005,0.008000000000000004,0.020666666666666667,0.0,0.0,0.0
0.01983333333333333,0.01,0.014333333333333335,0.01166666666666667,0.0,0.0,0.0
0.028999999999999995,0.01,0.013500000000000002,0.020500000000000004,0.0,0.0,0.0
0.029,0.01,0.011166666666666667,0.023000000000000003,0.0,0.0,0.0
0.018500000000000003,0.010000000000000009,0.010333333333333335,0.013000000000000003,0.0,0.0,0.0
0.019,0.010000000000000009,0.01016666666666667,0.014500000000000004,0.0,0.0,0.0
0.010833333333333335,0.0,0.006166666666666668,0.008833333333333335,0.0,0.0,0.0
0.026166666666666668,0.010000000000000009,0.01166666666666667,0.021500000000000002,0.0,0.0,0.0
0.0245,0.010000000000000009,0.011833333333333333,0.017833333333333333,0.0,0.0,0.0
0.019833333333333328,0.01,0.008000000000000002,0.01816666666666666,0.0,0.0,0.0
0.027666666666666666,0.010000000000000009,0.012666666666666666,0.02183333333333333,0.0,0.0,0.0
0.014833333333333334,0.004999999999999999,0.0075000000000000015,0.010500000000000002,0.0,0.0,0.0
0.023333333333333334,0.010000000000000009,0.011000000000000005,0.018833333333333334,0.0,0.0,0.0
0.026833333333333327,0.010000000000000002,0.009500000000000003,0.02283333333333333,0.0,0.0,0.0
0.016833333333333332,0.010000000000000002,0.005500000000000001,0.014500000000000002,0.0,0.0,0.0
0.02333333333333333,0.010000000000000005,0.011833333333333335,0.017833333333333333,0.0,0.0,0.0
0.022000000000000002,0.010000000000000005,0.007666666666666668,0.017333333333333333,0.0,0.0,0.0
0.02333333333333333,0.010000000000000002,0.012333333333333333,0.016666666666666666,0.0,0.0,0.0
0.024333333333333332,0.01,0.010500000000000002,0.018333333333333333,0.0,0.0,0.0
0.02316666666666667,0.010000000000000002,0.011333333333333336,0.017499999999999998,0.0,0.0,0.0
0.022000000000000002,0.010000000000000009,0.010166666666666668,0.016333333333333335,0.0,0.0,0.0
0.02083333333333333,0.01,0.004666666666666667,0.01883333333333333,0.0,0.0,0.0
0.02366666666666667,0.010000000000000009,0.013833333333333331,0.014833333333333337,0.0,0.0,0.0
0.028500000000000004,0.010000000000000009,0.018333333333333333,0.01716666666666667,0.0,0.0,0.0
0.019333333333333334,0.010000000000000009,0.010666666666666668,0.014166666666666671,0.0,0.0,0.0
0.03433333333333333,0.010000000000000009,0.0145,0.027,0.0,0.0,0.0
0.024833333333333336,0.010000000000000009,0.009666666666666669,0.02166666666666667,0.0,0.0,0.0
0.023166666666666665,0.01,0.007833333333333335,0.020833333333333332,0.0,0.0,0.0
0.025833333333333333,0.010000000000000009,0.009000000000000003,0.021500000000000005,0.0,0.0,0.0
0.023166666666666665,0.010000000000000009,0.011666666666666667,0.016833333333333332,0.0,0.0,0.0
0.0255,0.010000000000000009,0.010666666666666668,0.019500000000000003,0.0,0.0,0.0
0.013833333333333335,0.009999999999999998,0.006000000000000003,0.011166666666666667,0.0,0.0,0.0
0.02016666666666667,0.010000000000000009,0.005666666666666668,0.0175,0.0,0.0,0.0
0.02233333333333333,0.010000000000000009,0.011666666666666667,0.01583333333333333,0.0,0.0,0.0
0.027000000000000003,0.010000000000000005,0.012666666666666668,0.020000000000000004,0.0,0.0,0.0
0.018333333333333326,0.009999999999999998,0.004333333333333334,0.01683333333333333,0.0,0.0,0.0
0.01916666666666667,0.010000000000000009,0.008333333333333335,0.015833333333333335,0.0,0.0,0.0
0.016666666666666666,0.009999999999999998,0.006000000000000001,0.013833333333333333,0.0,0.0,0.0
0.024666666666666663,0.010000000000000005,0.012833333333333332,0.01616666666666667,0.0,0.0,0.0
0.018166666666666668,0.009999999999999998,0.0105,0.012500000000000004,0.0,0.0,0.0
0.029666666666666657,0.010000000000000009,0.0115,0.023666666666666662,0.0,0.0,0.0
0.028,0.01,0.011166666666666667,0.020666666666666663,0.0,0.0,0.0
0.0325,0.010000000000000009,0.013333333333333334,0.025333333333333336,0.0,0.0,0.0
0.02,0.010000000000000009,0.008833333333333334,0.015166666666666665,0.0,0.0,0.0
0.02,0.01,0.007666666666666669,0.016999999999999998,0.0,0.0,0.0
0.023166666666666665,0.009999999999999998,0.008166666666666671,0.020666666666666663,0.0,0.0,0.0
0.020833333333333332,0.010000000000000009,0.008666666666666666,0.015833333333333335,0.0,0.0,0.0
0.027666666666666662,0.01,0.009333333333333336,0.024666666666666667,0.0,0.0,0.0
0.017,0.01,0.0065000000000000014,0.014666666666666666,0.0,0.0,0.0
0.023666666666666666,0.01,0.008666666666666666,0.019166666666666665,0.0,0.0,0.0
0.0165,0.010000000000000005,0.005833333333333335,0.015000000000000001,0.0,0.0,0.0
0.014500000000000002,0.01,0.005500000000000002,0.012666666666666666,0.0,0.0,0.0
0.025333333333333333,0.010000000000000005,0.010166666666666668,0.020500000000000004,0.0,0.0,0.0
0.022833333333333334,0.010000000000000009,0.009000000000000005,0.018666666666666668,0.0,0.0,0.0
0.03166666666666666,0.010000000000000009,0.012000000000000002,0.024500000000000004,0.0,0.0,0.0
0.017166666666666667,0.01,0.007666666666666668,0.013000000000000001,0.0,0.0,0.0
0.020000000000000004,0.010000000000000002,0.0085,0.016333333333333335,0.0,0.0,0.0
0.024500000000000004,0.010000000000000009,0.013500000000000002,0.01666666666666667,0.0,0.0,0.0
0.01833333333333333,0.01,0.009000000000000001,0.012666666666666666,0.0,0.0,0.0
0.024166666666666663,0.010000000000000009,0.010833333333333334,0.01883333333333333,0.0,0.0,0.0
0.02516666666666667,0.010000000000000009,0.013000000000000001,0.018833333333333334,0.0,0.0,0.0
0.028499999999999994,0.010000000000000009,0.010833333333333335,0.023166666666666665,0.0,0.0,0.0
0.0205,0.010000000000000005,0.006166666666666668,0.0185,0.0,0.0,0.0
0.019833333333333335,0.01,0.007666666666666667,0.015166666666666667,0.0,0.0,0.0
0.016666666666666666,0.01,0.005333333333333337,0.015166666666666665,0.0,0.0,0.0
0.022000000000000002,0.01,0.007500000000000002,0.019666666666666666,0.0,0.0,0.0
0.022000000000000002,0.01,0.015000000000000001,0.012333333333333339,0.0,0.0,0.0
0.023500000000000004,0.010000000000000005,0.013166666666666669,0.016833333333333332,0.0,0.0,0.0
0.02683333333333333,0.010000000000000009,0.015000000000000003,0.018500000000000006,0.0,0.0,0.0
0.0235,0.010000000000000002,0.009833333333333335,0.01766666666666667,0.0,0.0,0.0
0.021,0.010000000000000009,0.011,0.014000000000000002,0.0,0.0,0.0
0.024166666666666666,0.009999999999999998,0.0038333333333333336,0.02183333333333333,0.0,0.0,0.0
0.028,0.010000000000000009,0.015000000000000003,0.01983333333333333,0.0,0.0,0.0
0.022000000000000002,0.010000000000000009,0.008833333333333335,0.018333333333333333,0.0,0.0,0.0
0.021333333333333333,0.010000000000000009,0.013333333333333338,0.014000000000000002,0.0,0.0,0.0
0.0245,0.01,0.010833333333333335,0.017666666666666667,0.0,0.0,0.0
0.021833333333333333,0.01,0.004833333333333334,0.018833333333333334,0.0,0.0,0.0
0.014833333333333334,0.01,0.004333333333333336,0.013833333333333333,0.0,0.0,0.0
0.023333333333333327,0.010000000000000005,0.008000000000000002,0.018999999999999996,0.0,0.0,0.0
0.018000000000000002,0.010000000000000002,0.01016666666666667,0.014166666666666668,0.0,0.0,0.0
0.025333333333333333,0.010000000000000009,0.012500000000000002,0.0195,0.0,0.0,0.0
0.0225,0.010000000000000009,0.008666666666666668,0.018833333333333334,0.0,0.0,0.0
0.025,0.010000000000000009,0.013666666666666667,0.018166666666666668,0.0,0.0,0.0
0.02333333333333333,0.010000000000000002,0.014333333333333333,0.014666666666666668,0.0,0.0,0.0
0.01883333333333333,0.010000000000000002,0.008666666666666666,0.012666666666666666,0.0,0.0,0.0
0.019500000000000003,0.01,0.009000000000000005,0.016833333333333332,0.0,0.0,0.0
0.023000000000000003,0.010000000000000005,0.008833333333333334,0.017666666666666667,0.0,0.0,0.0
0.021666666666666667,0.010000000000000009,0.0068333333333333345,0.019000000000000003,0.0,0.0,0.0
0.02333333333333333,0.010000000000000002,0.0125,0.016333333333333335,0.0,0.0,0.0
0.020666666666666667,0.010000000000000005,0.007166666666666669,0.018333333333333333,0.0,0.0,0.0
0.021666666666666667,0.009999999999999998,0.011166666666666668,0.015000000000000001,0.0,0.0,0.0
0.0275,0.010000000000000009,0.008500000000000002,0.024,0.0,0.0,0.0
0.029499999999999995,0.010000000000000009,0.010500000000000002,0.023500000000000004,0.0,0.0,0.0
0.025666666666666667,0.010000000000000002,0.009333333333333338,0.021833333333333333,0.0,0.0,0.0
0.028833333333333332,0.010000000000000009,0.014500000000000002,0.020666666666666667,0.0,0.0,0.0
0.022666666666666665,0.009999999999999998,0.0095,0.017,0.0,0.0,0.0
0.028166666666666666,0.010000000000000009,0.013166666666666667,0.021,0.0,0.0,0.0
0.018666666666666668,0.004999999999999999,0.008166666666666666,0.015166666666666669,0.0,0.0,0.0
0.018000000000000002,0.010000000000000005,0.009500000000000003,0.013333333333333336,0.0,0.0,0.0
0.018000000000000006,0.010000000000000009,0.007333333333333335,0.015333333333333336,0.0,0.0,0.0
0.023833333333333328,0.01,0.011000000000000003,0.0185,0.0,0.0,0.0
0.01983333333333333,0.010000000000000002,0.007833333333333335,0.016,0.0,0.0,0.0
0.028333333333333325,0.010000000000000009,0.0145,0.01883333333333333,0.0,0.0,0.0
0.025,0.010000000000000009,0.009166666666666667,0.021,0.0,0.0,0.0
0.022500000000000003,0.010000000000000009,0.008833333333333337,0.01916666666666667,0.0,0.0,0.0
0.024000000000000004,0.010000000000000009,0.011000000000000003,0.019000000000000003,0.0,0.0,0.0
0.02316666666666667,0.01,0.0125,0.017166666666666667,0.0,0.0,0.0
0.029333333333333333,0.010000000000000009,0.011666666666666665,0.022000000000000006,0.0,0.0,0.0
0.028166666666666666,0.010000000000000009,0.013000000000000001,0.021,0.0,0.0,0.0
0.015166666666666669,0.01,0.010333333333333335,0.008833333333333335,0.0,0.0,0.0
0.027166666666666665,0.01,0.009333333333333334,0.020833333333333332,0.0,0.0,0.0
0.016,0.01,0.00766666666666667,0.013666666666666667,0.0,0.0,0.0
0.019333333333333334,0.010000000000000002,0.009500000000000001,0.012833333333333335,0.0,0.0,0.0
0.029999999999999995,0.010000000000000009,0.012666666666666668,0.023166666666666665,0.0,0.0,0.0
0.02483333333333333,0.010000000000000009,0.0085,0.01916666666666667,0.0,0.0,0.0
0.019833333333333335,0.01,0.006500000000000002,0.01566666666666667,0.0,0.0,0.0
0.02816666666666667,0.010000000000000009,0.012500000000000002,0.020833333333333332,0.0,0.0,0.0
0.024000000000000004,0.010000000000000002,0.010333333333333335,0.018000000000000002,0.0,0.0,0.0
0.02316666666666667,0.010000000000000009,0.011666666666666667,0.016833333333333336,0.0,0.0,0.0
0.024666666666666667,0.01,0.012166666666666666,0.017833333333333336,0.0,0.0,0.0
0.031166666666666662,0.010000000000000009,0.007833333333333336,0.0275,0.0,0.0,0.0
0.028499999999999994,0.010000000000000005,0.010166666666666668,0.023499999999999997,0.0,0.0,0.0
0.027833333333333335,0.010000000000000009,0.012000000000000004,0.02316666666666667,0.0,0.0,0.0
0.02533333333333333,0.010000000000000005,0.010666666666666666,0.01983333333333333,0.0,0.0,0.0
0.024666666666666667,0.010000000000000009,0.013333333333333334,0.018000000000000006,0.0,0.0,0.0
0.02166666666666667,0.01,0.008000000000000002,0.018500000000000003,0.0,0.0,0.0
0.023000000000000003,0.010000000000000009,0.008333333333333333,0.017666666666666667,0.0,0.0,0.0
0.0275,0.010000000000000005,0.011166666666666667,0.022500000000000003,0.0,0.0,0.0
0.01883333333333333,0.009999999999999998,0.006500000000000003,0.015666666666666666,0.0,0.0,0.0
0.022000000000000006,0.010000000000000002,0.011000000000000003,0.016666666666666666,0.0,0.0,0.0
0.02933333333333333,0.010000000000000009,0.014333333333333333,0.021833333333333333,0.0,0.0,0.0
0.024166666666666666,0.010000000000000009,0.008833333333333334,0.020999999999999998,0.0,0.0,0.0
0.024999999999999998,0.010000000000000009,0.013000000000000005,0.020000000000000004,0.0,0.0,0.0
0.019666666666666666,0.01,0.006666666666666668,0.017,0.0,0.0,0.0
0.024499999999999997,0.010000000000000005,0.008,0.01983333333333333,0.0,0.0,0.0
0.018833333333333334,0.010000000000000005,0.012666666666666668,0.011000000000000003,0.0,0.0,0.0
0.018000000000000002,0.01,0.007833333333333336,0.014333333333333335,0.0,0.0,0.0
0.03133333333333334,0.010000000000000009,0.013666666666666669,0.02366666666666667,0.0,0.0,0.0
0.024333333333333332,0.010000000000000009,0.009000000000000001,0.021333333333333333,0.0,0.0,0.0
0.03633333333333333,0.010000000000000009,0.011833333333333333,0.029666666666666668,0.0,0.0,0.0
0.021500000000000005,0.01,0.006833333333333334,0.018500000000000003,0.0,0.0,0.0
0.03066666666666667,0.010000000000000009,0.011333333333333334,0.024666666666666667,0.0,0.0,0.0
0.017166666666666667,0.009999999999999998,0.0065000000000000014,0.013333333333333334,0.0,0.0,0.0
0.022333333333333337,0.010000000000000005,0.010833333333333335,0.015833333333333335,0.0,0.0,0.0
0.020833333333333332,0.01,0.01016666666666667,0.014666666666666668,0.0,0.0,0.0
0.02633333333333333,0.010000000000000009,0.011500000000000003,0.021333333333333336,0.0,0.0,0.0
0.019333333333333334,0.009999999999999998,0.007833333333333336,0.016499999999999997,0.0,0.0,0.0
0.018166666666666668,0.01,0.008333333333333333,0.012833333333333334,0.0,0.0,0.0
0.026000000000000002,0.010000000000000009,0.010166666666666673,0.0225,0.0,0.0,0.0
0.021500000000000005,0.01,0.009666666666666667,0.01666666666666667,0.0,0.0,0.0
0.02066666666666667,0.01,0.008000000000000004,0.01833333333333333,0.0,0.0,0.0
0.022333333333333337,0.010000000000000009,0.014333333333333337,0.014500000000000006,0.0,0.0,0.0
0.019500000000000003,0.01,0.0125,0.012833333333333335,0.0,0.0,0.0
0.027666666666666666,0.010000000000000009,0.013833333333333333,0.018500000000000003,0.0,0.0,0.0
0.026166666666666664,0.010000000000000009,0.009333333333333334,0.02083333333333333,0.0,0.0,0.0
0.029666666666666664,0.010000000000000009,0.014666666666666668,0.02183333333333333,0.0,0.0,0.0
0.025833333333333333,0.01,0.015666666666666666,0.015166666666666669,0.0,0.0,0.0
0.024666666666666667,0.010000000000000009,0.008000000000000002,0.020833333333333332,0.0,0.0,0.0
0.015333333333333336,0.01,0.007000000000000004,0.012000000000000004,0.0,0.0,0.0
0.018166666666666668,0.01,0.0058333333333333345,0.0165,0.0,0.0,0.0
0.025166666666666667,0.010000000000000009,0.013500000000000002,0.019500000000000003,0.0,0.0,0.0
0.0245,0.010000000000000009,0.012000000000000002,0.019500000000000003,0.0,0.0,0.0
0.030000000000000002,0.010000000000000009,0.015500000000000005,0.02316666666666667,0.0,0.0,0.0
0.03133333333333333,0.010000000000000009,0.009166666666666672,0.028666666666666667,0.0,0.0,0.0
0.019666666666666666,0.010000000000000002,0.009666666666666667,0.014666666666666668,0.0,0.0,0.0
0.025333333333333333,0.010000000000000009,0.016333333333333335,0.015333333333333336,0.0,0.0,0.0
0.01716666666666667,0.009999999999999998,0.011166666666666668,0.01216666666666667,0.0,0.0,0.0
0.028166666666666666,0.010000000000000002,0.009000000000000005,0.0235,0.0,0.0,0.0
0.026,0.010000000000000009,0.011000000000000003,0.021166666666666667,0.0,0.0,0.0
0.022500000000000003,0.01,0.005166666666666669,0.020833333333333332,0.0,0.0,0.0
0.018500000000000003,0.01,0.009333333333333338,0.014500000000000002,0.0,0.0,0.0
0.020833333333333332,0.01,0.006000000000000002,0.018166666666666664,0.0,0.0,0.0
0.02333333333333333,0.01,0.010666666666666668,0.017333333333333333,0.0,0.0,0.0
0.025333333333333333,0.010000000000000002,0.012500000000000002,0.017333333333333333,0.0,0.0,0.0
0.028666666666666663,0.010000000000000009,0.011666666666666665,0.021333333333333333,0.0,0.0,0.0
0.01883333333333333,0.009999999999999998,0.0058333333333333345,0.015833333333333335,0.0,0.0,0.0
0.026000000000000002,0.01,0.013333333333333332,0.0175,0.0,0.0,0.0
0.023000000000000003,0.010000000000000009,0.008333333333333337,0.019333333333333334,0.0,0.0,0.0
0.022166666666666668,0.010000000000000002,0.013000000000000001,0.015833333333333335,0.0,0.0,0.0
0.02733333333333333,0.010000000000000005,0.010833333333333335,0.021833333333333333,0.0,0.0,0.0
0.028833333333333332,0.010000000000000009,0.013000000000000003,0.021500000000000002,0.0,0.0,0.0
0.018500000000000003,0.01,0.006166666666666668,0.01616666666666667,0.0,0.0,0.0
0.026833333333333334,0.010000000000000009,0.01666666666666667,0.018500000000000006,0.0,0.0,0.0
0.025333333333333333,0.01,0.0068333333333333345,0.02183333333333333,0.0,0.0,0.0
0.02666666666666666,0.01,0.011000000000000001,0.020333333333333328,0.0,0.0,0.0
0.01933333333333333,0.009999999999999998,0.0068333333333333345,0.015666666666666666,0.0,0.0,0.0
0.01883333333333333,0.010000000000000002,0.012666666666666668,0.013333333333333338,0.0,0.0,0.0
0.0245,0.010000000000000009,0.015333333333333336,0.01616666666666667,0.0,0.0,0.0
0.03283333333333333,0.010000000000000009,0.015666666666666666,0.023000000000000003,0.0,0.0,0.0
0.0265,0.010000000000000009,0.013000000000000001,0.01883333333333333,0.0,0.0,0.0
0.023833333333333328,0.01,0.007000000000000003,0.0215,0.0,0.0,0.0
0.018000000000000002,0.01,0.0066666666666666706,0.015500000000000002,0.0,0.0,0.0
0.018166666666666668,0.009999999999999998,0.00566666666666667,0.015166666666666667,0.0,0.0,0.0
0.02266666666666666,0.010000000000000009,0.010000000000000002,0.017166666666666667,0.0,0.0,0.0
0.01933333333333333,0.010000000000000009,0.00466666666666667,0.018000000000000002,0.0,0.0,0.0
0.016666666666666666,0.010000000000000005,0.005500000000000003,0.015166666666666667,0.0,0.0,0.0
0.024499999999999997,0.01,0.012500000000000002,0.01816666666666667,0.0,0.0,0.0
0.020833333333333332,0.01,0.011833333333333333,0.013833333333333336,0.0,0.0,0.0
0.026166666666666668,0.009999999999999998,0.009666666666666667,0.02166666666666667,0.0,0.0,0.0
0.028,0.010000000000000005,0.009000000000000001,0.023,0.0,0.0,0.0
0.024833333333333332,0.010000000000000009,0.010666666666666666,0.018833333333333334,0.0,0.0,0.0
0.028833333333333325,0.01,0.012166666666666666,0.0215,0.0,0.0,0.0
0.017166666666666667,0.009999999999999998,0.011000000000000003,0.010833333333333335,0.0,0.0,0.0
0.023166666666666662,0.01,0.011000000000000003,0.018666666666666665,0.0,0.0,0.0
0.035333333333333335,0.010000000000000009,0.011666666666666669,0.031000000000000003,0.0,0.0,0.0
0.024499999999999997,0.010000000000000009,0.011166666666666667,0.01983333333333333,0.0,0.0,0.0
0.021166666666666667,0.01,0.012000000000000002,0.015833333333333338,0.0,0.0,0.0
0.026000000000000002,0.010000000000000009,0.010333333333333337,0.021500000000000002,0.0,0.0,0.0
0.021333333333333333,0.010000000000000009,0.009000000000000003,0.01716666666666667,0.0,0.0,0.0
0.01833333333333333,0.009999999999999998,0.008500000000000002,0.013833333333333335,0.0,0.0,0.0
0.027666666666666662,0.010000000000000009,0.010333333333333337,0.02383333333333333,0.0,0.0,0.0
0.01983333333333333,0.01,0.009666666666666669,0.015333333333333336,0.0,0.0,0.0
0.02583333333333333,0.010000000000000009,0.0058333333333333345,0.023666666666666666,0.0,0.0,0.0
0.025833333333333333,0.010000000000000009,0.014166666666666668,0.018666666666666668,0.0,0.0,0.0
0.023333333333333334,0.010000000000000009,0.012000000000000002,0.0165,0.0,0.0,0.0
0.019500000000000003,0.010000000000000005,0.0085,0.014833333333333336,0.0,0.0,0.0
0.02066666666666667,0.010000000000000005,0.012333333333333337,0.014833333333333336,0.0,0.0,0.0
0.025166666666666667,0.010000000000000009,0.012500000000000002,0.018333333333333333,0.0,0.0,0.0
0.020333333333333335,0.010000000000000009,0.009166666666666668,0.016,0.0,0.0,0.0
0.018666666666666668,0.010000000000000009,0.0085,0.014666666666666668,0.0,0.0,0.0
0.019000000000000003,0.010000000000000002,0.006833333333333335,0.016333333333333335,0.0,0.0,0.0
0.022333333333333334,0.01,0.009666666666666667,0.016000000000000004,0.0,0.0,0.0
0.0245,0.010000000000000009,0.013000000000000005,0.018000000000000002,0.0,0.0,0.0
0.017166666666666667,0.010000000000000002,0.008166666666666668,0.013500000000000005,0.0,0.0,0.0
0.02533333333333333,0.010000000000000002,0.010000000000000004,0.020166666666666666,0.0,0.0,0.0
0.02616666666666667,0.010000000000000005,0.014333333333333333,0.016166666666666673,0.0,0.0,0.0
0.021,0.010000000000000009,0.009666666666666667,0.015166666666666669,0.0,0.0,0.0
0.032999999999999995,0.010000000000000009,0.010500000000000002,0.02633333333333333,0.0,0.0,0.0
0.01883333333333333,0.01,0.006166666666666667,0.01533333333333333,0.0,0.0,0.0
0.027666666666666666,0.010000000000000009,0.007333333333333336,0.02533333333333333,0.0,0.0,0.0
0.022500000000000003,0.010000000000000009,0.010166666666666668,0.01966666666666667,0.0,0.0,0.0
0.027333333333333328,0.010000000000000002,0.016499999999999997,0.017333333333333336,0.0,0.0,0.0
0.021166666666666663,0.010000000000000002,0.010166666666666668,0.01716666666666667,0.0,0.0,0.0
0.019000000000000003,0.010000000000000009,0.01316666666666667,0.013500000000000003,0.0,0.0,0.0
0.027166666666666662,0.009999999999999998,0.009,0.021666666666666664,0.0,0.0,0.0
0.026,0.010000000000000009,0.010833333333333335,0.020500000000000004,0.0,0.0,0.0
0.02166666666666666,0.009999999999999998,0.015499999999999998,0.011833333333333336,0.0,0.0,0.0
0.030333333333333327,0.010000000000000009,0.007,0.027666666666666666,0.0,0.0,0.0
0.03466666666666666,0.010000000000000009,0.011166666666666667,0.028000000000000004,0.0,0.0,0.0
0.017333333333333336,0.009999999999999998,0.011833333333333335,0.010666666666666668,0.0,0.0,0.0
0.021,0.009999999999999998,0.006666666666666668,0.017833333333333333,0.0,0.0,0.0
0.02,0.010000000000000009,0.009666666666666667,0.016833333333333336,0.0,0.0,0.0
0.02783333333333333,0.010000000000000009,0.014500000000000002,0.020500000000000004,0.0,0.0,0.0
0.029500000000000002,0.010000000000000009,0.01216666666666667,0.02316666666666667,0.0,0.0,0.0
0.0245,0.01,0.008166666666666671,0.02066666666666667,0.0,0.0,0.0
0.021,0.01,0.007166666666666669,0.017833333333333333,0.0,0.0,0.0
0.022833333333333334,0.010000000000000009,0.005000000000000002,0.019999999999999997,0.0,0.0,0.0
0.03583333333333332,0.010000000000000009,0.015166666666666669,0.027500000000000004,0.0,0.0,0.0
0.026500000000000003,0.010000000000000005,0.012166666666666668,0.01966666666666667,0.0,0.0,0.0
0.018666666666666668,0.01,0.009500000000000001,0.012666666666666668,0.0,0.0,0.0
0.018833333333333334,0.01,0.009833333333333335,0.014333333333333335,0.0,0.0,0.0
0.023000000000000003,0.01,0.009333333333333336,0.018500000000000003,0.0,0.0,0.0
0.019333333333333334,0.010000000000000009,0.010833333333333337,0.013833333333333336,0.0,0.0,0.0
0.017833333333333333,0.009999999999999998,0.006166666666666668,0.01566666666666667,0.0,0.0,0.0
0.020166666666666666,0.010000000000000002,0.011666666666666665,0.013666666666666667,0.0,0.0,0.0
0.017499999999999998,0.01,0.005333333333333337,0.016,0.0,0.0,0.0
0.021000000000000005,0.01,0.005666666666666668,0.018333333333333333,0.0,0.0,0.0
0.018333333333333333,0.009999999999999998,0.009000000000000003,0.014166666666666668,0.0,0.0,0.0
0.028000000000000004,0.010000000000000002,0.012833333333333334,0.01933333333333333,0.0,0.0,0.0
0.028166666666666673,0.010000000000000009,0.0085,0.024500000000000004,0.0,0.0,0.0
0.025,0.010000000000000009,0.010833333333333339,0.0205,0.0,0.0,0.0
0.020000000000000004,0.010000000000000009,0.010500000000000004,0.015333333333333336,0.0,0.0,0.0
0.028333333333333335,0.010000000000000009,0.017500000000000005,0.01816666666666667,0.0,0.0,0.0
0.02316666666666667,0.010000000000000009,0.008500000000000002,0.018500000000000003,0.0,0.0,0.0
0.019833333333333335,0.01,0.0046666666666666705,0.019000000000000003,0.0,0.0,0.0
0.018833333333333334,0.010000000000000009,0.006166666666666668,0.016833333333333336,0.0,0.0,0.0
0.022333333333333334,0.010000000000000009,0.011000000000000001,0.017166666666666667,0.0,0.0,0.0
0.025833333333333333,0.010000000000000009,0.009666666666666667,0.021666666666666667,0.0,0.0,0.0
0.024500000000000004,0.010000000000000009,0.010333333333333335,0.018166666666666668,0.0,0.0,0.0
0.013666666666666667,0.009999999999999998,0.005333333333333334,0.011166666666666667,0.0,0.0,0.0
0.026166666666666668,0.010000000000000009,0.011666666666666669,0.02016666666666667,0.0,0.0,0.0
0.02666666666666667,0.01,0.012333333333333333,0.018333333333333333,0.0,0.0,0.0
0.022000000000000002,0.010000000000000005,0.01066666666666667,0.0165,0.0,0.0,0.0
0.02166666666666667,0.010000000000000009,0.007333333333333335,0.019000000000000003,0.0,0.0,0.0
0.016166666666666666,0.009999999999999998,0.007833333333333335,0.012,0.0,0.0,0.0
0.026000000000000002,0.010000000000000009,0.010333333333333335,0.020666666666666667,0.0,0.0,0.0
0.024666666666666663,0.010000000000000009,0.010166666666666666,0.018833333333333334,0.0,0.0,0.0
0.03783333333333331,0.010000000000000005,0.012500000000000002,0.0315,0.0,0.0,0.0
0.02483333333333333,0.01,0.007166666666666669,0.021666666666666664,0.0,0.0,0.0
0.02266666666666667,0.010000000000000002,0.009666666666666669,0.018500000000000003,0.0,0.0,0.0
0.027499999999999993,0.010000000000000009,0.013333333333333334,0.02033333333333333,0.0,0.0,0.0
0.037,0.010000000000000009,0.01633333333333333,0.026166666666666668,0.0,0.0,0.0
0.020666666666666667,0.010000000000000002,0.013000000000000003,0.013166666666666665,0.0,0.0,0.0
0.020166666666666663,0.009999999999999998,0.007333333333333333,0.016666666666666666,0.0,0.0,0.0
0.013500000000000002,0.009999999999999998,0.009666666666666667,0.008833333333333334,0.0,0.0,0.0
0.026666666666666665,0.010000000000000005,0.012333333333333337,0.020666666666666667,0.0,0.0,0.0
0.02583333333333333,0.010000000000000005,0.009000000000000003,0.021333333333333333,0.0,0.0,0.0
0.027666666666666666,0.010000000000000009,0.007333333333333333,0.024,0.0,0.0,0.0
0.024999999999999998,0.010000000000000009,0.010333333333333332,0.020000000000000004,0.0,0.0,0.0
0.0225,0.009999999999999998,0.009166666666666667,0.017833333333333333,0.0,0.0,0.0
0.01966666666666667,0.010000000000000009,0.009166666666666668,0.016666666666666666,0.0,0.0,0.0
0.019333333333333338,0.010000000000000009,0.007333333333333336,0.01766666666666667,0.0,0.0,0.0
0.013333333333333336,0.01,0.005833333333333335,0.012000000000000002,0.0,0.0,0.0
0.02766666666666667,0.010000000000000009,0.016666666666666666,0.017833333333333336,0.0,0.0,0.0
0.03466666666666666,0.010000000000000009,0.011333333333333336,0.02899999999999999,0.0,0.0,0.0
0.021500000000000002,0.01,0.005666666666666669,0.019166666666666665,0.0,0.0,0.0
0.031166666666666665,0.010000000000000009,0.013833333333333335,0.022000000000000002,0.0,0.0,0.0
0.022000000000000002,0.01,0.002833333333333334,0.021333333333333333,0.0,0.0,0.0
0.023666666666666666,0.010000000000000002,0.012666666666666668,0.017833333333333336,0.0,0.0,0.0
0.027,0.010000000000000002,0.0125,0.02033333333333333,0.0,0.0,0.0
0.018166666666666668,0.01,0.010500000000000002,0.013333333333333336,0.0,0.0,0.0
0.016666666666666666,0.010000000000000002,0.005000000000000001,0.014333333333333335,0.0,0.0,0.0
0.020833333333333332,0.010000000000000005,0.009000000000000003,0.017333333333333333,0.0,0.0,0.0
0.029666666666666668,0.010000000000000009,0.0145,0.02283333333333333,0.0,0.0,0.0
0.02583333333333333,0.01,0.011000000000000003,0.021333333333333333,0.0,0.0,0.0
0.027,0.010000000000000009,0.007833333333333338,0.025,0.0,0.0,0.0
0.0195,0.009999999999999998,0.0068333333333333345,0.01633333333333333,0.0,0.0,0.0
0.027333333333333324,0.010000000000000009,0.0115,0.022333333333333334,0.0,0.0,0.0
0.0195,0.009999999999999998,0.008666666666666666,0.015166666666666669,0.0,0.0,0.0
0.026500000000000003,0.010000000000000009,0.012500000000000004,0.019833333333333335,0.0,0.0,0.0
0.029666666666666664,0.010000000000000009,0.011166666666666667,0.02366666666666667,0.0,0.0,0.0
0.02983333333333333,0.01,0.012833333333333335,0.022166666666666668,0.0,0.0,0.0
0.030999999999999993,0.010000000000000009,0.010500000000000002,0.025333333333333333,0.0,0.0,0.0
0.02183333333333333,0.010000000000000009,0.009833333333333335,0.01666666666666667,0.0,0.0,0.0
0.028666666666666667,0.01,0.013833333333333335,0.021,0.0,0.0,0.0
0.019500000000000007,0.010000000000000009,0.009500000000000001,0.015166666666666669,0.0,0.0,0.0
0.021,0.010000000000000005,0.015333333333333334,0.012000000000000004,0.0,0.0,0.0
0.0245,0.010000000000000005,0.012666666666666668,0.016666666666666666,0.0,0.0,0.0
0.0195,0.009999999999999998,0.005500000000000001,0.016666666666666666,0.0,0.0,0.0
0.018833333333333334,0.010000000000000005,0.009166666666666668,0.015000000000000003,0.0,0.0,0.0
0.017666666666666667,0.009999999999999998,0.006333333333333333,0.014166666666666668,0.0,0.0,0.0
0.02766666666666667,0.010000000000000009,0.01566666666666667,0.019000000000000006,0.0,0.0,0.0
0.026000000000000002,0.01,0.008166666666666668,0.02116666666666667,0.0,0.0,0.0
0.03133333333333333,0.010000000000000005,0.010000000000000002,0.025666666666666667,0.0,0.0,0.0
0.016999999999999998,0.009999999999999998,0.007000000000000001,0.013333333333333334,0.0,0.0,0.0
0.020999999999999998,0.010000000000000009,0.009500000000000001,0.017333333333333333,0.0,0.0,0.0
0.025500000000000002,0.010000000000000009,0.010333333333333335,0.01966666666666667,0.0,0.0,0.0
0.030333333333333334,0.010000000000000009,0.010333333333333335,0.024333333333333332,0.0,0.0,0.0
0.01916666666666667,0.01,0.007833333333333335,0.015000000000000003,0.0,0.0,0.0
0.0245,0.010000000000000009,0.010666666666666668,0.0195,0.0,0.0,0.0
0.03033333333333333,0.010000000000000009,0.012500000000000004,0.02383333333333333,0.0,0.0,0.0
0.026166666666666664,0.010000000000000005,0.005166666666666667,0.023,0.0,0.0,0.0
0.024666666666666663,0.010000000000000005,0.012166666666666666,0.016500000000000004,0.0,0.0,0.0
0.025333333333333333,0.010000000000000002,0.009833333333333335,0.01966666666666667,0.0,0.0,0.0
0.033666666666666664,0.010000000000000009,0.01983333333333333,0.021500000000000002,0.0,0.0,0.0
0.025166666666666664,0.01,0.010333333333333333,0.018500000000000003,0.0,0.0,0.0
0.015500000000000003,0.009999999999999998,0.0056666666666666705,0.014666666666666668,0.0,0.0,0.0
0.021500000000000002,0.010000000000000009,0.008166666666666668,0.016999999999999998,0.0,0.0,0.0
0.026000000000000002,0.01,0.0105,0.01933333333333333,0.0,0.0,0.0
0.0285,0.010000000000000009,0.014333333333333335,0.02166666666666667,0.0,0.0,0.0
0.028166666666666666,0.010000000000000005,0.013,0.01966666666666667,0.0,0.0,0.0
0.027999999999999994,0.010000000000000009,0.007500000000000004,0.02583333333333333,0.0,0.0,0.0
0.02733333333333333,0.010000000000000009,0.01216666666666667,0.021500000000000005,0.0,0.0,0.0
0.024166666666666666,0.010000000000000009,0.013833333333333335,0.017,0.0,0.0,0.0
0.028499999999999994,0.010000000000000009,0.0175,0.017333333333333333,0.0,0.0,0.0
0.02466666666666667,0.010000000000000002,0.0105,0.018333333333333333,0.0,0.0,0.0
0.023166666666666665,0.01,0.011333333333333334,0.017666666666666664,0.0,0.0,0.0
0.024166666666666666,0.009999999999999998,0.004666666666666669,0.023166666666666665,0.0,0.0,0.0
0.018500000000000003,0.01,0.009333333333333336,0.013833333333333335,0.0,0.0,0.0
0.021333333333333336,0.010000000000000009,0.007500000000000004,0.018666666666666668,0.0,0.0,0.0
0.018000000000000002,0.010000000000000009,0.006166666666666668,0.014166666666666668,0.0,0.0,0.0
0.024666666666666667,0.010000000000000009,0.010833333333333335,0.0195,0.0,0.0,0.0
0.021166666666666667,0.010000000000000002,0.011166666666666668,0.015833333333333335,0.0,0.0,0.0
0.021666666666666667,0.010000000000000002,0.010333333333333335,0.016833333333333336,0.0,0.0,0.0
0.020166666666666666,0.01,0.009666666666666667,0.015166666666666669,0.0,0.0,0.0
0.024333333333333332,0.010000000000000005,0.008166666666666666,0.018833333333333334,0.0,0.0,0.0
0.023333333333333334,0.01,0.009500000000000001,0.017333333333333333,0.0,0.0,0.0
0.022833333333333337,0.010000000000000002,0.008666666666666671,0.019333333333333338,0.0,0.0,0.0
0.028166666666666663,0.010000000000000002,0.009666666666666667,0.023833333333333328,0.0,0.0,0.0
0.019000000000000006,0.010000000000000009,0.0065000000000000014,0.015500000000000003,0.0,0.0,0.0
0.03166666666666666,0.010000000000000009,0.01266666666666667,0.025833333333333333,0.0,0.0,0.0
0.027500000000000004,0.010000000000000009,0.012500000000000002,0.021333333333333333,0.0,0.0,0.0
0.022666666666666665,0.009999999999999998,0.009666666666666667,0.017833333333333333,0.0,0.0,0.0
0.017,0.009999999999999998,0.012666666666666668,0.010000000000000005,0.0,0.0,0.0
0.017,0.01,0.007333333333333335,0.01516666666666667,0.0,0.0,0.0
0.02083333333333333,0.01,0.010333333333333335,0.015833333333333335,0.0,0.0,0.0
0.03733333333333333,0.010000000000000009,0.014833333333333334,0.028333333333333335,0.0,0.0,0.0
0.0315,0.010000000000000009,0.013333333333333338,0.02516666666666667,0.0,0.0,0.0
0.0165,0.010000000000000009,0.010666666666666668,0.010166666666666668,0.0,0.0,0.0
0.026499999999999992,0.010000000000000005,0.009166666666666667,0.022166666666666668,0.0,0.0,0.0
0.025500000000000005,0.010000000000000009,0.012500000000000002,0.018666666666666668,0.0,0.0,0.0
0.027333333333333334,0.010000000000000009,0.011500000000000003,0.0205,0.0,0.0,0.0
0.014166666666666666,0.009999999999999998,0.007333333333333333,0.010833333333333334,0.0,0.0,0.0
0.018666666666666665,0.009999999999999998,0.007833333333333335,0.014333333333333332,0.0,0.0,0.0
0.02933333333333333,0.010000000000000009,0.014833333333333336,0.02066666666666667,0.0,0.0,0.0
0.025833333333333333,0.010000000000000009,0.012666666666666668,0.018333333333333333,0.0,0.0,0.0
0.021,0.01,0.009500000000000001,0.015833333333333335,0.0,0.0,0.0
0.022500000000000003,0.010000000000000009,0.010000000000000002,0.016833333333333332,0.0,0.0,0.0
0.0235,0.010000000000000009,0.010833333333333335,0.018000000000000002,0.0,0.0,0.0
0.017333333333333333,0.010000000000000002,0.007000000000000003,0.015000000000000003,0.0,0.0,0.0
0.026000000000000002,0.010000000000000009,0.010166666666666666,0.021000000000000005,0.0,0.0,0.0
0.028166666666666666,0.010000000000000009,0.011000000000000003,0.021666666666666667,0.0,0.0,0.0
0.02,0.009999999999999998,0.010000000000000002,0.0145,0.0,0.0,0.0
0.01733333333333333,0.009999999999999998,0.006333333333333336,0.016,0.0,0.0,0.0
0.021333333333333333,0.010000000000000002,0.01016666666666667,0.017166666666666667,0.0,0.0,0.0
0.019000000000000003,0.010000000000000005,0.010500000000000002,0.011500000000000003,0.0,0.0,0.0
0.0225,0.010000000000000009,0.012666666666666665,0.014666666666666668,0.0,0.0,0.0
0.023166666666666665,0.009999999999999998,0.013000000000000001,0.01566666666666667,0.0,0.0,0.0
0.019500000000000003,0.010000000000000009,0.011500000000000005,0.013666666666666669,0.0,0.0,0.0
0.02516666666666667,0.010000000000000009,0.015500000000000002,0.01416666666666667,0.0,0.0,0.0
0.02716666666666667,0.010000000000000009,0.009333333333333338,0.024333333333333332,0.0,0.0,0.0
0.023500000000000004,0.010000000000000005,0.011500000000000002,0.017333333333333336,0.0,0.0,0.0
0.01716666666666667,0.010000000000000005,0.008833333333333335,0.012833333333333337,0.0,0.0,0.0
0.025666666666666664,0.01,0.009500000000000001,0.020666666666666667,0.0,0.0,0.0
0.019666666666666666,0.010000000000000005,0.008333333333333335,0.017166666666666667,0.0,0.0,0.0
0.02666666666666667,0.01,0.016166666666666666,0.017833333333333336,0.0,0.0,0.0
0.022166666666666668,0.01,0.009000000000000001,0.0175,0.0,0.0,0.0
0.02866666666666667,0.010000000000000009,0.013833333333333336,0.022166666666666668,0.0,0.0,0.0
0.019500000000000003,0.010000000000000002,0.009833333333333335,0.014166666666666668,0.0,0.0,0.0
0.03566666666666666,0.010000000000000009,0.014333333333333335,0.026833333333333334,0.0,0.0,0.0
0.02316666666666667,0.010000000000000009,0.009333333333333338,0.019000000000000003,0.0,0.0,0.0
0.028166666666666663,0.010000000000000005,0.012000000000000002,0.022000000000000002,0.0,0.0,0.0
0.018666666666666665,0.009999999999999998,0.0038333333333333353,0.017499999999999998,0.0,0.0,0.0
0.022500000000000003,0.010000000000000005,0.006000000000000004,0.02033333333333333,0.0,0.0,0.0
0.022833333333333334,0.01,0.011000000000000001,0.016833333333333332,0.0,0.0,0.0
0.01816666666666667,0.010000000000000009,0.011333333333333336,0.013333333333333338,0.0,0.0,0.0
0.020833333333333332,0.010000000000000005,0.0085,0.017166666666666667,0.0,0.0,0.0
0.023,0.010000000000000005,0.008666666666666671,0.019166666666666665,0.0,0.0,0.0
0.022666666666666665,0.01,0.009833333333333333,0.01633333333333333,0.0,0.0,0.0
0.031000000000000003,0.010000000000000009,0.011333333333333332,0.023833333333333335,0.0,0.0,0.0
0.028166666666666663,0.010000000000000002,0.010666666666666666,0.021833333333333337,0.0,0.0,0.0
0.0195,0.010000000000000009,0.010333333333333335,0.014500000000000004,0.0,0.0,0.0
0.02683333333333333,0.01,0.008666666666666668,0.022666666666666665,0.0,0.0,0.0
0.024333333333333335,0.010000000000000002,0.012333333333333335,0.018833333333333334,0.0,0.0,0.0
0.023500000000000004,0.010000000000000009,0.008333333333333337,0.0205,0.0,0.0,0.0
0.025166666666666667,0.010000000000000005,0.012333333333333333,0.0175,0.0,0.0,0.0
0.027666666666666666,0.009999999999999998,0.009833333333333336,0.023000000000000003,0.0,0.0,0.0
0.025166666666666664,0.010000000000000009,0.0085,0.020666666666666667,0.0,0.0,0.0
0.01616666666666667,0.01,0.005500000000000003,0.015166666666666667,0.0,0.0,0.0
0.019166666666666665,0.010000000000000009,0.007833333333333335,0.01566666666666667,0.0,0.0,0.0
0.03066666666666667,0.010000000000000009,0.012000000000000004,0.026166666666666668,0.0,0.0,0.0
0.0255,0.010000000000000005,0.006000000000000004,0.023166666666666662,0.0,0.0,0.0
0.021166666666666667,0.010000000000000009,0.013500000000000003,0.013833333333333336,0.0,0.0,0.0
0.018500000000000003,0.01,0.008166666666666666,0.013166666666666669,0.0,0.0,0.0
0.025,0.010000000000000002,0.013833333333333336,0.017500000000000005,0.0,0.0,0.0
0.019333333333333338,0.010000000000000009,0.009333333333333336,0.015500000000000003,0.0,0.0,0.0
0.027,0.010000000000000009,0.011833333333333336,0.01966666666666667,0.0,0.0,0.0
0.024833333333333332,0.010000000000000009,0.012500000000000004,0.018666666666666665,0.0,0.0,0.0
0.01266666666666667,0.01,0.00666666666666667,0.011666666666666669,0.0,0.0,0.0
0.01583333333333333,0.0,0.004833333333333334,0.013500000000000002,0.0,0.0,0.0
0.01216666666666667,0.01,0.004666666666666667,0.009333333333333334,0.0,0.0,0.0
0.0225,0.010000000000000005,0.007333333333333336,0.01933333333333333,0.0,0.0,0.0
0.02983333333333333,0.01,0.013666666666666664,0.020333333333333335,0.0,0.0,0.0
0.033,0.010000000000000009,0.017,0.022000000000000006,0.0,0.0,0.0
0.02933333333333333,0.010000000000000009,0.011166666666666668,0.02283333333333333,0.0,0.0,0.0
0.013500000000000002,0.01,0.003833333333333335,0.012833333333333334,0.0,0.0,0.0
0.02633333333333333,0.010000000000000002,0.010333333333333335,0.02033333333333333,0.0,0.0,0.0
0.022500000000000006,0.010000000000000009,0.009500000000000003,0.020500000000000004,0.0,0.0,0.0
0.02166666666666667,0.010000000000000009,0.01016666666666667,0.01616666666666667,0.0,0.0,0.0
0.020833333333333332,0.01,0.010333333333333335,0.015500000000000003,0.0,0.0,0.0
0.03033333333333333,0.010000000000000009,0.007333333333333334,0.025999999999999992,0.0,0.0,0.0
0.03166666666666666,0.010000000000000009,0.009000000000000003,0.028166666666666666,0.0,0.0,0.0
0.019333333333333334,0.010000000000000005,0.010166666666666668,0.015000000000000003,0.0,0.0,0.0
0.0265,0.010000000000000009,0.010666666666666666,0.0205,0.0,0.0,0.0
0.018333333333333333,0.009999999999999998,0.009166666666666667,0.014833333333333337,0.0,0.0,0.0
0.023833333333333335,0.010000000000000002,0.017,0.013833333333333338,0.0,0.0,0.0
0.02016666666666667,0.010000000000000005,0.010833333333333335,0.01616666666666667,0.0,0.0,0.0
0.029499999999999995,0.010000000000000009,0.013500000000000002,0.022666666666666665,0.0,0.0,0.0
0.027166666666666665,0.010000000000000005,0.0105,0.02233333333333333,0.0,0.0,0.0
0.01633333333333333,0.01,0.007666666666666666,0.012,0.0,0.0,0.0
0.03266666666666666,0.010000000000000009,0.01216666666666667,0.0275,0.0,0.0,0.0
0.020000000000000004,0.010000000000000005,0.009500000000000001,0.015666666666666672,0.0,0.0,0.0
0.03183333333333333,0.010000000000000009,0.011833333333333336,0.027000000000000003,0.0,0.0,0.0
0.022999999999999996,0.010000000000000005,0.004833333333333334,0.0215,0.0,0.0,0.0
0.026833333333333334,0.01,0.011666666666666665,0.021500000000000002,0.0,0.0,0.0
0.030666666666666665,0.010000000000000009,0.012500000000000002,0.02416666666666667,0.0,0.0,0.0
0.014666666666666668,0.01,0.008333333333333335,0.010166666666666668,0.0,0.0,0.0
0.024833333333333336,0.010000000000000009,0.010500000000000006,0.0205,0.0,0.0,0.0
0.022166666666666664,0.010000000000000009,0.013833333333333335,0.014833333333333336,0.0,0.0,0.0
0.0105,0.009999999999999998,0.004666666666666668,0.008,0.0,0.0,0.0
0.023833333333333335,0.010000000000000009,0.010500000000000004,0.019333333333333334,0.0,0.0,0.0
0.027666666666666666,0.010000000000000009,0.013500000000000005,0.02066666666666667,0.0,0.0,0.0
0.032666666666666656,0.010000000000000005,0.015166666666666667,0.02483333333333333,0.0,0.0,0.0
0.0255,0.010000000000000009,0.008833333333333334,0.020833333333333332,0.0,0.0,0.0
0.03266666666666666,0.010000000000000009,0.009500000000000001,0.028,0.0,0.0,0.0
0.025166666666666667,0.010000000000000009,0.008500000000000004,0.02266666666666667,0.0,0.0,0.0
0.029833333333333333,0.010000000000000009,0.012000000000000004,0.025,0.0,0.0,0.0
0.02,0.010000000000000009,0.008666666666666668,0.01616666666666667,0.0,0.0,0.0
0.024500000000000004,0.010000000000000009,0.011333333333333336,0.01766666666666667,0.0,0.0,0.0
0.018666666666666665,0.01,0.005333333333333337,0.014666666666666666,0.0,0.0,0.0
0.017166666666666667,0.009999999999999998,0.007166666666666669,0.014333333333333335,0.0,0.0,0.0
0.0255,0.010000000000000002,0.012333333333333333,0.0185,0.0,0.0,0.0
0.022000000000000002,0.010000000000000009,0.011833333333333336,0.014833333333333336,0.0,0.0,0.0
0.025166666666666667,0.010000000000000009,0.010833333333333335,0.018833333333333334,0.0,0.0,0.0
0.017166666666666667,0.010000000000000009,0.008000000000000002,0.012833333333333337,0.0,0.0,0.0
0.030000000000000002,0.010000000000000009,0.014833333333333336,0.023000000000000003,0.0,0.0,0.0
0.018333333333333333,0.010000000000000009,0.010166666666666668,0.013500000000000005,0.0,0.0,0.0
0.025166666666666664,0.010000000000000005,0.008500000000000002,0.021,0.0,0.0,0.0
0.02366666666666667,0.010000000000000009,0.011000000000000001,0.01783333333333333,0.0,0.0,0.0
0.0265,0.010000000000000009,0.012333333333333335,0.01916666666666667,0.0,0.0,0.0
0.025500000000000002,0.010000000000000002,0.016666666666666666,0.014500000000000006,0.0,0.0,0.0
0.025833333333333337,0.010000000000000009,0.011,0.01866666666666667,0.0,0.0,0.0
0.024166666666666673,0.010000000000000009,0.010833333333333337,0.019333333333333334,0.0,0.0,0.0
0.0175,0.010000000000000009,0.007333333333333338,0.015000000000000003,0.0,0.0,0.0
0.028166666666666666,0.010000000000000009,0.013833333333333336,0.02016666666666667,0.0,0.0,0.0
0.020666666666666667,0.01,0.011500000000000003,0.014666666666666666,0.0,0.0,0.0
0.03333333333333333,0.010000000000000009,0.014666666666666668,0.025666666666666667,0.0,0.0,0.0
0.028166666666666673,0.010000000000000009,0.01616666666666667,0.019833333333333338,0.0,0.0,0.0
0.016,0.01,0.009833333333333335,0.009666666666666672,0.0,0.0,0.0
0.023000000000000003,0.01,0.010833333333333337,0.0175,0.0,0.0,0.0
0.022833333333333334,0.010000000000000005,0.007333333333333338,0.020833333333333332,0.0,0.0,0.0
0.023833333333333335,0.010000000000000009,0.012666666666666666,0.017333333333333333,0.0,0.0,0.0
0.022500000000000003,0.010000000000000002,0.006000000000000001,0.01983333333333333,0.0,0.0,0.0
0.03166666666666666,0.010000000000000009,0.017333333333333333,0.021833333333333337,0.0,0.0,0.0
0.022833333333333334,0.010000000000000002,0.009166666666666668,0.018500000000000003,0.0,0.0,0.0
0.029666666666666664,0.010000000000000005,0.011166666666666668,0.023000000000000003,0.0,0.0,0.0
0.022000000000000002,0.01,0.010333333333333333,0.017,0.0,0.0,0.0
0.02783333333333333,0.01,0.015000000000000005,0.020166666666666666,0.0,0.0,0.0
0.02133333333333333,0.009999999999999998,0.006833333333333333,0.017333333333333333,0.0,0.0,0.0
0.032,0.010000000000000009,0.01616666666666667,0.023500000000000007,0.0,0.0,0.0
0.025166666666666667,0.010000000000000009,0.009166666666666667,0.02133333333333333,0.0,0.0,0.0
0.02333333333333333,0.01,0.010333333333333335,0.017333333333333333,0.0,0.0,0.0
0.030333333333333334,0.010000000000000009,0.010500000000000002,0.02533333333333333,0.0,0.0,0.0
0.028833333333333332,0.010000000000000009,0.011000000000000001,0.02216666666666667,0.0,0.0,0.0
0.02616666666666667,0.010000000000000009,0.009666666666666667,0.020833333333333336,0.0,0.0,0.0
0.03166666666666667,0.010000000000000009,0.014166666666666668,0.024500000000000008,0.0,0.0,0.0
0.0225,0.010000000000000005,0.008666666666666668,0.018500000000000003,0.0,0.0,0.0
0.02666666666666667,0.010000000000000009,0.013000000000000003,0.020000000000000004,0.0,0.0,0.0
0.02683333333333333,0.010000000000000009,0.010166666666666668,0.021833333333333333,0.0,0.0,0.0
0.020499999999999997,0.009999999999999998,0.006666666666666666,0.016166666666666666,0.0,0.0,0.0
0.020166666666666666,0.01,0.009500000000000001,0.01566666666666667,0.0,0.0,0.0
0.024000000000000004,0.010000000000000009,0.011333333333333336,0.01916666666666667,0.0,0.0,0.0
0.032,0.010000000000000009,0.019000000000000003,0.02266666666666667,0.0,0.0,0.0
0.025166666666666667,0.010000000000000009,0.010000000000000002,0.02016666666666667,0.0,0.0,0.0
0.03183333333333334,0.010000000000000009,0.009000000000000005,0.029,0.0,0.0,0.0
0.025666666666666667,0.010000000000000002,0.010000000000000002,0.020333333333333335,0.0,0.0,0.0
0.025000000000000005,0.010000000000000009,0.013333333333333334,0.016666666666666666,0.0,0.0,0.0
0.027500000000000004,0.010000000000000009,0.008500000000000002,0.023833333333333335,0.0,0.0,0.0
0.02416666666666667,0.010000000000000009,0.010500000000000002,0.01983333333333333,0.0,0.0,0.0
0.019833333333333335,0.010000000000000009,0.008833333333333334,0.015833333333333335,0.0,0.0,0.0
0.021666666666666664,0.01,0.011166666666666668,0.014833333333333334,0.0,0.0,0.0
0.020833333333333332,0.01,0.0075000000000000015,0.018166666666666664,0.0,0.0,0.0
0.017833333333333333,0.009999999999999998,0.010000000000000002,0.012833333333333335,0.0,0.0,0.0
0.03766666666666666,0.010000000000000009,0.010833333333333334,0.03166666666666666,0.0,0.0,0.0
0.028333333333333332,0.010000000000000009,0.012166666666666668,0.022500000000000006,0.0,0.0,0.0
0.01916666666666667,0.01,0.010000000000000002,0.013666666666666667,0.0,0.0,0.0
0.017333333333333333,0.010000000000000002,0.012166666666666666,0.011000000000000006,0.0,0.0,0.0
0.015500000000000003,0.01,0.008500000000000004,0.012166666666666668,0.0,0.0,0.0
0.03149999999999999,0.010000000000000009,0.011666666666666667,0.024166666666666666,0.0,0.0,0.0
0.01983333333333333,0.01,0.008000000000000002,0.015333333333333334,0.0,0.0,0.0
0.023,0.01,0.009000000000000001,0.018666666666666668,0.0,0.0,0.0
0.01916666666666667,0.010000000000000002,0.010000000000000005,0.016000000000000004,0.0,0.0,0.0
0.019333333333333334,0.01,0.009166666666666668,0.015166666666666669,0.0,0.0,0.0
0.02583333333333333,0.010000000000000009,0.013833333333333333,0.017166666666666667,0.0,0.0,0.0
0.022833333333333334,0.01,0.007833333333333335,0.018666666666666668,0.0,0.0,0.0
0.02016666666666667,0.010000000000000009,0.007833333333333335,0.016666666666666666,0.0,0.0,0.0
0.02833333333333333,0.010000000000000009,0.012,0.021500000000000002,0.0,0.0,0.0
0.01966666666666667,0.01,0.010000000000000002,0.015833333333333335,0.0,0.0,0.0
0.019166666666666665,0.01,0.009833333333333335,0.013166666666666667,0.0,0.0,0.0
0.029166666666666667,0.010000000000000005,0.013500000000000002,0.022500000000000003,0.0,0.0,0.0
0.03566666666666666,0.010000000000000009,0.014000000000000004,0.029166666666666664,0.0,0.0,0.0
0.02533333333333333,0.010000000000000009,0.012666666666666668,0.0195,0.0,0.0,0.0
0.016,0.009999999999999998,0.0035000000000000022,0.014499999999999997,0.0,0.0,0.0
0.02683333333333333,0.010000000000000002,0.010000000000000004,0.021500000000000002,0.0,0.0,0.0
0.02183333333333333,0.010000000000000002,0.005166666666666669,0.020499999999999997,0.0,0.0,0.0
0.0215,0.010000000000000005,0.009500000000000001,0.016,0.0,0.0,0.0
0.025333333333333326,0.01,0.013000000000000005,0.0205,0.0,0.0,0.0
0.020000000000000004,0.010000000000000009,0.007500000000000002,0.016,0.0,0.0,0.0
0.026166666666666668,0.010000000000000009,0.010333333333333337,0.0205,0.0,0.0,0.0
0.021833333333333333,0.01,0.0105,0.015833333333333335,0.0,0.0,0.0
0.017666666666666667,0.01,0.007333333333333336,0.014833333333333336,0.0,0.0,0.0
0.024666666666666667,0.010000000000000009,0.010166666666666668,0.01883333333333333,0.0,0.0,0.0
0.018500000000000003,0.009999999999999998,0.0085,0.013500000000000003,0.0,0.0,0.0
0.017166666666666667,0.009999999999999998,0.004666666666666668,0.014166666666666666,0.0,0.0,0.0
0.024166666666666666,0.01,0.009166666666666667,0.0205,0.0,0.0,0.0
0.02033333333333333,0.01,0.008333333333333335,0.014833333333333334,0.0,0.0,0.0
0.025333333333333326,0.01,0.009000000000000001,0.0195,0.0,0.0,0.0
0.021666666666666667,0.010000000000000005,0.005666666666666668,0.0185,0.0,0.0,0.0
0.02983333333333333,0.010000000000000005,0.017333333333333333,0.020000000000000004,0.0,0.0,0.0
0.01933333333333333,0.010000000000000009,0.012333333333333333,0.013333333333333338,0.0,0.0,0.0
0.02166666666666667,0.010000000000000009,0.010500000000000004,0.01816666666666667,0.0,0.0,0.0
0.025333333333333333,0.010000000000000005,0.01616666666666667,0.015833333333333335,0.0,0.0,0.0
0.02083333333333333,0.010000000000000002,0.008000000000000002,0.01683333333333333,0.0,0.0,0.0
0.029499999999999995,0.010000000000000009,0.011000000000000003,0.02383333333333333,0.0,0.0,0.0
0.017833333333333333,0.01,0.009000000000000005,0.014333333333333337,0.0,0.0,0.0
0.024166666666666666,0.010000000000000005,0.008666666666666666,0.019,0.0,0.0,0.0
0.021,0.010000000000000005,0.008166666666666668,0.017,0.0,0.0,0.0
0.028,0.010000000000000009,0.013000000000000001,0.019333333333333334,0.0,0.0,0.0
0.025666666666666667,0.010000000000000009,0.0175,0.015500000000000005,0.0,0.0,0.0
0.022833333333333334,0.010000000000000009,0.010833333333333335,0.018000000000000006,0.0,0.0,0.0
0.024,0.010000000000000009,0.010666666666666666,0.018666666666666665,0.0,0.0,0.0
0.021333333333333336,0.010000000000000005,0.011500000000000003,0.01566666666666667,0.0,0.0,0.0
0.026000000000000002,0.010000000000000009,0.010666666666666668,0.021000000000000005,0.0,0.0,0.0
0.024833333333333332,0.010000000000000009,0.008666666666666668,0.0205,0.0,0.0,0.0
0.01916666666666667,0.01,0.009666666666666667,0.014500000000000006,0.0,0.0,0.0
0.02016666666666667,0.010000000000000009,0.010333333333333337,0.01566666666666667,0.0,0.0,0.0
0.023500000000000004,0.009999999999999998,0.011500000000000002,0.01616666666666667,0.0,0.0,0.0
0.027166666666666665,0.01,0.010166666666666664,0.02016666666666667,0.0,0.0,0.0
0.020000000000000004,0.010000000000000002,0.007000000000000003,0.016666666666666666,0.0,0.0,0.0
0.0255,0.010000000000000009,0.009000000000000001,0.021,0.0,0.0,0.0
0.027666666666666662,0.010000000000000009,0.013000000000000001,0.02266666666666667,0.0,0.0,0.0
0.021,0.010000000000000002,0.009833333333333335,0.01633333333333333,0.0,0.0,0.0
0.018000000000000006,0.01,0.009333333333333334,0.014166666666666671,0.0,0.0,0.0
0.023833333333333335,0.010000000000000009,0.008833333333333337,0.020166666666666666,0.0,0.0,0.0
0.020999999999999998,0.010000000000000005,0.007666666666666669,0.018000000000000002,0.0,0.0,0.0
0.02683333333333333,0.010000000000000009,0.012000000000000004,0.01966666666666667,0.0,0.0,0.0
0.023333333333333334,0.01,0.003833333333333334,0.0215,0.0,0.0,0.0
0.025166666666666667,0.010000000000000009,0.011000000000000003,0.020500000000000004,0.0,0.0,0.0
0.0225,0.010000000000000009,0.010833333333333335,0.0165,0.0,0.0,0.0
0.01816666666666667,0.010000000000000009,0.010833333333333335,0.012833333333333337,0.0,0.0,0.0
0.021333333333333333,0.010000000000000005,0.008500000000000002,0.017833333333333333,0.0,0.0,0.0
0.025333333333333333,0.010000000000000005,0.014833333333333334,0.017166666666666667,0.0,0.0,0.0
0.021833333333333337,0.010000000000000009,0.007000000000000003,0.019333333333333338,0.0,0.0,0.0
0.023000000000000007,0.010000000000000009,0.0070000000000000045,0.019666666666666666,0.0,0.0,0.0
0.026833333333333327,0.01,0.014166666666666664,0.019500000000000003,0.0,0.0,0.0
0.029666666666666664,0.010000000000000009,0.011500000000000002,0.021833333333333333,0.0,0.0,0.0
0.019000000000000003,0.010000000000000005,0.007833333333333335,0.015166666666666667,0.0,0.0,0.0
0.02783333333333333,0.010000000000000009,0.013500000000000003,0.01966666666666667,0.0,0.0,0.0
0.026166666666666664,0.010000000000000009,0.010333333333333337,0.022333333333333337,0.0,0.0,0.0
0.02333333333333333,0.01,0.011000000000000001,0.017166666666666667,0.0,0.0,0.0
0.018666666666666668,0.01,0.009000000000000001,0.013333333333333334,0.0,0.0,0.0
0.030499999999999992,0.010000000000000005,0.012333333333333333,0.022,0.0,0.0,0.0
0.013333333333333334,0.009999999999999998,0.008333333333333337,0.009166666666666668,0.0,0.0,0.0
0.02683333333333333,0.010000000000000009,0.015166666666666667,0.018333333333333333,0.0,0.0,0.0
0.023833333333333328,0.010000000000000009,0.008666666666666668,0.020833333333333332,0.0,0.0,0.0
0.02416666666666667,0.010000000000000009,0.011000000000000003,0.020000000000000004,0.0,0.0,0.0
0.024833333333333332,0.010000000000000009,0.008333333333333337,0.022000000000000002,0.0,0.0,0.0
0.029833333333333333,0.010000000000000005,0.016333333333333335,0.02016666666666667,0.0,0.0,0.0
0.023000000000000003,0.01,0.008833333333333334,0.018166666666666664,0.0,0.0,0.0
0.036000000000000004,0.010000000000000009,0.021000000000000005,0.023833333333333335,0.0,0.0,0.0
0.016666666666666666,0.009999999999999998,0.005166666666666668,0.015500000000000002,0.0,0.0,0.0
0.02383333333333333,0.010000000000000009,0.008666666666666666,0.018666666666666668,0.0,0.0,0.0
0.01266666666666667,0.01,0.006833333333333335,0.01016666666666667,0.0,0.0,0.0
0.02783333333333333,0.010000000000000009,0.011666666666666667,0.021166666666666667,0.0,0.0,0.0
0.015000000000000003,0.009999999999999998,0.008,0.010833333333333339,0.0,0.0,0.0
0.03883333333333332,0.010000000000000009,0.018166666666666668,0.028666666666666663,0.0,0.0,0.0
0.031666666666666655,0.010000000000000009,0.010166666666666668,0.02666666666666667,0.0,0.0,0.0
0.02783333333333333,0.01,0.014333333333333337,0.019833333333333335,0.0,0.0,0.0
0.0225,0.01,0.007333333333333334,0.0185,0.0,0.0,0.0
0.022166666666666668,0.009999999999999998,0.009500000000000001,0.016000000000000004,0.0,0.0,0.0
0.027499999999999993,0.010000000000000005,0.015833333333333335,0.018333333333333333,0.0,0.0,0.0
0.024666666666666667,0.01,0.007833333333333335,0.020666666666666667,0.0,0.0,0.0
0.031166666666666665,0.010000000000000009,0.014333333333333333,0.023000000000000003,0.0,0.0,0.0
0.033999999999999996,0.010000000000000009,0.007666666666666668,0.03083333333333333,0.0,0.0,0.0
0.017666666666666667,0.010000000000000009,0.006833333333333335,0.015500000000000002,0.0,0.0,0.0
0.024166666666666666,0.010000000000000002,0.009000000000000001,0.01983333333333333,0.0,0.0,0.0
0.01816666666666667,0.010000000000000009,0.007833333333333336,0.014833333333333336,0.0,0.0,0.0
0.01616666666666667,0.009999999999999998,0.005166666666666669,0.014333333333333333,0.0,0.0,0.0
0.0325,0.010000000000000009,0.015500000000000002,0.023333333333333334,0.0,0.0,0.0
0.022500000000000003,0.01,0.009666666666666672,0.018666666666666668,0.0,0.0,0.0
0.020833333333333332,0.010000000000000002,0.006500000000000002,0.017833333333333333,0.0,0.0,0.0
0.02366666666666667,0.01,0.009666666666666667,0.0175,0.0,0.0,0.0
0.029499999999999995,0.010000000000000009,0.010666666666666668,0.02383333333333333,0.0,0.0,0.0
0.014833333333333334,0.01,0.005500000000000002,0.012666666666666666,0.0,0.0,0.0
0.02233333333333333,0.010000000000000002,0.010000000000000004,0.018166666666666668,0.0,0.0,0.0
0.02116666666666667,0.01,0.010666666666666668,0.016000000000000004,0.0,0.0,0.0
0.024,0.010000000000000009,0.011000000000000001,0.017666666666666667,0.0,0.0,0.0
0.017166666666666667,0.010000000000000009,0.008,0.013666666666666667,0.0,0.0,0.0
0.0205,0.009999999999999998,0.008333333333333335,0.017,0.0,0.0,0.0
0.02216666666666666,0.010000000000000009,0.008833333333333334,0.018166666666666668,0.0,0.0,0.0
0.014333333333333332,0.01,0.0048333333333333344,0.011166666666666667,0.0,0.0,0.0
0.025666666666666664,0.010000000000000009,0.013833333333333336,0.018166666666666668,0.0,0.0,0.0
0.029666666666666664,0.010000000000000009,0.012333333333333335,0.022500000000000003,0.0,0.0,0.0
0.03333333333333333,0.010000000000000009,0.017333333333333336,0.024333333333333332,0.0,0.0,0.0
0.024,0.010000000000000009,0.010833333333333335,0.018000000000000002,0.0,0.0,0.0
0.026499999999999992,0.010000000000000009,0.013333333333333336,0.02033333333333333,0.0,0.0,0.0
0.020833333333333332,0.010000000000000009,0.009333333333333334,0.016000000000000004,0.0,0.0,0.0
0.022166666666666664,0.009999999999999998,0.011500000000000002,0.015833333333333335,0.0,0.0,0.0
0.02283333333333333,0.010000000000000009,0.007500000000000003,0.020499999999999997,0.0,0.0,0.0
0.018833333333333334,0.010000000000000005,0.011833333333333336,0.01216666666666667,0.0,0.0,0.0
0.017666666666666667,0.009999999999999998,0.011333333333333336,0.01316666666666667,0.0,0.0,0.0
0.020166666666666673,0.010000000000000009,0.009333333333333338,0.01666666666666667,0.0,0.0,0.0
0.028333333333333332,0.010000000000000009,0.010500000000000002,0.023833333333333335,0.0,0.0,0.0
0.022499999999999996,0.010000000000000009,0.011166666666666668,0.017333333333333333,0.0,0.0,0.0
0.022166666666666668,0.01,0.010333333333333335,0.015499999999999998,0.0,0.0,0.0
0.01933333333333333,0.009999999999999998,0.011666666666666669,0.012833333333333334,0.0,0.0,0.0
0.027166666666666665,0.010000000000000002,0.012666666666666668,0.019166666666666665,0.0,0.0,0.0
0.017833333333333333,0.009999999999999998,0.011000000000000003,0.012333333333333337,0.0,0.0,0.0
0.028333333333333335,0.010000000000000009,0.012833333333333335,0.01916666666666667,0.0,0.0,0.0
0.016,0.009999999999999998,0.0058333333333333345,0.0125,0.0,0.0,0.0
0.025166666666666664,0.01,0.0066666666666666706,0.023666666666666666,0.0,0.0,0.0
0.018000000000000002,0.010000000000000005,0.008833333333333334,0.014333333333333339,0.0,0.0,0.0
0.02116666666666667,0.010000000000000009,0.010000000000000002,0.015500000000000003,0.0,0.0,0.0
0.0315,0.010000000000000009,0.017666666666666667,0.02166666666666667,0.0,0.0,0.0
0.028666666666666667,0.010000000000000009,0.016833333333333332,0.019833333333333338,0.0,0.0,0.0
0.019833333333333335,0.010000000000000002,0.008666666666666671,0.01566666666666667,0.0,0.0,0.0
0.027333333333333328,0.010000000000000009,0.010000000000000004,0.021666666666666667,0.0,0.0,0.0
0.024000000000000004,0.010000000000000002,0.008000000000000004,0.020666666666666667,0.0,0.0,0.0
0.029666666666666664,0.010000000000000009,0.006000000000000001,0.026,0.0,0.0,0.0
0.026,0.01,0.013000000000000001,0.018666666666666668,0.0,0.0,0.0
0.01616666666666667,0.009999999999999998,0.008500000000000004,0.012000000000000005,0.0,0.0,0.0
0.02883333333333333,0.010000000000000009,0.0115,0.022166666666666668,0.0,0.0,0.0
0.017666666666666664,0.009999999999999998,0.005000000000000003,0.016666666666666666,0.0,0.0,0.0
0.02666666666666667,0.010000000000000005,0.013833333333333333,0.018333333333333337,0.0,0.0,0.0
0.032,0.010000000000000009,0.014333333333333335,0.02416666666666667,0.0,0.0,0.0
0.026833333333333334,0.010000000000000009,0.012666666666666668,0.019500000000000003,0.0,0.0,0.0
0.02133333333333333,0.009999999999999998,0.005000000000000002,0.019166666666666665,0.0,0.0,0.0
0.022666666666666665,0.010000000000000009,0.00766666666666667,0.020333333333333335,0.0,0.0,0.0
0.021166666666666667,0.010000000000000009,0.008500000000000004,0.017333333333333333,0.0,0.0,0.0
0.02033333333333333,0.010000000000000002,0.011833333333333336,0.015000000000000006,0.0,0.0,0.0
0.02383333333333333,0.01,0.007500000000000003,0.021166666666666667,0.0,0.0,0.0
0.020666666666666667,0.010000000000000009,0.008666666666666671,0.01833333333333333,0.0,0.0,0.0
0.026666666666666665,0.010000000000000009,0.0145,0.018333333333333333,0.0,0.0,0.0
0.027,0.010000000000000009,0.011000000000000003,0.0215,0.0,0.0,0.0
0.013666666666666666,0.009999999999999998,0.007000000000000002,0.010166666666666668,0.0,0.0,0.0
0.031999999999999994,0.010000000000000009,0.009333333333333334,0.0265,0.0,0.0,0.0
0.02233333333333333,0.01,0.006666666666666666,0.01933333333333333,0.0,0.0,0.0
0.03433333333333333,0.010000000000000009,0.013833333333333335,0.025666666666666667,0.0,0.0,0.0
0.02433333333333333,0.010000000000000009,0.011333333333333332,0.018666666666666668,0.0,0.0,0.0
0.018666666666666668,0.010000000000000002,0.009500000000000003,0.015333333333333338,0.0,0.0,0.0
0.020833333333333332,0.01,0.009500000000000001,0.01566666666666667,0.0,0.0,0.0
0.030333333333333334,0.010000000000000009,0.012000000000000005,0.026000000000000002,0.0,0.0,0.0
0.01983333333333333,0.010000000000000002,0.010500000000000004,0.015833333333333335,0.0,0.0,0.0
0.02633333333333333,0.010000000000000009,0.011833333333333335,0.020166666666666666,0.0,0.0,0.0
0.03116666666666667,0.010000000000000009,0.006500000000000003,0.028666666666666663,0.0,0.0,0.0
0.02616666666666667,0.010000000000000009,0.008666666666666671,0.02366666666666667,0.0,0.0,0.0
0.0315,0.010000000000000009,0.010000000000000002,0.025333333333333333,0.0,0.0,0.0
0.027666666666666666,0.010000000000000009,0.013166666666666669,0.020333333333333335,0.0,0.0,0.0
0.015333333333333336,0.01,0.009166666666666668,0.011000000000000003,0.0,0.0,0.0
0.024000000000000004,0.01,0.011333333333333334,0.017000000000000005,0.0,0.0,0.0
0.022500000000000003,0.01,0.012166666666666668,0.014333333333333339,0.0,0.0,0.0
0.02316666666666667,0.010000000000000009,0.010333333333333335,0.019000000000000003,0.0,0.0,0.0
0.019333333333333334,0.01,0.01216666666666667,0.01266666666666667,0.0,0.0,0.0
0.0205,0.010000000000000005,0.006333333333333335,0.0175,0.0,0.0,0.0
0.017833333333333336,0.010000000000000005,0.007166666666666669,0.014500000000000002,0.0,0.0,0.0
0.026333333333333337,0.010000000000000009,0.008666666666666673,0.023833333333333335,0.0,0.0,0.0
0.030166666666666665,0.01,0.0075000000000000015,0.02583333333333333,0.0,0.0,0.0
0.025833333333333333,0.010000000000000005,0.011333333333333336,0.019833333333333335,0.0,0.0,0.0
0.017333333333333333,0.010000000000000002,0.014166666666666668,0.009000000000000005,0.0,0.0,0.0
0.027333333333333328,0.010000000000000009,0.011000000000000001,0.021333333333333333,0.0,0.0,0.0
0.0245,0.010000000000000009,0.012000000000000002,0.018500000000000003,0.0,0.0,0.0
0.022166666666666668,0.010000000000000009,0.006333333333333335,0.019333333333333334,0.0,0.0,0.0
0.020833333333333336,0.01,0.010833333333333335,0.015500000000000005,0.0,0.0,0.0
0.016166666666666666,0.01,0.004833333333333334,0.014333333333333333,0.0,0.0,0.0
0.021166666666666663,0.010000000000000009,0.015166666666666663,0.011333333333333338,0.0,0.0,0.0
0.02316666666666667,0.010000000000000009,0.005333333333333337,0.021166666666666667,0.0,0.0,0.0
0.026166666666666664,0.010000000000000009,0.011666666666666669,0.021166666666666667,0.0,0.0,0.0
0.025,0.010000000000000009,0.012833333333333335,0.018333333333333333,0.0,0.0,0.0
0.02166666666666667,0.010000000000000009,0.009333333333333338,0.018500000000000003,0.0,0.0,0.0
0.02233333333333333,0.010000000000000009,0.00816666666666667,0.01883333333333333,0.0,0.0,0.0
0.023000000000000003,0.010000000000000009,0.014000000000000002,0.014833333333333339,0.0,0.0,0.0
0.021333333333333333,0.010000000000000005,0.010000000000000002,0.01583333333333333,0.0,0.0,0.0
0.022500000000000003,0.010000000000000002,0.005666666666666668,0.01966666666666667,0.0,0.0,0.0
0.026166666666666668,0.010000000000000009,0.009833333333333336,0.021833333333333333,0.0,0.0,0.0
0.03333333333333333,0.010000000000000002,0.012333333333333333,0.026166666666666668,0.0,0.0,0.0
0.01966666666666667,0.009999999999999998,0.010333333333333335,0.014333333333333335,0.0,0.0,0.0
0.02733333333333333,0.010000000000000005,0.0055000000000000005,0.023833333333333328,0.0,0.0,0.0
0.022666666666666665,0.010000000000000002,0.009166666666666668,0.019000000000000003,0.0,0.0,0.0
0.026,0.010000000000000009,0.011333333333333334,0.019166666666666665,0.0,0.0,0.0
0.02033333333333333,0.01,0.006166666666666668,0.016833333333333332,0.0,0.0,0.0
0.023333333333333327,0.009999999999999998,0.007333333333333334,0.019666666666666666,0.0,0.0,0.0
0.02,0.010000000000000002,0.009333333333333336,0.016666666666666666,0.0,0.0,0.0
0.021000000000000005,0.010000000000000005,0.010666666666666668,0.01666666666666667,0.0,0.0,0.0
0.016666666666666666,0.01,0.006833333333333336,0.014333333333333335,0.0,0.0,0.0
0.025000000000000005,0.010000000000000009,0.008166666666666668,0.02016666666666667,0.0,0.0,0.0
0.02016666666666667,0.01,0.010000000000000002,0.014500000000000002,0.0,0.0,0.0
0.03383333333333332,0.010000000000000009,0.0165,0.024333333333333335,0.0,0.0,0.0
0.021500000000000002,0.01,0.006833333333333335,0.018666666666666665,0.0,0.0,0.0
0.020999999999999998,0.01,0.006833333333333333,0.017,0.0,0.0,0.0
0.016499999999999997,0.009999999999999998,0.008833333333333334,0.010500000000000002,0.0,0.0,0.0
0.03233333333333333,0.010000000000000009,0.00816666666666667,0.0285,0.0,0.0,0.0
0.02466666666666667,0.010000000000000009,0.01066666666666667,0.020166666666666673,0.0,0.0,0.0
0.019666666666666662,0.01,0.008666666666666668,0.016,0.0,0.0,0.0
0.028333333333333332,0.010000000000000009,0.014000000000000002,0.021666666666666667,0.0,0.0,0.0
0.025166666666666664,0.010000000000000009,0.009000000000000001,0.02183333333333333,0.0,0.0,0.0
0.024833333333333332,0.010000000000000009,0.011833333333333335,0.018000000000000002,0.0,0.0,0.0
0.017833333333333333,0.01,0.008000000000000002,0.013833333333333336,0.0,0.0,0.0
0.03616666666666666,0.010000000000000009,0.013833333333333336,0.029166666666666664,0.0,0.0,0.0
0.020333333333333335,0.010000000000000005,0.0085,0.016,0.0,0.0,0.0
0.024333333333333332,0.01,0.008833333333333334,0.02,0.0,0.0,0.0
0.0205,0.010000000000000005,0.006666666666666669,0.0175,0.0,0.0,0.0
0.02583333333333333,0.01,0.010000000000000002,0.020666666666666667,0.0,0.0,0.0
0.022000000000000002,0.010000000000000009,0.009000000000000001,0.0175,0.0,0.0,0.0
0.030499999999999992,0.010000000000000002,0.010833333333333335,0.02533333333333333,0.0,0.0,0.0
0.029,0.010000000000000009,0.012500000000000002,0.022500000000000003,0.0,0.0,0.0
0.025833333333333333,0.010000000000000002,0.016333333333333335,0.015833333333333335,0.0,0.0,0.0
0.02716666666666667,0.010000000000000005,0.01316666666666667,0.021666666666666667,0.0,0.0,0.0
0.020833333333333332,0.010000000000000009,0.015000000000000001,0.01266666666666667,0.0,0.0,0.0
0.034666666666666665,0.010000000000000009,0.009500000000000005,0.031999999999999994,0.0,0.0,0.0
0.01633333333333334,0.010000000000000009,0.008833333333333335,0.01216666666666667,0.0,0.0,0.0
0.012833333333333337,0.009999999999999998,0.004500000000000001,0.010166666666666668,0.0,0.0,0.0
0.025,0.010000000000000009,0.014833333333333336,0.016333333333333335,0.0,0.0,0.0
0.03033333333333333,0.010000000000000009,0.011666666666666669,0.025500000000000005,0.0,0.0,0.0
0.023499999999999997,0.010000000000000009,0.013833333333333335,0.016833333333333332,0.0,0.0,0.0
0.025166666666666667,0.01,0.013166666666666669,0.019500000000000007,0.0,0.0,0.0
0.0175,0.009999999999999998,0.007333333333333336,0.0145,0.0,0.0,0.0
0.026333333333333334,0.010000000000000002,0.01566666666666667,0.01666666666666667,0.0,0.0,0.0
0.02016666666666667,0.01,0.013166666666666665,0.013000000000000005,0.0,0.0,0.0
0.027333333333333334,0.01,0.009166666666666667,0.02183333333333333,0.0,0.0,0.0
0.02683333333333333,0.010000000000000002,0.008833333333333334,0.0225,0.0,0.0,0.0
0.023666666666666666,0.01,0.015333333333333332,0.014833333333333337,0.0,0.0,0.0
0.019333333333333334,0.009999999999999998,0.009500000000000001,0.013833333333333338,0.0,0.0,0.0
0.024500000000000004,0.010000000000000002,0.010666666666666668,0.01916666666666667,0.0,0.0,0.0
0.029333333333333336,0.010000000000000009,0.011333333333333334,0.02316666666666667,0.0,0.0,0.0
0.027833333333333335,0.010000000000000009,0.010166666666666666,0.023333333333333334,0.0,0.0,0.0
0.021500000000000005,0.01,0.0115,0.015333333333333336,0.0,0.0,0.0
0.018166666666666668,0.010000000000000009,0.0075000000000000015,0.01583333333333333,0.0,0.0,0.0
0.024,0.010000000000000002,0.00766666666666667,0.02066666666666667,0.0,0.0,0.0
0.02316666666666667,0.01,0.011666666666666667,0.017500000000000005,0.0,0.0,0.0
0.025500000000000002,0.010000000000000009,0.01233333333333334,0.021,0.0,0.0,0.0
0.03216666666666667,0.010000000000000009,0.010833333333333335,0.026500000000000006,0.0,0.0,0.0
0.02883333333333333,0.010000000000000009,0.012833333333333337,0.022500000000000003,0.0,0.0,0.0
0.030166666666666665,0.010000000000000009,0.014166666666666668,0.022333333333333334,0.0,0.0,0.0
0.02316666666666667,0.01,0.008500000000000002,0.019000000000000003,0.0,0.0,0.0
0.02316666666666667,0.01,0.0058333333333333345,0.020666666666666667,0.0,0.0,0.0
0.021833333333333333,0.010000000000000009,0.012500000000000002,0.014833333333333336,0.0,0.0,0.0
0.02283333333333333,0.01,0.007166666666666668,0.01883333333333333,0.0,0.0,0.0
0.0235,0.010000000000000005,0.005666666666666667,0.02183333333333333,0.0,0.0,0.0
0.01933333333333333,0.009999999999999998,0.009500000000000003,0.015333333333333336,0.0,0.0,0.0
0.022500000000000003,0.010000000000000002,0.012000000000000004,0.01633333333333333,0.0,0.0,0.0
0.024833333333333336,0.01,0.011833333333333333,0.017666666666666667,0.0,0.0,0.0
0.021500000000000002,0.010000000000000009,0.010333333333333335,0.018000000000000002,0.0,0.0,0.0
0.025500000000000002,0.010000000000000009,0.011166666666666667,0.019500000000000003,0.0,0.0,0.0
0.016166666666666666,0.009999999999999998,0.006333333333333333,0.012166666666666666,0.0,0.0,0.0
0.028166666666666666,0.010000000000000009,0.013833333333333335,0.02016666666666667,0.0,0.0,0.0
0.025666666666666667,0.01,0.0145,0.015833333333333338,0.0,0.0,0.0
0.02549999999999999,0.009999999999999998,0.009166666666666668,0.0215,0.0,0.0,0.0
0.026000000000000002,0.010000000000000009,0.012833333333333337,0.020166666666666666,0.0,0.0,0.0
0.0275,0.010000000000000009,0.014000000000000002,0.019333333333333334,0.0,0.0,0.0
0.023833333333333335,0.010000000000000009,0.011333333333333334,0.017333333333333333,0.0,0.0,0.0
0.021833333333333337,0.010000000000000005,0.012166666666666666,0.013333333333333338,0.0,0.0,0.0
0.02183333333333333,0.01,0.011000000000000001,0.015499999999999998,0.0,0.0,0.0
0.02333333333333333,0.01,0.006666666666666667,0.019666666666666666,0.0,0.0,0.0
0.02316666666666667,0.010000000000000005,0.009833333333333336,0.01916666666666667,0.0,0.0,0.0
0.033,0.010000000000000009,0.0165,0.02466666666666667,0.0,0.0,0.0
0.020166666666666666,0.01,0.009166666666666665,0.014666666666666668,0.0,0.0,0.0
0.026500000000000006,0.010000000000000009,0.010333333333333335,0.021666666666666667,0.0,0.0,0.0
0.029166666666666664,0.010000000000000009,0.015333333333333332,0.019666666666666673,0.0,0.0,0.0
0.025500000000000002,0.010000000000000005,0.009666666666666667,0.020499999999999997,0.0,0.0,0.0
0.014000000000000002,0.0,0.005833333333333335,0.013000000000000001,0.0,0.0,0.0
0.028166666666666666,0.010000000000000009,0.013833333333333335,0.020500000000000004,0.0,0.0,0.0
0.030666666666666665,0.010000000000000009,0.016666666666666666,0.021833333333333333,0.0,0.0,0.0
0.029166666666666667,0.010000000000000009,0.011000000000000003,0.024500000000000004,0.0,0.0,0.0
0.021166666666666667,0.010000000000000009,0.011166666666666668,0.015000000000000003,0.0,0.0,0.0
0.022666666666666665,0.01,0.008000000000000004,0.01933333333333333,0.0,0.0,0.0
0.017000000000000005,0.010000000000000005,0.011000000000000005,0.01216666666666667,0.0,0.0,0.0
0.03183333333333334,0.01,0.010000000000000002,0.02616666666666667,0.0,0.0,0.0
0.022333333333333334,0.009999999999999998,0.007333333333333334,0.019333333333333334,0.0,0.0,0.0
0.02333333333333333,0.010000000000000009,0.011333333333333332,0.017333333333333333,0.0,0.0,0.0
0.0315,0.010000000000000009,0.013500000000000003,0.023500000000000004,0.0,0.0,0.0
0.021666666666666667,0.010000000000000009,0.0105,0.01666666666666667,0.0,0.0,0.0
0.02666666666666667,0.010000000000000009,0.013666666666666667,0.018500000000000003,0.0,0.0,0.0
0.018000000000000006,0.01,0.008833333333333334,0.013666666666666667,0.0,0.0,0.0
0.022500000000000006,0.010000000000000009,0.008833333333333337,0.019833333333333335,0.0,0.0,0.0
0.019166666666666665,0.010000000000000002,0.012166666666666668,0.011666666666666669,0.0,0.0,0.0
0.0285,0.010000000000000009,0.009000000000000001,0.023,0.0,0.0,0.0
0.030999999999999996,0.010000000000000002,0.010833333333333334,0.024333333333333332,0.0,0.0,0.0
0.021166666666666667,0.01,0.011000000000000003,0.015333333333333334,0.0,0.0,0.0
0.0275,0.010000000000000009,0.010333333333333337,0.022500000000000003,0.0,0.0,0.0
0.03716666666666665,0.010000000000000009,0.010333333333333335,0.03333333333333333,0.0,0.0,0.0
0.02933333333333333,0.009999999999999998,0.007333333333333335,0.02583333333333333,0.0,0.0,0.0
0.024666666666666667,0.01,0.009166666666666667,0.01983333333333333,0.0,0.0,0.0
0.037,0.010000000000000009,0.01616666666666667,0.026833333333333334,0.0,0.0,0.0
0.018166666666666664,0.010000000000000009,0.005833333333333334,0.016166666666666666,0.0,0.0,0.0
0.027666666666666666,0.010000000000000009,0.011500000000000002,0.020666666666666667,0.0,0.0,0.0
0.027333333333333334,0.010000000000000009,0.012000000000000002,0.0205,0.0,0.0,0.0
0.02,0.010000000000000005,0.007500000000000003,0.017,0.0,0.0,0.0
0.025833333333333333,0.010000000000000005,0.006500000000000002,0.023166666666666665,0.0,0.0,0.0
0.02483333333333333,0.01,0.004500000000000002,0.023499999999999997,0.0,0.0,0.0
0.020833333333333336,0.010000000000000009,0.011833333333333336,0.014500000000000004,0.0,0.0,0.0
0.023833333333333335,0.010000000000000002,0.014500000000000006,0.01666666666666667,0.0,0.0,0.0
0.023,0.010000000000000005,0.008333333333333337,0.018666666666666668,0.0,0.0,0.0
0.03016666666666666,0.010000000000000009,0.009166666666666667,0.025166666666666664,0.0,0.0,0.0
0.025333333333333333,0.01,0.0175,0.01366666666666667,0.0,0.0,0.0
0.028166666666666663,0.010000000000000009,0.009666666666666672,0.024166666666666666,0.0,0.0,0.0
0.024833333333333332,0.009999999999999998,0.009666666666666667,0.019166666666666665,0.0,0.0,0.0
0.01933333333333333,0.01,0.008500000000000002,0.014500000000000002,0.0,0.0,0.0
0.025833333333333333,0.010000000000000009,0.007500000000000002,0.022166666666666668,0.0,0.0,0.0
0.02783333333333333,0.010000000000000009,0.009333333333333334,0.022666666666666665,0.0,0.0,0.0
0.0285,0.010000000000000009,0.012833333333333334,0.020333333333333335,0.0,0.0,0.0
0.02283333333333333,0.01,0.008666666666666666,0.0185,0.0,0.0,0.0
0.030999999999999996,0.010000000000000009,0.01216666666666667,0.025666666666666667,0.0,0.0,0.0
0.024500000000000004,0.010000000000000009,0.012,0.01816666666666667,0.0,0.0,0.0
0.021,0.010000000000000009,0.013666666666666667,0.013000000000000005,0.0,0.0,0.0
0.019333333333333334,0.010000000000000002,0.008166666666666671,0.01566666666666667,0.0,0.0,0.0
0.019666666666666666,0.01,0.009166666666666667,0.015333333333333332,0.0,0.0,0.0
0.027666666666666666,0.010000000000000005,0.01216666666666667,0.021833333333333333,0.0,0.0,0.0
0.035166666666666666,0.010000000000000009,0.013000000000000003,0.02766666666666667,0.0,0.0,0.0
0.022500000000000003,0.010000000000000009,0.013166666666666667,0.014000000000000005,0.0,0.0,0.0
0.022,0.01,0.0105,0.016,0.0,0.0,0.0
0.02166666666666666,0.01,0.009666666666666665,0.01583333333333333,0.0,0.0,0.0
0.02383333333333333,0.010000000000000009,0.012833333333333334,0.017333333333333336,0.0,0.0,0.0
0.021,0.01,0.011166666666666668,0.015000000000000003,0.0,0.0,0.0
0.022333333333333334,0.010000000000000005,0.005166666666666669,0.020833333333333332,0.0,0.0,0.0
0.02683333333333333,0.010000000000000009,0.01016666666666667,0.021833333333333333,0.0,0.0,0.0
0.014500000000000002,0.01,0.005166666666666669,0.012666666666666666,0.0,0.0,0.0
0.023999999999999997,0.009999999999999998,0.009166666666666667,0.02016666666666667,0.0,0.0,0.0
0.02233333333333333,0.010000000000000009,0.013833333333333335,0.014666666666666668,0.0,0.0,0.0
0.029666666666666664,0.010000000000000009,0.012333333333333337,0.024333333333333332,0.0,0.0,0.0
0.01933333333333333,0.01,0.013333333333333332,0.011833333333333336,0.0,0.0,0.0
0.02666666666666667,0.010000000000000009,0.009500000000000003,0.022833333333333334,0.0,0.0,0.0
0.02783333333333333,0.010000000000000009,0.014833333333333336,0.020166666666666666,0.0,0.0,0.0
0.029000000000000005,0.010000000000000009,0.013833333333333335,0.020833333333333336,0.0,0.0,0.0
0.02666666666666667,0.010000000000000009,0.009500000000000003,0.02366666666666667,0.0,0.0,0.0
0.017166666666666667,0.010000000000000002,0.005166666666666669,0.01566666666666667,0.0,0.0,0.0
0.026833333333333338,0.010000000000000009,0.01016666666666667,0.022000000000000006,0.0,0.0,0.0
0.024166666666666666,0.010000000000000009,0.012000000000000004,0.017833333333333333,0.0,0.0,0.0
0.02266666666666667,0.010000000000000009,0.008666666666666666,0.018166666666666668,0.0,0.0,0.0
0.025,0.010000000000000009,0.009333333333333334,0.020166666666666666,0.0,0.0,0.0
0.034166666666666665,0.010000000000000009,0.005000000000000003,0.032499999999999994,0.0,0.0,0.0
0.02483333333333333,0.010000000000000009,0.011166666666666667,0.018500000000000003,0.0,0.0,0.0
0.027166666666666665,0.010000000000000009,0.01116666666666667,0.02383333333333333,0.0,0.0,0.0
0.014500000000000002,0.009999999999999998,0.005833333333333335,0.012333333333333335,0.0,0.0,0.0
0.014833333333333336,0.009999999999999998,0.005166666666666668,0.013333333333333334,0.0,0.0,0.0
0.022666666666666665,0.01,0.005333333333333337,0.02183333333333333,0.0,0.0,0.0
0.0255,0.010000000000000005,0.010833333333333335,0.020666666666666663,0.0,0.0,0.0
0.02316666666666667,0.01,0.009166666666666667,0.0175,0.0,0.0,0.0
0.025333333333333333,0.010000000000000005,0.008166666666666668,0.02133333333333333,0.0,0.0,0.0
0.028999999999999995,0.010000000000000009,0.009000000000000001,0.024500000000000004,0.0,0.0,0.0
0.025666666666666667,0.010000000000000002,0.009000000000000003,0.020833333333333332,0.0,0.0,0.0
0.023166666666666665,0.01,0.010000000000000002,0.018000000000000002,0.0,0.0,0.0
0.03033333333333333,0.010000000000000009,0.011666666666666669,0.025166666666666664,0.0,0.0,0.0
0.027999999999999994,0.010000000000000002,0.011166666666666667,0.022833333333333334,0.0,0.0,0.0
0.024,0.010000000000000009,0.0075000000000000015,0.02,0.0,0.0,0.0
0.02133333333333333,0.01,0.009833333333333335,0.014333333333333335,0.0,0.0,0.0
0.029666666666666664,0.010000000000000009,0.011833333333333335,0.02433333333333333,0.0,0.0,0.0
0.017333333333333333,0.01,0.009666666666666669,0.013666666666666667,0.0,0.0,0.0
0.022000000000000002,0.010000000000000009,0.01233333333333334,0.016666666666666666,0.0,0.0,0.0
0.022166666666666668,0.010000000000000005,0.009333333333333336,0.017666666666666667,0.0,0.0,0.0
0.018500000000000006,0.010000000000000009,0.008500000000000004,0.01566666666666667,0.0,0.0,0.0
0.027999999999999994,0.010000000000000005,0.008166666666666668,0.02383333333333333,0.0,0.0,0.0
0.027500000000000004,0.010000000000000009,0.011166666666666668,0.022333333333333337,0.0,0.0,0.0
0.0235,0.010000000000000009,0.010500000000000002,0.018500000000000003,0.0,0.0,0.0
0.027333333333333328,0.010000000000000005,0.010666666666666668,0.022666666666666665,0.0,0.0,0.0
0.019666666666666666,0.01,0.004166666666666668,0.018166666666666664,0.0,0.0,0.0
0.02633333333333333,0.010000000000000002,0.011000000000000005,0.022000000000000002,0.0,0.0,0.0
0.026333333333333334,0.010000000000000009,0.008833333333333335,0.02316666666666667,0.0,0.0,0.0
0.03233333333333334,0.010000000000000009,0.01583333333333334,0.026500000000000003,0.0,0.0,0.0
0.019666666666666666,0.010000000000000002,0.008333333333333335,0.014833333333333336,0.0,0.0,0.0
0.017833333333333333,0.009999999999999998,0.005000000000000002,0.015333333333333336,0.0,0.0,0.0
0.029166666666666667,0.010000000000000009,0.012833333333333334,0.0205,0.0,0.0,0.0
0.020666666666666667,0.010000000000000009,0.011833333333333335,0.014333333333333335,0.0,0.0,0.0
0.02,0.01,0.009500000000000003,0.015499999999999998,0.0,0.0,0.0
0.027,0.010000000000000009,0.006666666666666668,0.023166666666666665,0.0,0.0,0.0
0.027500000000000004,0.010000000000000009,0.008666666666666671,0.024833333333333336,0.0,0.0,0.0
0.023000000000000007,0.010000000000000009,0.01416666666666667,0.016333333333333342,0.0,0.0,0.0
0.018333333333333333,0.010000000000000009,0.009333333333333334,0.013500000000000003,0.0,0.0,0.0
0.018166666666666664,0.009999999999999998,0.009333333333333334,0.014166666666666666,0.0,0.0,0.0
0.03433333333333332,0.015000000000000003,0.014166666666666666,0.025166666666666664,0.0,0.0,0.0
0.010333333333333337,0.009999999999999998,0.004333333333333336,0.009500000000000003,0.0,0.0,0.0
0.023166666666666665,0.010000000000000009,0.012666666666666666,0.015000000000000006,0.0,0.0,0.0
0.02516666666666667,0.010000000000000005,0.0085,0.02066666666666667,0.0,0.0,0.0
0.021166666666666667,0.01,0.01,0.015833333333333335,0.0,0.0,0.0
0.02933333333333333,0.010000000000000009,0.011833333333333331,0.022666666666666665,0.0,0.0,0.0
0.032999999999999995,0.010000000000000009,0.016833333333333332,0.023000000000000003,0.0,0.0,0.0
0.023,0.010000000000000009,0.011000000000000003,0.018000000000000002,0.0,0.0,0.0
0.028166666666666663,0.01,0.015000000000000003,0.021,0.0,0.0,0.0
0.02733333333333333,0.010000000000000009,0.010166666666666668,0.023,0.0,0.0,0.0
0.027,0.010000000000000002,0.013666666666666669,0.019666666666666666,0.0,0.0,0.0
0.02116666666666667,0.010000000000000009,0.007833333333333336,0.018166666666666668,0.0,0.0,0.0
0.02233333333333333,0.010000000000000009,0.010000000000000002,0.018333333333333333,0.0,0.0,0.0
0.020166666666666673,0.01,0.009500000000000001,0.016,0.0,0.0,0.0
0.026666666666666665,0.010000000000000009,0.018000000000000002,0.017000000000000008,0.0,0.0,0.0
0.018500000000000003,0.01,0.009166666666666668,0.014333333333333335,0.0,0.0,0.0
0.017,0.01,0.004666666666666669,0.015000000000000003,0.0,0.0,0.0
0.025666666666666667,0.010000000000000009,0.013833333333333336,0.01883333333333333,0.0,0.0,0.0
0.0275,0.01,0.016666666666666666,0.017833333333333336,0.0,0.0,0.0
0.021666666666666667,0.010000000000000005,0.009333333333333334,0.01616666666666667,0.0,0.0,0.0
0.025166666666666664,0.010000000000000009,0.011833333333333335,0.01966666666666667,0.0,0.0,0.0
0.019666666666666666,0.010000000000000009,0.0070000000000000045,0.018166666666666668,0.0,0.0,0.0
0.024666666666666667,0.010000000000000009,0.008833333333333337,0.020166666666666666,0.0,0.0,0.0
0.022166666666666668,0.01,0.011000000000000003,0.016,0.0,0.0,0.0
0.027333333333333334,0.010000000000000009,0.005500000000000002,0.025833333333333333,0.0,0.0,0.0
0.02283333333333333,0.01,0.005166666666666669,0.021166666666666663,0.0,0.0,0.0
0.025500000000000002,0.010000000000000002,0.012666666666666668,0.018166666666666668,0.0,0.0,0.0
0.02116666666666667,0.010000000000000009,0.008500000000000002,0.01716666666666667,0.0,0.0,0.0
0.024666666666666667,0.01,0.012333333333333337,0.019166666666666672,0.0,0.0,0.0
0.021000000000000005,0.01,0.008333333333333335,0.015500000000000002,0.0,0.0,0.0
0.02616666666666667,0.010000000000000009,0.013500000000000005,0.019000000000000006,0.0,0.0,0.0
0.027999999999999994,0.010000000000000009,0.010333333333333333,0.023500000000000004,0.0,0.0,0.0
0.025166666666666667,0.010000000000000009,0.009833333333333335,0.020500000000000004,0.0,0.0,0.0
0.021666666666666667,0.01,0.008500000000000002,0.018166666666666668,0.0,0.0,0.0
0.03233333333333333,0.010000000000000009,0.011500000000000002,0.026333333333333334,0.0,0.0,0.0
0.021,0.010000000000000009,0.006666666666666669,0.018000000000000002,0.0,0.0,0.0
0.021833333333333333,0.010000000000000002,0.010833333333333334,0.015833333333333335,0.0,0.0,0.0
0.019499999999999997,0.009999999999999998,0.005833333333333334,0.01583333333333333,0.0,0.0,0.0
0.024500000000000004,0.010000000000000009,0.010833333333333335,0.019000000000000003,0.0,0.0,0.0
0.021,0.010000000000000009,0.010166666666666668,0.01566666666666667,0.0,0.0,0.0
0.026,0.010000000000000005,0.010166666666666666,0.01983333333333333,0.0,0.0,0.0
0.020999999999999998,0.010000000000000005,0.009833333333333335,0.016,0.0,0.0,0.0
0.026500000000000003,0.010000000000000009,0.010666666666666666,0.02116666666666667,0.0,0.0,0.0
0.023000000000000003,0.010000000000000009,0.007833333333333335,0.020666666666666667,0.0,0.0,0.0
0.02366666666666667,0.010000000000000009,0.009666666666666664,0.017833333333333333,0.0,0.0,0.0
0.02266666666666667,0.010000000000000002,0.006833333333333338,0.020666666666666667,0.0,0.0,0.0
0.02933333333333333,0.01,0.014999999999999998,0.01833333333333333,0.0,0.0,0.0
0.028333333333333335,0.010000000000000009,0.01266666666666667,0.021666666666666664,0.0,0.0,0.0
0.022166666666666668,0.010000000000000005,0.008333333333333333,0.017,0.0,0.0,0.0
0.02016666666666667,0.01,0.005500000000000001,0.016833333333333336,0.0,0.0,0.0
0.024,0.01,0.010000000000000002,0.0185,0.0,0.0,0.0
0.03833333333333333,0.010000000000000009,0.014333333333333335,0.030499999999999996,0.0,0.0,0.0
0.0205,0.01,0.009166666666666667,0.016333333333333335,0.0,0.0,0.0
0.024833333333333332,0.010000000000000009,0.0068333333333333345,0.0225,0.0,0.0,0.0
0.022666666666666665,0.010000000000000009,0.011833333333333333,0.015500000000000003,0.0,0.0,0.0
0.022166666666666668,0.01,0.009666666666666667,0.016166666666666666,0.0,0.0,0.0
0.0195,0.01,0.009333333333333334,0.015000000000000003,0.0,0.0,0.0
0.022833333333333327,0.009999999999999998,0.01,0.01733333333333333,0.0,0.0,0.0
0.02733333333333333,0.009999999999999998,0.009333333333333334,0.02383333333333333,0.0,0.0,0.0
0.02433333333333333,0.010000000000000005,0.004833333333333334,0.022,0.0,0.0,0.0
0.022,0.010000000000000009,0.009333333333333336,0.01916666666666667,0.0,0.0,0.0
0.023000000000000003,0.010000000000000002,0.012833333333333337,0.017666666666666667,0.0,0.0,0.0
0.0265,0.009999999999999998,0.0066666666666666706,0.024166666666666666,0.0,0.0,0.0
0.019333333333333334,0.009999999999999998,0.008333333333333335,0.013666666666666667,0.0,0.0,0.0
0.016666666666666666,0.01,0.010166666666666668,0.011500000000000003,0.0,0.0,0.0
0.01883333333333333,0.01,0.0071666666666666675,0.015333333333333334,0.0,0.0,0.0
0.021500000000000002,0.010000000000000009,0.013166666666666667,0.013833333333333336,0.0,0.0,0.0
0.023000000000000003,0.010000000000000002,0.012166666666666666,0.015833333333333338,0.0,0.0,0.0
0.028333333333333332,0.010000000000000009,0.012333333333333335,0.02066666666666667,0.0,0.0,0.0
0.021333333333333336,0.01,0.011500000000000003,0.015333333333333338,0.0,0.0,0.0
0.033166666666666664,0.010000000000000009,0.0145,0.024333333333333335,0.0,0.0,0.0
0.024,0.010000000000000005,0.010000000000000002,0.0175,0.0,0.0,0.0
0.020333333333333328,0.009999999999999998,0.0085,0.016333333333333335,0.0,0.0,0.0
0.0165,0.01,0.0105,0.01016666666666667,0.0,0.0,0.0
0.019666666666666666,0.010000000000000009,0.009166666666666668,0.01616666666666667,0.0,0.0,0.0
0.019166666666666665,0.01,0.006333333333333336,0.015833333333333335,0.0,0.0,0.0
0.0165,0.009999999999999998,0.011000000000000001,0.009500000000000003,0.0,0.0,0.0
0.02166666666666667,0.010000000000000005,0.009000000000000005,0.01766666666666667,0.0,0.0,0.0
0.019500000000000003,0.010000000000000009,0.009666666666666667,0.014333333333333335,0.0,0.0,0.0
0.01983333333333333,0.010000000000000005,0.008000000000000002,0.01616666666666667,0.0,0.0,0.0
0.023166666666666665,0.01,0.010666666666666666,0.017666666666666664,0.0,0.0,0.0
0.027666666666666662,0.01,0.016999999999999998,0.01566666666666667,0.0,0.0,0.0
0.0205,0.010000000000000009,0.011333333333333338,0.015000000000000005,0.0,0.0,0.0
0.024333333333333332,0.009999999999999998,0.011166666666666667,0.018500000000000003,0.0,0.0,0.0
0.012666666666666666,0.009999999999999998,0.006333333333333335,0.010000000000000002,0.0,0.0,0.0
0.024,0.010000000000000002,0.014000000000000002,0.014333333333333335,0.0,0.0,0.0
0.013333333333333334,0.009999999999999998,0.006000000000000004,0.010666666666666668,0.0,0.0,0.0
0.018333333333333333,0.01,0.008166666666666673,0.015500000000000002,0.0,0.0,0.0
0.020666666666666663,0.009999999999999998,0.011166666666666667,0.013833333333333335,0.0,0.0,0.0
0.021,0.01,0.007333333333333334,0.0175,0.0,0.0,0.0
0.02033333333333333,0.009999999999999998,0.0036666666666666683,0.01883333333333333,0.0,0.0,0.0
0.02666666666666667,0.010000000000000009,0.013000000000000005,0.020333333333333335,0.0,0.0,0.0
0.021000000000000005,0.010000000000000002,0.011833333333333336,0.01566666666666667,0.0,0.0,0.0
0.025500000000000002,0.010000000000000009,0.007166666666666669,0.022166666666666664,0.0,0.0,0.0
0.023833333333333324,0.01,0.011333333333333334,0.017166666666666667,0.0,0.0,0.0
0.03033333333333333,0.01,0.017333333333333333,0.020833333333333336,0.0,0.0,0.0
0.015833333333333338,0.010000000000000002,0.007333333333333336,0.012500000000000004,0.0,0.0,0.0
0.027833333333333335,0.010000000000000009,0.008666666666666668,0.024333333333333335,0.0,0.0,0.0
0.022166666666666664,0.01,0.015166666666666665,0.013000000000000005,0.0,0.0,0.0
0.023,0.010000000000000009,0.007166666666666669,0.02033333333333333,0.0,0.0,0.0
0.0255,0.010000000000000002,0.009500000000000001,0.021500000000000002,0.0,0.0,0.0
0.026499999999999992,0.01,0.009,0.02133333333333333,0.0,0.0,0.0
0.020166666666666666,0.010000000000000009,0.009666666666666667,0.015166666666666669,0.0,0.0,0.0
0.014,0.009999999999999998,0.005666666666666668,0.011333333333333334,0.0,0.0,0.0
0.038,0.010000000000000009,0.017,0.02816666666666667,0.0,0.0,0.0
0.03583333333333332,0.019999999999999997,0.0165,0.02666666666666667,0.0,0.0,0.0
0.020833333333333332,0.010000000000000009,0.008500000000000002,0.0165,0.0,0.0,0.0
0.023833333333333335,0.010000000000000009,0.0068333333333333345,0.021166666666666667,0.0,0.0,0.0
0.0205,0.01,0.009833333333333335,0.014666666666666668,0.0,0.0,0.0
0.02666666666666667,0.01,0.0145,0.019500000000000007,0.0,0.0,0.0
0.03033333333333333,0.010000000000000009,0.008166666666666668,0.027166666666666665,0.0,0.0,0.0
0.02216666666666666,0.010000000000000009,0.011666666666666665,0.015166666666666669,0.0,0.0,0.0
0.0325,0.010000000000000009,0.011166666666666667,0.026500000000000003,0.0,0.0,0.0
0.014833333333333334,0.010000000000000009,0.004500000000000001,0.012666666666666666,0.0,0.0,0.0
0.03216666666666666,0.010000000000000009,0.0095,0.026666666666666665,0.0,0.0,0.0
0.03216666666666666,0.010000000000000009,0.013500000000000002,0.02633333333333333,0.0,0.0,0.0
0.015833333333333335,0.010000000000000002,0.010333333333333337,0.011333333333333336,0.0,0.0,0.0
0.024999999999999998,0.010000000000000009,0.004666666666666669,0.023833333333333328,0.0,0.0,0.0
0.0255,0.010000000000000005,0.008833333333333335,0.02133333333333333,0.0,0.0,0.0
0.03733333333333332,0.010000000000000009,0.013333333333333336,0.03116666666666667,0.0,0.0,0.0
0.02366666666666667,0.010000000000000009,0.009166666666666672,0.0205,0.0,0.0,0.0
0.01566666666666667,0.009999999999999998,0.009666666666666665,0.011166666666666668,0.0,0.0,0.0
0.021333333333333336,0.010000000000000005,0.009833333333333335,0.016,0.0,0.0,0.0
0.0235,0.010000000000000009,0.008333333333333333,0.0195,0.0,0.0,0.0
0.03116666666666667,0.010000000000000005,0.008333333333333335,0.027166666666666665,0.0,0.0,0.0
0.018833333333333334,0.010000000000000009,0.007000000000000002,0.016333333333333335,0.0,0.0,0.0
0.024,0.010000000000000009,0.009833333333333338,0.019833333333333335,0.0,0.0,0.0
0.025833333333333333,0.010000000000000009,0.012666666666666668,0.017333333333333333,0.0,0.0,0.0
0.029166666666666667,0.010000000000000009,0.011500000000000005,0.024,0.0,0.0,0.0
0.03616666666666666,0.010000000000000009,0.014500000000000002,0.027166666666666665,0.0,0.0,0.0
0.02666666666666667,0.010000000000000009,0.016833333333333336,0.01716666666666667,0.0,0.0,0.0
0.026166666666666668,0.010000000000000009,0.010166666666666673,0.021833333333333333,0.0,0.0,0.0
0.021166666666666667,0.01,0.009666666666666667,0.015500000000000002,0.0,0.0,0.0
0.02,0.010000000000000005,0.008500000000000004,0.01566666666666667,0.0,0.0,0.0
0.021666666666666664,0.01,0.007000000000000001,0.016999999999999998,0.0,0.0,0.0
0.028499999999999994,0.010000000000000009,0.012333333333333335,0.02183333333333333,0.0,0.0,0.0
0.022000000000000002,0.01,0.011166666666666668,0.01616666666666667,0.0,0.0,0.0
0.02383333333333333,0.009999999999999998,0.00766666666666667,0.02033333333333333,0.0,0.0,0.0
0.024,0.010000000000000009,0.009166666666666668,0.02016666666666667,0.0,0.0,0.0
0.018166666666666668,0.010000000000000005,0.009833333333333335,0.014500000000000004,0.0,0.0,0.0
0.028166666666666663,0.010000000000000005,0.012666666666666666,0.020166666666666666,0.0,0.0,0.0
0.028333333333333332,0.010000000000000002,0.014500000000000002,0.02133333333333333,0.0,0.0,0.0
0.020833333333333336,0.01,0.013500000000000002,0.014166666666666668,0.0,0.0,0.0
0.022500000000000006,0.010000000000000005,0.010500000000000002,0.016500000000000004,0.0,0.0,0.0
0.027166666666666665,0.01,0.013000000000000001,0.019166666666666665,0.0,0.0,0.0
0.028,0.010000000000000009,0.007999999999999998,0.024,0.0,0.0,0.0
0.03066666666666667,0.010000000000000009,0.011333333333333336,0.026000000000000002,0.0,0.0,0.0
0.020833333333333332,0.009999999999999998,0.005500000000000002,0.018666666666666665,0.0,0.0,0.0
0.014500000000000006,0.01,0.006833333333333338,0.01266666666666667,0.0,0.0,0.0
0.022833333333333334,0.010000000000000005,0.01016666666666667,0.018833333333333334,0.0,0.0,0.0
0.02333333333333333,0.010000000000000009,0.010833333333333332,0.01566666666666667,0.0,0.0,0.0
0.021333333333333333,0.010000000000000009,0.010833333333333335,0.01616666666666667,0.0,0.0,0.0
0.023833333333333328,0.01,0.009333333333333334,0.018333333333333333,0.0,0.0,0.0
0.02233333333333333,0.009999999999999998,0.009333333333333334,0.016666666666666666,0.0,0.0,0.0
0.022000000000000002,0.010000000000000009,0.009000000000000001,0.018666666666666668,0.0,0.0,0.0
0.026000000000000002,0.010000000000000002,0.013500000000000003,0.018166666666666668,0.0,0.0,0.0
0.027000000000000003,0.010000000000000009,0.015166666666666665,0.018166666666666664,0.0,0.0,0.0
0.026500000000000006,0.010000000000000005,0.011833333333333336,0.021166666666666667,0.0,0.0,0.0
0.025833333333333333,0.010000000000000009,0.014166666666666664,0.01766666666666667,0.0,0.0,0.0
0.012333333333333337,0.009999999999999998,0.005000000000000002,0.010333333333333335,0.0,0.0,0.0
0.024833333333333336,0.010000000000000009,0.011166666666666668,0.018500000000000003,0.0,0.0,0.0
0.0275,0.010000000000000009,0.007666666666666666,0.023,0.0,0.0,0.0
0.024,0.010000000000000009,0.011666666666666665,0.01816666666666667,0.0,0.0,0.0
0.023500000000000004,0.009999999999999998,0.009166666666666668,0.01966666666666667,0.0,0.0,0.0
0.023,0.01,0.009166666666666668,0.01966666666666667,0.0,0.0,0.0
0.029833333333333326,0.010000000000000009,0.015500000000000002,0.019833333333333335,0.0,0.0,0.0
0.01733333333333333,0.01,0.007000000000000001,0.013166666666666667,0.0,0.0,0.0
0.019500000000000003,0.009999999999999998,0.0075000000000000015,0.015166666666666669,0.0,0.0,0.0
0.022,0.010000000000000009,0.008333333333333335,0.017166666666666667,0.0,0.0,0.0
0.018000000000000002,0.0,0.005500000000000001,0.01566666666666667,0.0,0.0,0.0
0.02483333333333333,0.010000000000000009,0.008833333333333334,0.019000000000000003,0.0,0.0,0.0
0.021500000000000002,0.010000000000000009,0.008333333333333335,0.017333333333333333,0.0,0.0,0.0
0.0185,0.010000000000000009,0.008833333333333334,0.015000000000000003,0.0,0.0,0.0
0.02033333333333334,0.010000000000000009,0.008666666666666666,0.0165,0.0,0.0,0.0
0.02333333333333333,0.010000000000000009,0.011833333333333336,0.01633333333333333,0.0,0.0,0.0
0.02233333333333333,0.01,0.0071666666666666675,0.019166666666666665,0.0,0.0,0.0
0.017166666666666667,0.01,0.007833333333333335,0.013333333333333334,0.0,0.0,0.0
0.017833333333333333,0.009999999999999998,0.006666666666666667,0.014500000000000002,0.0,0.0,0.0
0.025666666666666667,0.010000000000000009,0.014333333333333335,0.01866666666666667,0.0,0.0,0.0
0.025666666666666664,0.010000000000000009,0.012166666666666666,0.018166666666666668,0.0,0.0,0.0
0.016,0.010000000000000005,0.009833333333333335,0.011333333333333336,0.0,0.0,0.0
0.021000000000000005,0.010000000000000009,0.009000000000000003,0.01716666666666667,0.0,0.0,0.0
0.01916666666666667,0.010000000000000009,0.009833333333333336,0.015000000000000003,0.0,0.0,0.0
0.02316666666666667,0.010000000000000009,0.008666666666666671,0.019833333333333335,0.0,0.0,0.0
0.021000000000000005,0.010000000000000005,0.004333333333333336,0.018666666666666668,0.0,0.0,0.0
0.025333333333333333,0.009999999999999998,0.009333333333333336,0.02033333333333333,0.0,0.0,0.0
0.030499999999999992,0.010000000000000009,0.011166666666666668,0.02533333333333333,0.0,0.0,0.0
0.023833333333333335,0.010000000000000009,0.010500000000000002,0.018333333333333333,0.0,0.0,0.0
0.027166666666666662,0.010000000000000009,0.013500000000000002,0.019833333333333335,0.0,0.0,0.0
0.0185,0.01,0.006666666666666668,0.014999999999999998,0.0,0.0,0.0
0.0175,0.010000000000000005,0.009666666666666667,0.011833333333333335,0.0,0.0,0.0
0.02233333333333333,0.01,0.008333333333333335,0.018000000000000002,0.0,0.0,0.0
0.0195,0.010000000000000009,0.009500000000000001,0.013833333333333335,0.0,0.0,0.0
0.016000000000000004,0.01,0.007333333333333339,0.014333333333333337,0.0,0.0,0.0
0.017833333333333336,0.010000000000000009,0.010833333333333337,0.011500000000000005,0.0,0.0,0.0
0.021333333333333333,0.010000000000000009,0.010000000000000002,0.016666666666666666,0.0,0.0,0.0
0.020833333333333332,0.010000000000000009,0.01016666666666667,0.016833333333333336,0.0,0.0,0.0
0.024666666666666667,0.009999999999999998,0.006666666666666667,0.021666666666666664,0.0,0.0,0.0
0.018833333333333334,0.01,0.008666666666666668,0.01566666666666667,0.0,0.0,0.0
0.028499999999999994,0.010000000000000005,0.010666666666666666,0.022500000000000003,0.0,0.0,0.0
0.026166666666666664,0.01,0.010833333333333337,0.021666666666666664,0.0,0.0,0.0
0.029500000000000002,0.010000000000000009,0.008000000000000002,0.026333333333333334,0.0,0.0,0.0
0.02333333333333333,0.010000000000000009,0.007166666666666669,0.01883333333333333,0.0,0.0,0.0
0.026000000000000002,0.010000000000000009,0.012333333333333333,0.01866666666666667,0.0,0.0,0.0
0.02383333333333333,0.010000000000000009,0.009833333333333335,0.01833333333333333,0.0,0.0,0.0
0.027500000000000004,0.01,0.0135,0.019833333333333335,0.0,0.0,0.0
0.021166666666666663,0.009999999999999998,0.012333333333333333,0.014333333333333333,0.0,0.0,0.0
0.023666666666666666,0.010000000000000009,0.010666666666666668,0.018166666666666664,0.0,0.0,0.0
0.026500000000000003,0.010000000000000009,0.01216666666666667,0.020333333333333335,0.0,0.0,0.0
0.02033333333333333,0.010000000000000009,0.008000000000000002,0.017833333333333333,0.0,0.0,0.0
0.02533333333333333,0.010000000000000009,0.01616666666666667,0.015000000000000003,0.0,0.0,0.0
0.019333333333333334,0.010000000000000009,0.0068333333333333345,0.015166666666666667,0.0,0.0,0.0
0.0245,0.010000000000000009,0.010500000000000002,0.018000000000000002,0.0,0.0,0.0
0.0265,0.01,0.008833333333333337,0.02233333333333333,0.0,0.0,0.0
0.021,0.01,0.005000000000000002,0.019833333333333335,0.0,0.0,0.0
0.033166666666666664,0.010000000000000009,0.010333333333333335,0.027666666666666666,0.0,0.0,0.0
0.0225,0.01,0.011833333333333333,0.015000000000000001,0.0,0.0,0.0
0.022666666666666665,0.010000000000000005,0.010166666666666668,0.017666666666666667,0.0,0.0,0.0
0.02533333333333333,0.010000000000000002,0.007833333333333333,0.020166666666666666,0.0,0.0,0.0
0.019333333333333334,0.01,0.0058333333333333345,0.016500000000000004,0.0,0.0,0.0
0.02866666666666667,0.010000000000000009,0.01066666666666667,0.024833333333333336,0.0,0.0,0.0
0.026333333333333337,0.010000000000000009,0.01416666666666667,0.01966666666666667,0.0,0.0,0.0
0.029666666666666664,0.010000000000000005,0.007833333333333333,0.025166666666666664,0.0,0.0,0.0
0.024000000000000004,0.01,0.009500000000000001,0.018666666666666668,0.0,0.0,0.0
0.022166666666666664,0.010000000000000009,0.005333333333333334,0.019333333333333327,0.0,0.0,0.0
0.019833333333333335,0.010000000000000002,0.007833333333333335,0.015166666666666669,0.0,0.0,0.0
0.013666666666666667,0.009999999999999998,0.007833333333333335,0.008833333333333335,0.0,0.0,0.0
0.025333333333333333,0.010000000000000005,0.00766666666666667,0.021833333333333333,0.0,0.0,0.0
0.022000000000000006,0.010000000000000009,0.011666666666666669,0.015833333333333335,0.0,0.0,0.0
0.0265,0.010000000000000009,0.011333333333333334,0.020333333333333335,0.0,0.0,0.0
0.017333333333333333,0.009999999999999998,0.006,0.013166666666666667,0.0,0.0,0.0
0.020666666666666667,0.01,0.009,0.015000000000000003,0.0,0.0,0.0
0.01983333333333333,0.010000000000000009,0.012666666666666668,0.013166666666666669,0.0,0.0,0.0
0.020666666666666667,0.010000000000000009,0.009333333333333336,0.015166666666666667,0.0,0.0,0.0
0.02,0.010000000000000002,0.005333333333333337,0.01883333333333333,0.0,0.0,0.0
0.026333333333333337,0.010000000000000009,0.006500000000000004,0.0235,0.0,0.0,0.0
0.027500000000000004,0.010000000000000009,0.012666666666666668,0.021333333333333336,0.0,0.0,0.0
0.023833333333333328,0.010000000000000005,0.010166666666666668,0.018166666666666664,0.0,0.0,0.0
0.018,0.01,0.0051666666666666675,0.015166666666666663,0.0,0.0,0.0
0.021833333333333333,0.010000000000000009,0.011833333333333333,0.015500000000000003,0.0,0.0,0.0
0.03166666666666666,0.010000000000000009,0.016666666666666666,0.022166666666666668,0.0,0.0,0.0
0.02,0.01,0.009333333333333334,0.01616666666666667,0.0,0.0,0.0
0.021,0.01,0.008666666666666668,0.0165,0.0,0.0,0.0
0.019500000000000003,0.01,0.008833333333333334,0.014333333333333335,0.0,0.0,0.0
0.02116666666666667,0.009999999999999998,0.007500000000000004,0.018166666666666668,0.0,0.0,0.0
0.03516666666666666,0.010000000000000002,0.013000000000000001,0.0275,0.0,0.0,0.0
0.022166666666666668,0.01,0.009500000000000003,0.018166666666666668,0.0,0.0,0.0
0.026000000000000002,0.01,0.008500000000000004,0.021000000000000005,0.0,0.0,0.0
0.02116666666666667,0.010000000000000005,0.012000000000000002,0.01366666666666667,0.0,0.0,0.0
0.03233333333333333,0.010000000000000009,0.011833333333333336,0.027,0.0,0.0,0.0
0.021833333333333333,0.01,0.006333333333333335,0.019833333333333335,0.0,0.0,0.0
0.019166666666666672,0.010000000000000002,0.007833333333333335,0.015833333333333335,0.0,0.0,0.0
0.020166666666666666,0.01,0.011500000000000002,0.014166666666666666,0.0,0.0,0.0
0.025666666666666664,0.01,0.009833333333333335,0.020500000000000004,0.0,0.0,0.0
0.02316666666666667,0.010000000000000009,0.009000000000000001,0.018333333333333333,0.0,0.0,0.0
0.020833333333333332,0.010000000000000009,0.008000000000000004,0.016833333333333332,0.0,0.0,0.0
0.023,0.009999999999999998,0.009500000000000001,0.01783333333333333,0.0,0.0,0.0
0.015833333333333335,0.01,0.007833333333333336,0.012666666666666668,0.0,0.0,0.0
0.022166666666666664,0.01,0.011833333333333333,0.014666666666666668,0.0,0.0,0.0
0.01983333333333333,0.01,0.007166666666666669,0.017333333333333333,0.0,0.0,0.0
0.022333333333333334,0.010000000000000009,0.006666666666666668,0.020000000000000004,0.0,0.0,0.0
0.030499999999999996,0.010000000000000009,0.018666666666666665,0.018666666666666668,0.0,0.0,0.0
0.024333333333333332,0.010000000000000009,0.014500000000000002,0.017833333333333336,0.0,0.0,0.0
0.03033333333333333,0.010000000000000009,0.009166666666666667,0.025999999999999992,0.0,0.0,0.0
0.02466666666666667,0.010000000000000005,0.012333333333333337,0.01866666666666667,0.0,0.0,0.0
0.024166666666666666,0.010000000000000005,0.007333333333333335,0.021333333333333333,0.0,0.0,0.0
0.024666666666666667,0.010000000000000009,0.0175,0.014000000000000004,0.0,0.0,0.0
0.023166666666666665,0.01,0.011333333333333332,0.01616666666666667,0.0,0.0,0.0
0.023000000000000003,0.01,0.010166666666666668,0.018666666666666668,0.0,0.0,0.0
0.02466666666666667,0.010000000000000009,0.012333333333333335,0.01916666666666667,0.0,0.0,0.0
0.022666666666666665,0.009999999999999998,0.013000000000000001,0.014000000000000004,0.0,0.0,0.0
0.02233333333333333,0.009999999999999998,0.008666666666666668,0.017833333333333333,0.0,0.0,0.0
0.0265,0.010000000000000009,0.010666666666666668,0.021500000000000002,0.0,0.0,0.0
0.021166666666666667,0.009999999999999998,0.012000000000000002,0.015166666666666669,0.0,0.0,0.0
0.025500000000000002,0.01,0.008666666666666666,0.021500000000000002,0.0,0.0,0.0
0.013833333333333335,0.01,0.006666666666666669,0.009666666666666667,0.0,0.0,0.0
0.02016666666666667,0.010000000000000009,0.011333333333333334,0.014500000000000004,0.0,0.0,0.0
0.02083333333333333,0.009999999999999998,0.008666666666666666,0.016,0.0,0.0,0.0
0.02916666666666666,0.010000000000000009,0.014,0.021,0.0,0.0,0.0
0.023833333333333335,0.010000000000000009,0.008500000000000002,0.02033333333333333,0.0,0.0,0.0
0.02783333333333333,0.010000000000000009,0.004333333333333333,0.025666666666666667,0.0,0.0,0.0
0.021333333333333333,0.010000000000000009,0.007333333333333335,0.018833333333333334,0.0,0.0,0.0
0.02233333333333333,0.009999999999999998,0.006000000000000001,0.020166666666666666,0.0,0.0,0.0
0.019500000000000003,0.010000000000000009,0.010500000000000002,0.013166666666666667,0.0,0.0,0.0
0.023,0.010000000000000009,0.009500000000000003,0.018333333333333333,0.0,0.0,0.0
0.025666666666666664,0.010000000000000009,0.007833333333333336,0.023166666666666665,0.0,0.0,0.0
0.022333333333333334,0.01,0.0145,0.014000000000000004,0.0,0.0,0.0
0.025833333333333333,0.010000000000000009,0.008333333333333337,0.02183333333333333,0.0,0.0,0.0
0.03666666666666667,0.010000000000000009,0.012500000000000002,0.030166666666666665,0.0,0.0,0.0
0.023000000000000003,0.010000000000000009,0.009666666666666667,0.01716666666666667,0.0,0.0,0.0
0.02933333333333333,0.010000000000000009,0.014666666666666666,0.020333333333333335,0.0,0.0,0.0
0.02283333333333333,0.009999999999999998,0.0031666666666666666,0.021,0.0,0.0,0.0
0.027999999999999994,0.01,0.0085,0.023666666666666666,0.0,0.0,0.0
0.03149999999999999,0.010000000000000002,0.013166666666666667,0.023333333333333334,0.0,0.0,0.0
0.021000000000000005,0.01,0.010333333333333335,0.01566666666666667,0.0,0.0,0.0
0.012833333333333334,0.009999999999999998,0.005666666666666669,0.010833333333333335,0.0,0.0,0.0
0.025,0.01,0.01216666666666667,0.018500000000000003,0.0,0.0,0.0
0.0285,0.010000000000000002,0.008000000000000002,0.024333333333333332,0.0,0.0,0.0
0.024999999999999998,0.01,0.009166666666666667,0.01983333333333333,0.0,0.0,0.0
0.018000000000000006,0.01,0.006500000000000002,0.014833333333333336,0.0,0.0,0.0
0.020166666666666666,0.010000000000000009,0.010333333333333337,0.017,0.0,0.0,0.0
0.018166666666666668,0.010000000000000002,0.010833333333333335,0.012333333333333337,0.0,0.0,0.0
0.02666666666666667,0.010000000000000009,0.013333333333333336,0.02133333333333333,0.0,0.0,0.0
0.02233333333333333,0.010000000000000002,0.013166666666666667,0.014166666666666668,0.0,0.0,0.0
0.02,0.01,0.008333333333333333,0.016,0.0,0.0,0.0
0.018166666666666668,0.010000000000000002,0.0053333333333333375,0.0165,0.0,0.0,0.0
0.021500000000000002,0.01,0.012000000000000002,0.015000000000000005,0.0,0.0,0.0
0.025333333333333333,0.010000000000000009,0.013000000000000001,0.018833333333333337,0.0,0.0,0.0
0.020500000000000008,0.010000000000000005,0.009000000000000003,0.01716666666666667,0.0,0.0,0.0
0.02266666666666667,0.010000000000000009,0.013166666666666667,0.013500000000000003,0.0,0.0,0.0
0.014333333333333335,0.010000000000000002,0.005333333333333337,0.012833333333333334,0.0,0.0,0.0
0.024,0.010000000000000009,0.014000000000000002,0.015166666666666669,0.0,0.0,0.0
0.023000000000000003,0.010000000000000009,0.012666666666666668,0.016833333333333336,0.0,0.0,0.0
0.0245,0.010000000000000009,0.012000000000000002,0.01916666666666667,0.0,0.0,0.0
0.024000000000000004,0.010000000000000005,0.015000000000000003,0.016166666666666673,0.0,0.0,0.0
0.03133333333333334,0.010000000000000009,0.018000000000000006,0.02216666666666667,0.0,0.0,0.0
0.019166666666666665,0.010000000000000002,0.008833333333333337,0.014833333333333336,0.0,0.0,0.0
0.03133333333333334,0.010000000000000009,0.012,0.024833333333333332,0.0,0.0,0.0
0.023666666666666666,0.010000000000000009,0.013333333333333336,0.017166666666666667,0.0,0.0,0.0
0.022833333333333334,0.01,0.012499999999999999,0.014333333333333335,0.0,0.0,0.0
0.028333333333333332,0.010000000000000009,0.012333333333333335,0.021,0.0,0.0,0.0
0.01916666666666667,0.01,0.012000000000000004,0.012333333333333337,0.0,0.0,0.0
0.018000000000000002,0.009999999999999998,0.0045000000000000005,0.01583333333333333,0.0,0.0,0.0
0.022500000000000003,0.010000000000000009,0.009166666666666667,0.018500000000000003,0.0,0.0,0.0
0.021666666666666667,0.01,0.010166666666666666,0.017166666666666667,0.0,0.0,0.0
0.021666666666666667,0.010000000000000009,0.006166666666666668,0.018833333333333334,0.0,0.0,0.0
0.030666666666666665,0.010000000000000009,0.012333333333333337,0.024333333333333332,0.0,0.0,0.0
0.016833333333333332,0.009999999999999998,0.005000000000000001,0.013333333333333334,0.0,0.0,0.0
0.020166666666666666,0.010000000000000009,0.011833333333333335,0.01316666666666667,0.0,0.0,0.0
0.018000000000000006,0.01,0.009666666666666667,0.013500000000000005,0.0,0.0,0.0
0.032,0.010000000000000009,0.009833333333333336,0.027666666666666666,0.0,0.0,0.0
0.0205,0.01,0.014000000000000004,0.013500000000000003,0.0,0.0,0.0
0.023833333333333335,0.010000000000000009,0.011333333333333334,0.018166666666666668,0.0,0.0,0.0
0.02033333333333333,0.01,0.010500000000000004,0.014833333333333337,0.0,0.0,0.0
0.024500000000000004,0.010000000000000005,0.013666666666666669,0.01766666666666667,0.0,0.0,0.0
0.024666666666666663,0.010000000000000009,0.011000000000000001,0.017833333333333333,0.0,0.0,0.0
0.024999999999999998,0.010000000000000009,0.013500000000000002,0.018500000000000003,0.0,0.0,0.0
0.022666666666666665,0.010000000000000005,0.0058333333333333345,0.02033333333333333,0.0,0.0,0.0
0.022500000000000003,0.010000000000000009,0.01266666666666667,0.016000000000000004,0.0,0.0,0.0
0.022333333333333327,0.01,0.007000000000000002,0.019666666666666662,0.0,0.0,0.0
0.01933333333333333,0.009999999999999998,0.00566666666666667,0.018666666666666665,0.0,0.0,0.0
0.020833333333333332,0.01,0.006666666666666669,0.017666666666666667,0.0,0.0,0.0
0.023500000000000004,0.01,0.009500000000000001,0.019333333333333334,0.0,0.0,0.0
0.016833333333333336,0.01,0.011000000000000003,0.011000000000000005,0.0,0.0,0.0
0.016,0.01,0.008000000000000002,0.013666666666666667,0.0,0.0,0.0
0.016666666666666666,0.009999999999999998,0.0061666666666666675,0.013166666666666667,0.0,0.0,0.0
0.029,0.010000000000000009,0.020166666666666663,0.016333333333333335,0.0,0.0,0.0
0.025,0.010000000000000005,0.013000000000000001,0.01766666666666667,0.0,0.0,0.0
0.023499999999999997,0.01,0.011333333333333332,0.017833333333333333,0.0,0.0,0.0
0.02383333333333333,0.010000000000000009,0.009666666666666665,0.018000000000000002,0.0,0.0,0.0
0.0205,0.009999999999999998,0.004000000000000002,0.01933333333333333,0.0,0.0,0.0
0.02433333333333333,0.0,0.009333333333333334,0.019000000000000003,0.0,0.0,0.0
0.02633333333333333,0.010000000000000009,0.010666666666666668,0.020833333333333332,0.0,0.0,0.0
0.023000000000000003,0.010000000000000005,0.012333333333333335,0.017000000000000005,0.0,0.0,0.0
0.03183333333333334,0.015000000000000003,0.016666666666666666,0.023000000000000003,0.0,0.0,0.0
0.029833333333333333,0.010000000000000009,0.016500000000000004,0.021333333333333333,0.0,0.0,0.0
0.01566666666666667,0.009999999999999998,0.008333333333333335,0.012500000000000004,0.0,0.0,0.0
0.021666666666666667,0.010000000000000002,0.007833333333333335,0.016833333333333332,0.0,0.0,0.0
0.034666666666666665,0.010000000000000009,0.016333333333333335,0.025,0.0,0.0,0.0
0.02133333333333333,0.01,0.01116666666666667,0.015833333333333335,0.0,0.0,0.0
0.015000000000000003,0.01,0.007500000000000002,0.011166666666666668,0.0,0.0,0.0
0.022666666666666672,0.01,0.012333333333333333,0.01566666666666667,0.0,0.0,0.0
0.016166666666666666,0.009999999999999998,0.0035000000000000014,0.014666666666666665,0.0,0.0,0.0
0.03266666666666666,0.010000000000000009,0.01533333333333334,0.026333333333333327,0.0,0.0,0.0
0.024666666666666667,0.010000000000000005,0.007000000000000003,0.021666666666666664,0.0,0.0,0.0
0.028000000000000008,0.010000000000000005,0.01633333333333333,0.019500000000000007,0.0,0.0,0.0
0.025,0.010000000000000005,0.012000000000000002,0.019000000000000003,0.0,0.0,0.0
0.029166666666666667,0.010000000000000009,0.014166666666666668,0.020500000000000004,0.0,0.0,0.0
0.0215,0.010000000000000009,0.007000000000000002,0.019,0.0,0.0,0.0
0.023666666666666666,0.010000000000000009,0.012,0.017,0.0,0.0,0.0
0.018666666666666668,0.010000000000000002,0.006166666666666668,0.0165,0.0,0.0,0.0
0.0285,0.010000000000000009,0.008666666666666668,0.024833333333333336,0.0,0.0,0.0
0.030000000000000006,0.010000000000000009,0.016,0.021,0.0,0.0,0.0
0.019,0.01,0.0085,0.014666666666666668,0.0,0.0,0.0
0.021500000000000002,0.01,0.007500000000000003,0.01783333333333333,0.0,0.0,0.0
0.021,0.010000000000000009,0.008333333333333335,0.016833333333333336,0.0,0.0,0.0
0.01966666666666667,0.01,0.009500000000000003,0.01466666666666667,0.0,0.0,0.0
0.0205,0.010000000000000009,0.008666666666666668,0.018500000000000003,0.0,0.0,0.0
0.021166666666666667,0.010000000000000009,0.009000000000000003,0.01616666666666667,0.0,0.0,0.0
0.024333333333333332,0.010000000000000009,0.010666666666666665,0.017333333333333333,0.0,0.0,0.0
0.026500000000000003,0.010000000000000009,0.01,0.020500000000000004,0.0,0.0,0.0
0.024166666666666663,0.010000000000000009,0.011166666666666665,0.01783333333333333,0.0,0.0,0.0
0.01366666666666667,0.01,0.006000000000000003,0.011500000000000003,0.0,0.0,0.0
0.019333333333333334,0.01,0.010833333333333335,0.01216666666666667,0.0,0.0,0.0
0.023166666666666662,0.01,0.0125,0.015500000000000002,0.0,0.0,0.0
0.028333333333333335,0.010000000000000009,0.015333333333333336,0.019666666666666673,0.0,0.0,0.0
0.027166666666666662,0.010000000000000009,0.006333333333333336,0.024499999999999997,0.0,0.0,0.0
0.022166666666666668,0.010000000000000002,0.010500000000000002,0.016833333333333332,0.0,0.0,0.0
0.025833333333333326,0.010000000000000009,0.01016666666666667,0.021166666666666663,0.0,0.0,0.0
0.020333333333333335,0.010000000000000009,0.010000000000000004,0.01616666666666667,0.0,0.0,0.0
0.025333333333333333,0.010000000000000009,0.013666666666666666,0.017333333333333336,0.0,0.0,0.0
0.02066666666666667,0.010000000000000005,0.011333333333333334,0.014166666666666671,0.0,0.0,0.0
0.021333333333333326,0.01,0.005500000000000001,0.019166666666666665,0.0,0.0,0.0
0.028999999999999995,0.010000000000000009,0.013000000000000001,0.023166666666666665,0.0,0.0,0.0
0.024333333333333332,0.010000000000000009,0.010833333333333335,0.01883333333333333,0.0,0.0,0.0
0.03283333333333333,0.010000000000000009,0.012833333333333337,0.02666666666666667,0.0,0.0,0.0
0.031166666666666662,0.010000000000000009,0.011166666666666665,0.0245,0.0,0.0,0.0
0.02216666666666667,0.010000000000000009,0.007166666666666668,0.018666666666666668,0.0,0.0,0.0
0.017333333333333333,0.010000000000000009,0.011833333333333333,0.009833333333333336,0.0,0.0,0.0
0.02466666666666667,0.010000000000000002,0.011500000000000002,0.01816666666666667,0.0,0.0,0.0
0.014833333333333336,0.009999999999999998,0.0031666666666666688,0.013833333333333335,0.0,0.0,0.0
0.013000000000000003,0.01,0.007333333333333335,0.008500000000000004,0.0,0.0,0.0
0.028000000000000004,0.010000000000000009,0.008000000000000002,0.023833333333333335,0.0,0.0,0.0
0.022166666666666664,0.010000000000000002,0.008000000000000002,0.018333333333333333,0.0,0.0,0.0
0.034833333333333334,0.010000000000000009,0.01316666666666667,0.029500000000000002,0.0,0.0,0.0
0.017,0.010000000000000002,0.010000000000000002,0.013333333333333334,0.0,0.0,0.0
0.022000000000000006,0.010000000000000009,0.012000000000000002,0.01566666666666667,0.0,0.0,0.0
0.02366666666666667,0.010000000000000005,0.012666666666666668,0.01666666666666667,0.0,0.0,0.0
0.027666666666666666,0.010000000000000009,0.01633333333333333,0.017333333333333333,0.0,0.0,0.0
0.02183333333333333,0.010000000000000009,0.012833333333333337,0.017333333333333333,0.0,0.0,0.0
0.02733333333333333,0.010000000000000009,0.014166666666666668,0.018833333333333334,0.0,0.0,0.0
0.031166666666666665,0.010000000000000009,0.016833333333333332,0.024,0.0,0.0,0.0
0.027,0.01,0.010333333333333333,0.0205,0.0,0.0,0.0
0.021333333333333336,0.010000000000000002,0.008666666666666671,0.017666666666666667,0.0,0.0,0.0
0.027666666666666673,0.010000000000000009,0.008833333333333335,0.024000000000000004,0.0,0.0,0.0
0.036833333333333315,0.019999999999999997,0.011833333333333333,0.030999999999999996,0.0,0.0,0.0
0.027166666666666665,0.01,0.009000000000000001,0.021833333333333333,0.0,0.0,0.0
0.016833333333333336,0.01,0.007833333333333335,0.012333333333333337,0.0,0.0,0.0
0.030999999999999996,0.010000000000000005,0.009666666666666665,0.025666666666666667,0.0,0.0,0.0
0.0225,0.01,0.007666666666666668,0.017833333333333333,0.0,0.0,0.0
0.021000000000000005,0.010000000000000009,0.01116666666666667,0.016500000000000004,0.0,0.0,0.0
0.03533333333333333,0.010000000000000009,0.01783333333333333,0.024833333333333332,0.0,0.0,0.0
0.023500000000000004,0.010000000000000009,0.010500000000000002,0.018833333333333334,0.0,0.0,0.0
0.021666666666666667,0.01,0.006333333333333333,0.018333333333333333,0.0,0.0,0.0
0.019166666666666665,0.01,0.010166666666666666,0.012833333333333337,0.0,0.0,0.0
0.025,0.010000000000000002,0.010333333333333335,0.020000000000000004,0.0,0.0,0.0
0.020500000000000004,0.010000000000000009,0.007333333333333335,0.0175,0.0,0.0,0.0
0.02916666666666667,0.010000000000000009,0.01116666666666667,0.0245,0.0,0.0,0.0
0.02216666666666667,0.010000000000000005,0.007000000000000003,0.020000000000000004,0.0,0.0,0.0
0.03233333333333333,0.010000000000000009,0.016166666666666666,0.022166666666666668,0.0,0.0,0.0
0.027,0.010000000000000009,0.010833333333333335,0.0235,0.0,0.0,0.0
0.015833333333333335,0.009999999999999998,0.007333333333333335,0.011500000000000003,0.0,0.0,0.0
0.025666666666666667,0.010000000000000009,0.01416666666666667,0.018500000000000003,0.0,0.0,0.0
0.02683333333333333,0.01,0.0095,0.020166666666666666,0.0,0.0,0.0
0.01683333333333333,0.009999999999999998,0.0075000000000000015,0.011833333333333333,0.0,0.0,0.0
0.019,0.010000000000000002,0.007833333333333335,0.015333333333333336,0.0,0.0,0.0
0.02516666666666667,0.010000000000000009,0.011666666666666669,0.020666666666666667,0.0,0.0,0.0
0.023166666666666662,0.010000000000000009,0.005833333333333333,0.0195,0.0,0.0,0.0
0.020666666666666667,0.010000000000000009,0.010000000000000002,0.015166666666666669,0.0,0.0,0.0
0.021666666666666667,0.009999999999999998,0.005166666666666667,0.018333333333333333,0.0,0.0,0.0
0.026000000000000002,0.010000000000000009,0.011000000000000001,0.020000000000000004,0.0,0.0,0.0
0.023500000000000004,0.010000000000000005,0.013000000000000001,0.017333333333333333,0.0,0.0,0.0
0.017166666666666667,0.009999999999999998,0.006833333333333335,0.013833333333333333,0.0,0.0,0.0
0.02916666666666666,0.010000000000000009,0.012166666666666666,0.022166666666666668,0.0,0.0,0.0
0.022166666666666664,0.010000000000000009,0.008833333333333335,0.018000000000000002,0.0,0.0,0.0
0.023333333333333334,0.010000000000000005,0.01316666666666667,0.016666666666666666,0.0,0.0,0.0
0.018666666666666668,0.010000000000000009,0.011333333333333336,0.012333333333333335,0.0,0.0,0.0
0.023999999999999997,0.010000000000000002,0.008166666666666668,0.02033333333333333,0.0,0.0,0.0
0.02516666666666667,0.010000000000000009,0.010500000000000002,0.02016666666666667,0.0,0.0,0.0
0.027,0.01,0.0105,0.020666666666666667,0.0,0.0,0.0
0.017,0.01,0.006333333333333334,0.014166666666666664,0.0,0.0,0.0
0.021500000000000002,0.010000000000000002,0.008000000000000002,0.017833333333333333,0.0,0.0,0.0
0.025666666666666667,0.010000000000000005,0.0066666666666666706,0.023666666666666666,0.0,0.0,0.0
0.027000000000000003,0.010000000000000009,0.0115,0.020166666666666666,0.0,0.0,0.0
0.02833333333333333,0.010000000000000005,0.007500000000000003,0.025166666666666664,0.0,0.0,0.0
0.021333333333333336,0.010000000000000009,0.009000000000000003,0.018333333333333333,0.0,0.0,0.0
0.0245,0.009999999999999998,0.009000000000000003,0.021,0.0,0.0,0.0
0.020833333333333332,0.010000000000000005,0.010666666666666668,0.014166666666666668,0.0,0.0,0.0
0.025333333333333333,0.010000000000000005,0.0085,0.020333333333333335,0.0,0.0,0.0
0.034166666666666665,0.010000000000000009,0.012500000000000002,0.0275,0.0,0.0,0.0
0.024500000000000004,0.010000000000000009,0.015833333333333335,0.016333333333333335,0.0,0.0,0.0
0.02883333333333333,0.01,0.009833333333333335,0.023166666666666665,0.0,0.0,0.0
0.029999999999999995,0.010000000000000009,0.010000000000000002,0.022333333333333334,0.0,0.0,0.0
0.020166666666666666,0.01,0.0043333333333333375,0.019000000000000003,0.0,0.0,0.0
0.02233333333333333,0.010000000000000009,0.009333333333333336,0.018000000000000002,0.0,0.0,0.0
0.028,0.010000000000000005,0.010833333333333335,0.02133333333333333,0.0,0.0,0.0
0.019000000000000003,0.01,0.0075000000000000015,0.015333333333333334,0.0,0.0,0.0
0.026499999999999992,0.010000000000000009,0.013333333333333334,0.019000000000000003,0.0,0.0,0.0
0.025666666666666664,0.010000000000000002,0.011166666666666667,0.018666666666666668,0.0,0.0,0.0
0.026333333333333334,0.010000000000000009,0.011000000000000003,0.02,0.0,0.0,0.0
0.02916666666666666,0.010000000000000005,0.015166666666666665,0.021166666666666667,0.0,0.0,0.0
0.015666666666666666,0.01,0.008,0.011666666666666665,0.0,0.0,0.0
0.02416666666666667,0.01,0.008833333333333335,0.0195,0.0,0.0,0.0
0.02416666666666667,0.010000000000000005,0.013333333333333334,0.015166666666666669,0.0,0.0,0.0
0.017333333333333333,0.009999999999999998,0.004333333333333334,0.015499999999999998,0.0,0.0,0.0
0.024333333333333332,0.010000000000000005,0.0075000000000000015,0.020833333333333332,0.0,0.0,0.0
0.0245,0.01,0.005166666666666668,0.021833333333333333,0.0,0.0,0.0
0.019000000000000006,0.010000000000000005,0.011833333333333335,0.013833333333333336,0.0,0.0,0.0
0.02816666666666667,0.010000000000000009,0.011833333333333336,0.023166666666666665,0.0,0.0,0.0
0.020500000000000004,0.01,0.005500000000000001,0.018000000000000002,0.0,0.0,0.0
0.025500000000000002,0.010000000000000009,0.007166666666666668,0.022166666666666668,0.0,0.0,0.0
0.021166666666666667,0.010000000000000009,0.011166666666666667,0.01566666666666667,0.0,0.0,0.0
0.025166666666666667,0.010000000000000005,0.012333333333333333,0.01716666666666667,0.0,0.0,0.0
0.014833333333333334,0.01,0.00766666666666667,0.010833333333333335,0.0,0.0,0.0
0.016333333333333335,0.009999999999999998,0.009833333333333333,0.009833333333333336,0.0,0.0,0.0
0.017666666666666667,0.009999999999999998,0.007500000000000003,0.01566666666666667,0.0,0.0,0.0
0.02433333333333333,0.010000000000000005,0.011666666666666667,0.01616666666666667,0.0,0.0,0.0
0.029,0.010000000000000009,0.015333333333333336,0.020500000000000004,0.0,0.0,0.0
0.025,0.01,0.008666666666666666,0.018999999999999996,0.0,0.0,0.0
0.025166666666666667,0.010000000000000002,0.013500000000000002,0.018000000000000006,0.0,0.0,0.0
0.028166666666666666,0.010000000000000005,0.011333333333333334,0.0225,0.0,0.0,0.0
0.02633333333333333,0.010000000000000009,0.013,0.018666666666666668,0.0,0.0,0.0
0.024666666666666667,0.01,0.008666666666666668,0.019500000000000003,0.0,0.0,0.0
0.02233333333333333,0.009999999999999998,0.011333333333333332,0.016,0.0,0.0,0.0
0.024000000000000004,0.009999999999999998,0.009333333333333338,0.021,0.0,0.0,0.0
0.027000000000000003,0.010000000000000009,0.013000000000000005,0.021833333333333337,0.0,0.0,0.0
0.03133333333333333,0.010000000000000009,0.011000000000000001,0.025333333333333333,0.0,0.0,0.0
0.029333333333333333,0.010000000000000002,0.011333333333333336,0.02316666666666667,0.0,0.0,0.0
0.0275,0.010000000000000009,0.009333333333333336,0.02383333333333333,0.0,0.0,0.0
0.018000000000000006,0.01,0.007166666666666668,0.014500000000000002,0.0,0.0,0.0
0.026,0.010000000000000005,0.009000000000000001,0.020166666666666666,0.0,0.0,0.0
0.024166666666666666,0.010000000000000002,0.005333333333333333,0.021666666666666664,0.0,0.0,0.0
0.02383333333333333,0.010000000000000009,0.010833333333333334,0.018000000000000002,0.0,0.0,0.0
0.026500000000000003,0.01,0.009000000000000001,0.021666666666666664,0.0,0.0,0.0
0.023166666666666665,0.009999999999999998,0.012833333333333334,0.015833333333333335,0.0,0.0,0.0
0.02,0.010000000000000005,0.005333333333333335,0.018,0.0,0.0,0.0
0.023333333333333334,0.010000000000000009,0.01016666666666667,0.018833333333333334,0.0,0.0,0.0
0.03216666666666666,0.010000000000000009,0.011166666666666668,0.026333333333333334,0.0,0.0,0.0
0.02066666666666667,0.010000000000000009,0.01266666666666667,0.015500000000000003,0.0,0.0,0.0
0.023666666666666666,0.01,0.007500000000000002,0.020666666666666667,0.0,0.0,0.0
0.02533333333333333,0.01,0.011833333333333336,0.019666666666666666,0.0,0.0,0.0
0.02316666666666667,0.010000000000000002,0.013166666666666667,0.016000000000000004,0.0,0.0,0.0
0.0175,0.01,0.006666666666666669,0.015000000000000003,0.0,0.0,0.0
0.017333333333333333,0.010000000000000009,0.008166666666666668,0.013166666666666667,0.0,0.0,0.0
0.02183333333333333,0.01,0.008666666666666666,0.018000000000000002,0.0,0.0,0.0
0.021666666666666667,0.01,0.0038333333333333353,0.020166666666666666,0.0,0.0,0.0
0.029500000000000002,0.010000000000000009,0.012000000000000004,0.0245,0.0,0.0,0.0
0.027166666666666665,0.010000000000000002,0.010666666666666668,0.021,0.0,0.0,0.0
0.015500000000000002,0.01,0.0075000000000000015,0.011666666666666669,0.0,0.0,0.0
0.0235,0.01,0.010333333333333333,0.017666666666666667,0.0,0.0,0.0
0.027999999999999994,0.01,0.010000000000000002,0.023666666666666666,0.0,0.0,0.0
0.022666666666666672,0.01,0.009166666666666668,0.018500000000000003,0.0,0.0,0.0
0.019833333333333335,0.010000000000000002,0.01216666666666667,0.012666666666666668,0.0,0.0,0.0
0.02066666666666667,0.01,0.010333333333333335,0.015166666666666669,0.0,0.0,0.0
0.0235,0.01,0.005666666666666668,0.02033333333333333,0.0,0.0,0.0
0.03766666666666665,0.010000000000000009,0.0165,0.028000000000000004,0.0,0.0,0.0
0.03033333333333333,0.01,0.011166666666666667,0.0225,0.0,0.0,0.0
0.025333333333333333,0.01,0.008000000000000004,0.021500000000000002,0.0,0.0,0.0
0.01983333333333333,0.01,0.010333333333333337,0.01633333333333333,0.0,0.0,0.0
0.017666666666666667,0.009999999999999998,0.006833333333333335,0.015333333333333334,0.0,0.0,0.0
0.02683333333333333,0.010000000000000009,0.010499999999999999,0.020166666666666666,0.0,0.0,0.0
0.017166666666666667,0.010000000000000005,0.0058333333333333345,0.014666666666666668,0.0,0.0,0.0
0.02883333333333333,0.010000000000000005,0.010166666666666666,0.024000000000000004,0.0,0.0,0.0
0.02583333333333333,0.010000000000000005,0.014833333333333332,0.01616666666666667,0.0,0.0,0.0
0.01916666666666667,0.01,0.009000000000000001,0.013500000000000002,0.0,0.0,0.0
0.021333333333333333,0.010000000000000009,0.013000000000000001,0.01216666666666667,0.0,0.0,0.0
0.025333333333333333,0.010000000000000009,0.009666666666666669,0.02116666666666667,0.0,0.0,0.0
0.029000000000000005,0.010000000000000009,0.015833333333333335,0.022500000000000006,0.0,0.0,0.0
0.02366666666666667,0.010000000000000009,0.013000000000000003,0.016500000000000004,0.0,0.0,0.0
0.02716666666666667,0.010000000000000009,0.0175,0.018333333333333337,0.0,0.0,0.0
0.026000000000000002,0.010000000000000009,0.013833333333333335,0.018000000000000002,0.0,0.0,0.0
0.02366666666666667,0.01,0.010166666666666668,0.018166666666666668,0.0,0.0,0.0
0.016500000000000004,0.01,0.008000000000000005,0.014500000000000002,0.0,0.0,0.0
0.029166666666666664,0.010000000000000009,0.012000000000000002,0.023166666666666665,0.0,0.0,0.0
0.023333333333333334,0.010000000000000009,0.010500000000000002,0.018000000000000002,0.0,0.0,0.0
0.013333333333333334,0.009999999999999998,0.006333333333333334,0.010333333333333335,0.0,0.0,0.0
0.031166666666666665,0.010000000000000009,0.008833333333333335,0.02733333333333333,0.0,0.0,0.0
0.022000000000000002,0.009999999999999998,0.012333333333333335,0.014500000000000002,0.0,0.0,0.0
0.025,0.01,0.014,0.017666666666666667,0.0,0.0,0.0
0.018833333333333334,0.010000000000000005,0.008333333333333335,0.01633333333333333,0.0,0.0,0.0
0.022166666666666664,0.01,0.006666666666666666,0.018666666666666665,0.0,0.0,0.0
0.017499999999999998,0.010000000000000009,0.008000000000000002,0.014166666666666668,0.0,0.0,0.0
0.025000000000000005,0.010000000000000005,0.013833333333333336,0.017000000000000005,0.0,0.0,0.0
0.015333333333333334,0.009999999999999998,0.007166666666666667,0.011833333333333336,0.0,0.0,0.0
0.022666666666666665,0.010000000000000002,0.006833333333333334,0.020166666666666666,0.0,0.0,0.0
0.028999999999999995,0.010000000000000009,0.010833333333333339,0.026166666666666664,0.0,0.0,0.0
0.02716666666666667,0.010000000000000005,0.007166666666666669,0.023666666666666666,0.0,0.0,0.0
0.015666666666666666,0.009999999999999998,0.007833333333333336,0.012666666666666668,0.0,0.0,0.0
0.023166666666666665,0.01,0.009000000000000001,0.01833333333333333,0.0,0.0,0.0
0.028666666666666667,0.010000000000000009,0.013166666666666667,0.02116666666666667,0.0,0.0,0.0
0.023166666666666665,0.010000000000000009,0.007333333333333333,0.01933333333333333,0.0,0.0,0.0
0.017833333333333336,0.010000000000000009,0.008166666666666668,0.013166666666666669,0.0,0.0,0.0
0.019333333333333334,0.010000000000000009,0.01216666666666667,0.013000000000000005,0.0,0.0,0.0
0.03166666666666666,0.010000000000000009,0.012833333333333337,0.025166666666666667,0.0,0.0,0.0
0.021500000000000005,0.010000000000000009,0.008000000000000005,0.019500000000000003,0.0,0.0,0.0
0.013000000000000001,0.009999999999999998,0.005500000000000001,0.010666666666666668,0.0,0.0,0.0
0.02,0.01,0.012166666666666668,0.012500000000000002,0.0,0.0,0.0
0.022166666666666664,0.01,0.003666666666666669,0.020333333333333328,0.0,0.0,0.0
0.026999999999999993,0.010000000000000009,0.007833333333333336,0.0235,0.0,0.0,0.0
0.018000000000000002,0.010000000000000009,0.008833333333333335,0.014000000000000005,0.0,0.0,0.0
0.02016666666666667,0.009999999999999998,0.011166666666666667,0.013833333333333336,0.0,0.0,0.0
0.022500000000000003,0.01,0.011500000000000003,0.017166666666666667,0.0,0.0,0.0
0.020000000000000004,0.01,0.008000000000000002,0.01616666666666667,0.0,0.0,0.0
0.026166666666666664,0.010000000000000009,0.009500000000000001,0.020499999999999997,0.0,0.0,0.0
0.021666666666666667,0.010000000000000009,0.007666666666666668,0.017666666666666667,0.0,0.0,0.0
0.017,0.01,0.007000000000000003,0.014500000000000002,0.0,0.0,0.0
0.026500000000000006,0.010000000000000009,0.012166666666666668,0.020500000000000008,0.0,0.0,0.0
0.027166666666666665,0.01,0.009500000000000001,0.02283333333333333,0.0,0.0,0.0
0.025166666666666667,0.010000000000000009,0.010666666666666668,0.02016666666666667,0.0,0.0,0.0
0.02333333333333333,0.010000000000000002,0.008333333333333333,0.019833333333333335,0.0,0.0,0.0
0.0255,0.009999999999999998,0.009166666666666668,0.020833333333333332,0.0,0.0,0.0
0.02633333333333333,0.010000000000000009,0.01566666666666667,0.0175,0.0,0.0,0.0
0.028833333333333332,0.010000000000000009,0.01716666666666667,0.018833333333333334,0.0,0.0,0.0
0.027499999999999993,0.010000000000000009,0.013000000000000003,0.02,0.0,0.0,0.0
0.025,0.010000000000000009,0.009333333333333336,0.021333333333333333,0.0,0.0,0.0
0.026333333333333337,0.010000000000000009,0.015166666666666667,0.017833333333333336,0.0,0.0,0.0
0.03033333333333333,0.010000000000000009,0.011833333333333335,0.02416666666666667,0.0,0.0,0.0
0.021666666666666664,0.010000000000000005,0.008166666666666666,0.017833333333333333,0.0,0.0,0.0
0.027333333333333328,0.01,0.011833333333333333,0.020999999999999998,0.0,0.0,0.0
0.022833333333333334,0.010000000000000009,0.012833333333333335,0.016000000000000004,0.0,0.0,0.0
0.021666666666666664,0.010000000000000002,0.010333333333333337,0.016,0.0,0.0,0.0
0.017666666666666667,0.010000000000000005,0.010833333333333332,0.01216666666666667,0.0,0.0,0.0
0.02033333333333333,0.009999999999999998,0.0063333333333333375,0.01883333333333333,0.0,0.0,0.0
0.024499999999999997,0.010000000000000002,0.013333333333333334,0.0185,0.0,0.0,0.0
0.022500000000000003,0.010000000000000009,0.006333333333333333,0.018666666666666668,0.0,0.0,0.0
0.02266666666666667,0.010000000000000005,0.0063333333333333375,0.020666666666666667,0.0,0.0,0.0
0.031000000000000003,0.010000000000000009,0.013000000000000003,0.024000000000000004,0.0,0.0,0.0
0.023833333333333335,0.010000000000000009,0.008500000000000002,0.02066666666666667,0.0,0.0,0.0
0.032,0.010000000000000009,0.011833333333333338,0.028833333333333332,0.0,0.0,0.0
0.04033333333333333,0.015000000000000003,0.023000000000000003,0.026166666666666668,0.0,0.0,0.0
0.018666666666666668,0.009999999999999998,0.010333333333333335,0.012833333333333335,0.0,0.0,0.0
0.021,0.010000000000000009,0.010500000000000002,0.017333333333333336,0.0,0.0,0.0
0.027999999999999994,0.010000000000000009,0.009500000000000001,0.022666666666666672,0.0,0.0,0.0
0.018666666666666668,0.010000000000000009,0.004166666666666668,0.017666666666666667,0.0,0.0,0.0
0.02833333333333333,0.010000000000000005,0.007333333333333332,0.023,0.0,0.0,0.0
0.021333333333333333,0.010000000000000005,0.00766666666666667,0.017333333333333333,0.0,0.0,0.0
0.03383333333333332,0.010000000000000005,0.0125,0.026166666666666664,0.0,0.0,0.0
0.025166666666666667,0.01,0.013333333333333336,0.018166666666666668,0.0,0.0,0.0
0.030499999999999992,0.010000000000000009,0.017333333333333333,0.020666666666666667,0.0,0.0,0.0
0.015833333333333335,0.01,0.005833333333333335,0.012,0.0,0.0,0.0
0.025833333333333333,0.010000000000000009,0.008666666666666671,0.022000000000000002,0.0,0.0,0.0
0.022333333333333334,0.010000000000000009,0.008166666666666668,0.01916666666666667,0.0,0.0,0.0
0.013500000000000002,0.009999999999999998,0.006000000000000001,0.011000000000000003,0.0,0.0,0.0
0.015500000000000003,0.009999999999999998,0.007833333333333335,0.012500000000000002,0.0,0.0,0.0
0.021833333333333333,0.010000000000000009,0.008000000000000004,0.018166666666666664,0.0,0.0,0.0
0.0205,0.010000000000000005,0.009000000000000001,0.015499999999999998,0.0,0.0,0.0
0.023,0.01,0.010833333333333335,0.01633333333333333,0.0,0.0,0.0
0.021500000000000002,0.010000000000000005,0.009000000000000001,0.01616666666666667,0.0,0.0,0.0
0.02033333333333333,0.01,0.010500000000000002,0.015000000000000003,0.0,0.0,0.0
0.02316666666666667,0.010000000000000005,0.011999999999999999,0.015333333333333336,0.0,0.0,0.0
0.017333333333333333,0.01,0.009166666666666668,0.013833333333333335,0.0,0.0,0.0
0.02283333333333333,0.010000000000000005,0.0115,0.01616666666666667,0.0,0.0,0.0
0.01966666666666667,0.009999999999999998,0.008333333333333333,0.015500000000000002,0.0,0.0,0.0
0.014833333333333334,0.010000000000000009,0.005833333333333335,0.0125,0.0,0.0,0.0
0.024833333333333336,0.010000000000000002,0.012333333333333333,0.016333333333333335,0.0,0.0,0.0
0.0195,0.009999999999999998,0.011333333333333334,0.01366666666666667,0.0,0.0,0.0
0.022666666666666672,0.010000000000000002,0.017333333333333333,0.010333333333333337,0.0,0.0,0.0
0.015500000000000005,0.010000000000000005,0.009500000000000005,0.01216666666666667,0.0,0.0,0.0
0.029500000000000002,0.010000000000000002,0.012333333333333333,0.021833333333333333,0.0,0.0,0.0
0.022166666666666668,0.009999999999999998,0.005000000000000002,0.0195,0.0,0.0,0.0
0.030999999999999996,0.010000000000000009,0.0145,0.02316666666666667,0.0,0.0,0.0
0.026166666666666664,0.010000000000000009,0.014833333333333332,0.017333333333333336,0.0,0.0,0.0
0.0185,0.010000000000000002,0.0115,0.012500000000000004,0.0,0.0,0.0
0.03066666666666667,0.010000000000000009,0.012666666666666668,0.024500000000000004,0.0,0.0,0.0
0.019500000000000003,0.010000000000000009,0.011166666666666668,0.014166666666666668,0.0,0.0,0.0
0.020500000000000004,0.009999999999999998,0.005833333333333335,0.017333333333333336,0.0,0.0,0.0
0.025833333333333333,0.010000000000000009,0.014000000000000002,0.018666666666666668,0.0,0.0,0.0
0.020333333333333335,0.010000000000000005,0.010500000000000006,0.017,0.0,0.0,0.0
0.018000000000000002,0.010000000000000005,0.009333333333333334,0.011666666666666669,0.0,0.0,0.0
0.02216666666666666,0.010000000000000009,0.010166666666666668,0.017166666666666667,0.0,0.0,0.0
0.021000000000000005,0.010000000000000002,0.010500000000000002,0.015833333333333335,0.0,0.0,0.0
0.024166666666666666,0.009999999999999998,0.012333333333333335,0.017666666666666667,0.0,0.0,0.0
0.0265,0.010000000000000009,0.005666666666666668,0.024,0.0,0.0,0.0
0.021833333333333333,0.009999999999999998,0.007833333333333335,0.0175,0.0,0.0,0.0
0.03016666666666666,0.010000000000000009,0.007500000000000005,0.027999999999999994,0.0,0.0,0.0
0.021666666666666667,0.01,0.009166666666666668,0.0165,0.0,0.0,0.0
0.015333333333333334,0.010000000000000002,0.006333333333333335,0.011666666666666667,0.0,0.0,0.0
0.022166666666666668,0.01,0.010500000000000002,0.016833333333333332,0.0,0.0,0.0
0.017833333333333333,0.010000000000000002,0.005666666666666668,0.015833333333333335,0.0,0.0,0.0
0.030833333333333338,0.010000000000000009,0.01183333333333334,0.02666666666666667,0.0,0.0,0.0
0.024666666666666663,0.010000000000000002,0.010000000000000002,0.019333333333333334,0.0,0.0,0.0
0.01916666666666667,0.010000000000000009,0.009333333333333336,0.01516666666666667,0.0,0.0,0.0
0.026166666666666664,0.010000000000000009,0.009166666666666667,0.021666666666666667,0.0,0.0,0.0
0.025500000000000002,0.010000000000000009,0.01633333333333333,0.01766666666666667,0.0,0.0,0.0
0.030499999999999992,0.010000000000000009,0.01,0.024666666666666663,0.0,0.0,0.0
0.023666666666666673,0.010000000000000009,0.0125,0.01716666666666667,0.0,0.0,0.0
0.030166666666666665,0.010000000000000009,0.0145,0.023000000000000003,0.0,0.0,0.0
0.01983333333333333,0.009999999999999998,0.007166666666666668,0.016,0.0,0.0,0.0
0.02233333333333333,0.010000000000000009,0.005333333333333337,0.021,0.0,0.0,0.0
0.026000000000000002,0.010000000000000009,0.010333333333333337,0.022333333333333334,0.0,0.0,0.0
0.019833333333333338,0.010000000000000009,0.011166666666666668,0.015333333333333336,0.0,0.0,0.0
0.022833333333333334,0.01,0.010333333333333333,0.017833333333333333,0.0,0.0,0.0
0.026666666666666665,0.010000000000000009,0.014166666666666664,0.017333333333333333,0.0,0.0,0.0
0.019666666666666673,0.010000000000000009,0.012333333333333337,0.014833333333333339,0.0,0.0,0.0
0.02683333333333333,0.010000000000000009,0.011500000000000002,0.020833333333333332,0.0,0.0,0.0
0.023000000000000003,0.009999999999999998,0.011166666666666668,0.017833333333333333,0.0,0.0,0.0
0.02883333333333333,0.010000000000000009,0.016833333333333332,0.01966666666666667,0.0,0.0,0.0
0.019500000000000003,0.009999999999999998,0.007000000000000003,0.017333333333333333,0.0,0.0,0.0
0.023,0.010000000000000009,0.008000000000000004,0.02166666666666667,0.0,0.0,0.0
0.021500000000000002,0.010000000000000009,0.011,0.014833333333333336,0.0,0.0,0.0
0.02266666666666667,0.01,0.012833333333333335,0.016000000000000004,0.0,0.0,0.0
0.023333333333333334,0.010000000000000005,0.01266666666666667,0.01816666666666667,0.0,0.0,0.0
0.024666666666666667,0.010000000000000002,0.012500000000000002,0.017333333333333333,0.0,0.0,0.0
0.0315,0.010000000000000009,0.013500000000000003,0.024833333333333332,0.0,0.0,0.0
0.018833333333333334,0.010000000000000002,0.007500000000000002,0.015166666666666669,0.0,0.0,0.0
0.026000000000000002,0.010000000000000009,0.011666666666666667,0.019000000000000003,0.0,0.0,0.0
0.026000000000000002,0.010000000000000005,0.010166666666666666,0.01983333333333333,0.0,0.0,0.0
0.02366666666666667,0.010000000000000009,0.004500000000000002,0.022000000000000002,0.0,0.0,0.0
0.020666666666666667,0.009999999999999998,0.011833333333333335,0.014166666666666668,0.0,0.0,0.0
0.023333333333333334,0.010000000000000005,0.014000000000000004,0.016000000000000004,0.0,0.0,0.0
0.034499999999999996,0.010000000000000009,0.012666666666666666,0.028166666666666666,0.0,0.0,0.0
0.020499999999999997,0.009999999999999998,0.014833333333333332,0.010833333333333337,0.0,0.0,0.0
0.017166666666666667,0.01,0.008000000000000002,0.013166666666666667,0.0,0.0,0.0
0.02183333333333333,0.010000000000000005,0.007500000000000002,0.018500000000000003,0.0,0.0,0.0
0.02333333333333333,0.010000000000000009,0.008833333333333334,0.018666666666666668,0.0,0.0,0.0
0.02183333333333333,0.010000000000000009,0.01066666666666667,0.01683333333333333,0.0,0.0,0.0
0.019500000000000003,0.010000000000000009,0.011833333333333336,0.012500000000000002,0.0,0.0,0.0
0.021,0.010000000000000009,0.011333333333333334,0.013833333333333336,0.0,0.0,0.0
0.02183333333333333,0.010000000000000005,0.009833333333333336,0.0165,0.0,0.0,0.0
0.02416666666666667,0.010000000000000005,0.009333333333333334,0.020500000000000004,0.0,0.0,0.0
0.015333333333333336,0.010000000000000009,0.009666666666666672,0.011666666666666669,0.0,0.0,0.0
0.01616666666666667,0.01,0.006833333333333334,0.013000000000000003,0.0,0.0,0.0
0.025,0.010000000000000009,0.0135,0.016500000000000004,0.0,0.0,0.0
0.03483333333333332,0.010000000000000009,0.013500000000000002,0.027666666666666666,0.0,0.0,0.0
0.02266666666666666,0.010000000000000005,0.007833333333333336,0.019500000000000003,0.0,0.0,0.0
0.021,0.01,0.010333333333333332,0.01616666666666667,0.0,0.0,0.0
0.022666666666666672,0.010000000000000002,0.0125,0.016833333333333336,0.0,0.0,0.0
0.03233333333333333,0.010000000000000009,0.014333333333333333,0.026000000000000002,0.0,0.0,0.0
0.025166666666666667,0.010000000000000005,0.015000000000000003,0.017333333333333333,0.0,0.0,0.0
0.025500000000000002,0.010000000000000009,0.011000000000000001,0.020500000000000004,0.0,0.0,0.0
0.023500000000000004,0.010000000000000005,0.01266666666666667,0.0175,0.0,0.0,0.0
0.026,0.010000000000000009,0.0071666666666666675,0.023166666666666665,0.0,0.0,0.0
0.022166666666666668,0.009999999999999998,0.006000000000000001,0.019,0.0,0.0,0.0
0.021666666666666667,0.010000000000000009,0.008500000000000002,0.017833333333333333,0.0,0.0,0.0
0.021500000000000002,0.010000000000000009,0.006333333333333336,0.02016666666666667,0.0,0.0,0.0
0.01983333333333333,0.009999999999999998,0.005666666666666668,0.017166666666666663,0.0,0.0,0.0
0.02333333333333333,0.010000000000000009,0.008500000000000002,0.019166666666666665,0.0,0.0,0.0
0.018000000000000002,0.01,0.006500000000000004,0.016666666666666666,0.0,0.0,0.0
0.027333333333333334,0.010000000000000002,0.009000000000000003,0.022166666666666668,0.0,0.0,0.0
0.02683333333333333,0.010000000000000009,0.011833333333333333,0.018666666666666668,0.0,0.0,0.0
0.024833333333333332,0.01,0.006833333333333333,0.020666666666666667,0.0,0.0,0.0
0.024833333333333332,0.01,0.011333333333333332,0.019,0.0,0.0,0.0
0.01883333333333333,0.01,0.010166666666666668,0.014333333333333335,0.0,0.0,0.0
0.022000000000000002,0.01,0.007166666666666666,0.018000000000000002,0.0,0.0,0.0
0.025333333333333333,0.009999999999999998,0.0085,0.021333333333333336,0.0,0.0,0.0
0.025166666666666664,0.010000000000000002,0.012666666666666668,0.017833333333333336,0.0,0.0,0.0
0.019833333333333335,0.01,0.007499999999999999,0.01566666666666667,0.0,0.0,0.0
0.02333333333333333,0.01,0.011166666666666667,0.01716666666666667,0.0,0.0,0.0
0.0205,0.010000000000000002,0.009000000000000001,0.016,0.0,0.0,0.0
0.020833333333333332,0.01,0.006000000000000002,0.018666666666666668,0.0,0.0,0.0
0.023500000000000004,0.01,0.009166666666666672,0.019333333333333334,0.0,0.0,0.0
0.02116666666666667,0.010000000000000005,0.008333333333333333,0.018000000000000006,0.0,0.0,0.0
0.0205,0.010000000000000009,0.007833333333333335,0.017166666666666667,0.0,0.0,0.0
0.025666666666666664,0.010000000000000009,0.006333333333333334,0.0235,0.0,0.0,0.0
0.028166666666666666,0.010000000000000009,0.009000000000000003,0.02333333333333333,0.0,0.0,0.0
0.031166666666666672,0.010000000000000009,0.009666666666666669,0.026000000000000002,0.0,0.0,0.0
0.02183333333333333,0.010000000000000009,0.009666666666666669,0.018666666666666668,0.0,0.0,0.0
0.022833333333333334,0.01,0.011166666666666667,0.016,0.0,0.0,0.0
0.024166666666666666,0.010000000000000009,0.009500000000000001,0.0195,0.0,0.0,0.0
0.02133333333333333,0.009999999999999998,0.012000000000000004,0.015500000000000003,0.0,0.0,0.0
0.02416666666666667,0.010000000000000009,0.014500000000000002,0.016166666666666673,0.0,0.0,0.0
0.020333333333333335,0.010000000000000002,0.009833333333333336,0.01566666666666667,0.0,0.0,0.0
0.019000000000000003,0.009999999999999998,0.008166666666666668,0.01616666666666667,0.0,0.0,0.0
0.028666666666666663,0.010000000000000009,0.013333333333333338,0.022000000000000006,0.0,0.0,0.0
0.023833333333333335,0.010000000000000009,0.01,0.01916666666666667,0.0,0.0,0.0
0.01616666666666667,0.01,0.011166666666666668,0.010333333333333338,0.0,0.0,0.0
0.02683333333333333,0.01,0.010000000000000002,0.022000000000000002,0.0,0.0,0.0
0.026166666666666668,0.010000000000000009,0.0145,0.017500000000000005,0.0,0.0,0.0
0.027166666666666665,0.010000000000000009,0.01566666666666667,0.019166666666666665,0.0,0.0,0.0
0.029,0.010000000000000009,0.015499999999999998,0.01966666666666667,0.0,0.0,0.0
0.025500000000000002,0.010000000000000009,0.014333333333333335,0.019500000000000007,0.0,0.0,0.0
0.024,0.01,0.008666666666666671,0.0205,0.0,0.0,0.0
0.02333333333333333,0.010000000000000009,0.011333333333333336,0.017666666666666667,0.0,0.0,0.0
0.0175,0.010000000000000002,0.0075000000000000015,0.015000000000000003,0.0,0.0,0.0
0.0225,0.01,0.008666666666666666,0.0185,0.0,0.0,0.0
0.021333333333333333,0.010000000000000002,0.014500000000000004,0.012500000000000002,0.0,0.0,0.0
0.021,0.010000000000000009,0.009500000000000005,0.017833333333333333,0.0,0.0,0.0
0.02433333333333333,0.010000000000000009,0.011166666666666668,0.019666666666666666,0.0,0.0,0.0
0.029166666666666664,0.010000000000000009,0.010000000000000004,0.02433333333333333,0.0,0.0,0.0
0.024666666666666667,0.010000000000000009,0.014666666666666668,0.017000000000000005,0.0,0.0,0.0
0.01866666666666667,0.01,0.005833333333333337,0.0175,0.0,0.0,0.0
0.027500000000000004,0.010000000000000009,0.012666666666666668,0.02133333333333333,0.0,0.0,0.0
0.021166666666666667,0.01,0.011166666666666668,0.013833333333333335,0.0,0.0,0.0
0.018666666666666665,0.01,0.011833333333333335,0.012500000000000004,0.0,0.0,0.0
0.02383333333333333,0.01,0.006666666666666669,0.021666666666666664,0.0,0.0,0.0
0.03899999999999999,0.010000000000000009,0.013833333333333335,0.030999999999999996,0.0,0.0,0.0
0.018166666666666668,0.01,0.007500000000000003,0.014500000000000002,0.0,0.0,0.0
0.025333333333333336,0.010000000000000009,0.01216666666666667,0.019,0.0,0.0,0.0
0.02716666666666667,0.010000000000000009,0.012500000000000002,0.02016666666666667,0.0,0.0,0.0
0.024,0.01,0.011166666666666667,0.01616666666666667,0.0,0.0,0.0
0.0195,0.01,0.008000000000000002,0.016000000000000004,0.0,0.0,0.0
0.01983333333333333,0.01,0.010333333333333333,0.013333333333333334,0.0,0.0,0.0
0.024000000000000004,0.010000000000000009,0.012833333333333334,0.016333333333333335,0.0,0.0,0.0
0.020499999999999997,0.010000000000000002,0.012333333333333332,0.013166666666666669,0.0,0.0,0.0
0.029166666666666667,0.010000000000000009,0.013833333333333336,0.022000000000000006,0.0,0.0,0.0
0.020333333333333328,0.009999999999999998,0.009166666666666667,0.01566666666666667,0.0,0.0,0.0
0.03583333333333332,0.010000000000000009,0.016999999999999998,0.023833333333333335,0.0,0.0,0.0
0.02683333333333333,0.009999999999999998,0.006333333333333335,0.02433333333333333,0.0,0.0,0.0
0.02733333333333333,0.010000000000000005,0.011333333333333332,0.01966666666666667,0.0,0.0,0.0
0.031666666666666655,0.009999999999999998,0.007666666666666668,0.028333333333333332,0.0,0.0,0.0
0.02283333333333333,0.010000000000000009,0.009833333333333335,0.018000000000000002,0.0,0.0,0.0
0.021166666666666667,0.010000000000000005,0.010500000000000002,0.017833333333333333,0.0,0.0,0.0
0.027,0.010000000000000005,0.009000000000000001,0.021833333333333333,0.0,0.0,0.0
0.026833333333333334,0.010000000000000009,0.011000000000000001,0.019333333333333334,0.0,0.0,0.0
0.02283333333333333,0.010000000000000002,0.01483333333333333,0.013333333333333338,0.0,0.0,0.0
0.0205,0.010000000000000009,0.005333333333333337,0.019166666666666665,0.0,0.0,0.0
0.01716666666666667,0.010000000000000002,0.008500000000000002,0.013333333333333338,0.0,0.0,0.0
0.022000000000000002,0.01,0.009000000000000001,0.016833333333333332,0.0,0.0,0.0
0.014333333333333337,0.01,0.005000000000000001,0.011833333333333336,0.0,0.0,0.0
0.017666666666666667,0.010000000000000009,0.007833333333333335,0.013666666666666667,0.0,0.0,0.0
0.013000000000000001,0.009999999999999998,0.004666666666666668,0.010500000000000002,0.0,0.0,0.0
0.019333333333333334,0.01,0.007833333333333335,0.015333333333333334,0.0,0.0,0.0
0.0315,0.010000000000000005,0.017333333333333333,0.019833333333333338,0.0,0.0,0.0
0.023666666666666666,0.010000000000000009,0.008166666666666668,0.0205,0.0,0.0,0.0
0.027,0.010000000000000009,0.004666666666666667,0.02533333333333333,0.0,0.0,0.0
0.03016666666666666,0.010000000000000009,0.009166666666666667,0.0255,0.0,0.0,0.0
0.01566666666666667,0.01,0.008833333333333337,0.012833333333333335,0.0,0.0,0.0
0.027499999999999993,0.010000000000000009,0.011333333333333334,0.0205,0.0,0.0,0.0
0.0245,0.009999999999999998,0.009666666666666667,0.018,0.0,0.0,0.0
0.02366666666666667,0.01,0.007833333333333335,0.018833333333333334,0.0,0.0,0.0
0.020000000000000004,0.010000000000000005,0.011000000000000003,0.015166666666666669,0.0,0.0,0.0
0.021333333333333333,0.010000000000000005,0.0115,0.014500000000000004,0.0,0.0,0.0
0.023,0.010000000000000009,0.009833333333333336,0.01883333333333333,0.0,0.0,0.0
0.022,0.009999999999999998,0.012333333333333333,0.015500000000000003,0.0,0.0,0.0
0.018666666666666668,0.01,0.013333333333333334,0.011500000000000003,0.0,0.0,0.0
0.01716666666666667,0.01,0.008500000000000002,0.013000000000000005,0.0,0.0,0.0
0.030166666666666668,0.010000000000000009,0.008833333333333334,0.02516666666666667,0.0,0.0,0.0
0.03266666666666666,0.010000000000000009,0.016333333333333335,0.025166666666666664,0.0,0.0,0.0
0.024333333333333332,0.009999999999999998,0.014500000000000002,0.015500000000000002,0.0,0.0,0.0
0.030333333333333337,0.010000000000000009,0.017166666666666667,0.020166666666666673,0.0,0.0,0.0
0.019166666666666665,0.010000000000000005,0.008166666666666668,0.014666666666666668,0.0,0.0,0.0
0.01983333333333333,0.01,0.008833333333333335,0.01566666666666667,0.0,0.0,0.0
0.024666666666666667,0.010000000000000009,0.012166666666666666,0.018666666666666668,0.0,0.0,0.0
0.01583333333333333,0.009999999999999998,0.0061666666666666675,0.013666666666666666,0.0,0.0,0.0
0.024999999999999998,0.009999999999999998,0.009833333333333335,0.019166666666666665,0.0,0.0,0.0
0.017166666666666667,0.010000000000000005,0.008666666666666668,0.013666666666666669,0.0,0.0,0.0
0.028166666666666666,0.010000000000000009,0.012500000000000004,0.02316666666666667,0.0,0.0,0.0
0.026166666666666664,0.01,0.010500000000000004,0.022,0.0,0.0,0.0
0.02483333333333333,0.010000000000000009,0.009333333333333332,0.01933333333333333,0.0,0.0,0.0
0.023000000000000003,0.010000000000000009,0.011500000000000002,0.016833333333333332,0.0,0.0,0.0
0.022500000000000003,0.01,0.010333333333333335,0.016166666666666666,0.0,0.0,0.0
0.024333333333333332,0.010000000000000002,0.011000000000000001,0.018833333333333334,0.0,0.0,0.0
0.022833333333333334,0.01,0.014333333333333333,0.014833333333333337,0.0,0.0,0.0
0.02366666666666667,0.010000000000000009,0.009666666666666672,0.020000000000000004,0.0,0.0,0.0
0.027000000000000003,0.010000000000000005,0.01216666666666667,0.020833333333333332,0.0,0.0,0.0
0.029499999999999995,0.010000000000000005,0.018833333333333334,0.018833333333333337,0.0,0.0,0.0
0.023833333333333335,0.010000000000000002,0.011166666666666667,0.017833333333333333,0.0,0.0,0.0
0.018833333333333337,0.010000000000000009,0.011000000000000005,0.013833333333333336,0.0,0.0,0.0
0.018500000000000003,0.01,0.0071666666666666675,0.014333333333333335,0.0,0.0,0.0
0.0215,0.010000000000000009,0.009500000000000001,0.016166666666666666,0.0,0.0,0.0
0.028499999999999994,0.010000000000000005,0.010500000000000004,0.023166666666666665,0.0,0.0,0.0
0.0265,0.01,0.006666666666666667,0.02283333333333333,0.0,0.0,0.0
0.021000000000000005,0.010000000000000009,0.009333333333333334,0.017,0.0,0.0,0.0
0.019333333333333334,0.010000000000000005,0.010333333333333335,0.01516666666666667,0.0,0.0,0.0
0.026500000000000003,0.010000000000000009,0.013000000000000001,0.019000000000000003,0.0,0.0,0.0
0.025,0.010000000000000009,0.013000000000000001,0.018166666666666668,0.0,0.0,0.0
0.03183333333333334,0.010000000000000009,0.009833333333333335,0.02783333333333333,0.0,0.0,0.0
0.021000000000000005,0.010000000000000009,0.010666666666666668,0.015500000000000003,0.0,0.0,0.0
0.02433333333333333,0.010000000000000009,0.012833333333333335,0.018166666666666668,0.0,0.0,0.0
0.019000000000000003,0.01,0.010333333333333335,0.013500000000000003,0.0,0.0,0.0
0.01683333333333333,0.009999999999999998,0.0105,0.010333333333333337,0.0,0.0,0.0
0.022500000000000003,0.010000000000000005,0.007500000000000002,0.018166666666666668,0.0,0.0,0.0
0.023333333333333334,0.010000000000000009,0.013000000000000003,0.01816666666666667,0.0,0.0,0.0
0.018166666666666664,0.009999999999999998,0.011333333333333336,0.014000000000000004,0.0,0.0,0.0
0.02816666666666667,0.010000000000000009,0.014833333333333337,0.02,0.0,0.0,0.0
0.016666666666666666,0.009999999999999998,0.009666666666666667,0.011500000000000003,0.0,0.0,0.0
0.02316666666666667,0.010000000000000009,0.013166666666666667,0.015500000000000005,0.0,0.0,0.0
0.027333333333333324,0.009999999999999998,0.011166666666666665,0.021166666666666663,0.0,0.0,0.0
0.02383333333333333,0.010000000000000009,0.013333333333333334,0.016333333333333335,0.0,0.0,0.0
0.02266666666666667,0.01,0.009500000000000003,0.019000000000000006,0.0,0.0,0.0
0.028999999999999995,0.010000000000000009,0.012166666666666668,0.02233333333333333,0.0,0.0,0.0
0.024,0.010000000000000002,0.005666666666666668,0.021666666666666667,0.0,0.0,0.0
0.02233333333333333,0.010000000000000002,0.011166666666666667,0.016,0.0,0.0,0.0
0.01916666666666667,0.01,0.010500000000000002,0.014666666666666668,0.0,0.0,0.0
0.015000000000000001,0.01,0.00616666666666667,0.013833333333333335,0.0,0.0,0.0
0.024,0.010000000000000009,0.010833333333333334,0.018166666666666668,0.0,0.0,0.0
0.02066666666666667,0.01,0.011833333333333335,0.014166666666666668,0.0,0.0,0.0
0.025166666666666664,0.010000000000000009,0.006666666666666669,0.022666666666666665,0.0,0.0,0.0
0.021333333333333333,0.010000000000000002,0.008333333333333333,0.01766666666666667,0.0,0.0,0.0
0.02633333333333333,0.01,0.009333333333333334,0.018833333333333334,0.0,0.0,0.0
0.029166666666666667,0.010000000000000009,0.0085,0.02416666666666667,0.0,0.0,0.0
0.024500000000000004,0.010000000000000009,0.011666666666666669,0.01966666666666667,0.0,0.0,0.0
0.018833333333333334,0.009999999999999998,0.006166666666666669,0.016833333333333332,0.0,0.0,0.0
0.022666666666666665,0.010000000000000002,0.009000000000000001,0.018166666666666668,0.0,0.0,0.0
0.02683333333333333,0.010000000000000009,0.00766666666666667,0.024,0.0,0.0,0.0
0.021500000000000002,0.01,0.010500000000000002,0.01583333333333333,0.0,0.0,0.0
0.022500000000000003,0.010000000000000009,0.011333333333333336,0.01616666666666667,0.0,0.0,0.0
0.0205,0.010000000000000005,0.010333333333333333,0.014500000000000002,0.0,0.0,0.0
0.024666666666666667,0.010000000000000009,0.010833333333333335,0.02016666666666667,0.0,0.0,0.0
0.02033333333333333,0.010000000000000009,0.010333333333333335,0.015166666666666669,0.0,0.0,0.0
0.032,0.010000000000000009,0.017333333333333333,0.023833333333333335,0.0,0.0,0.0
0.024,0.010000000000000009,0.009500000000000001,0.02016666666666667,0.0,0.0,0.0
0.029500000000000002,0.010000000000000009,0.014833333333333332,0.019666666666666666,0.0,0.0,0.0
0.01666666666666667,0.010000000000000002,0.008833333333333334,0.012333333333333339,0.0,0.0,0.0
0.027500000000000004,0.010000000000000009,0.008500000000000002,0.024166666666666666,0.0,0.0,0.0
0.0195,0.010000000000000005,0.009833333333333336,0.015333333333333336,0.0,0.0,0.0
0.02983333333333333,0.010000000000000009,0.014500000000000002,0.02133333333333333,0.0,0.0,0.0
0.02733333333333333,0.010000000000000005,0.012833333333333334,0.019500000000000003,0.0,0.0,0.0
0.017000000000000005,0.010000000000000002,0.011666666666666669,0.01316666666666667,0.0,0.0,0.0
0.020666666666666667,0.010000000000000009,0.005833333333333337,0.01916666666666666,0.0,0.0,0.0
0.019833333333333335,0.01,0.009500000000000001,0.014666666666666668,0.0,0.0,0.0
0.02033333333333333,0.01,0.007333333333333336,0.01633333333333333,0.0,0.0,0.0
0.024333333333333332,0.009999999999999998,0.008333333333333335,0.020166666666666666,0.0,0.0,0.0
0.025,0.009999999999999998,0.012166666666666666,0.017833333333333333,0.0,0.0,0.0
0.022833333333333334,0.010000000000000009,0.010333333333333337,0.017666666666666667,0.0,0.0,0.0
0.02,0.010000000000000002,0.007666666666666668,0.016499999999999997,0.0,0.0,0.0
0.024666666666666667,0.010000000000000009,0.01066666666666667,0.020666666666666667,0.0,0.0,0.0
0.021,0.010000000000000005,0.009166666666666668,0.017,0.0,0.0,0.0
0.02266666666666667,0.01,0.012833333333333334,0.015000000000000005,0.0,0.0,0.0
0.024333333333333335,0.010000000000000009,0.013333333333333334,0.018500000000000003,0.0,0.0,0.0
0.0175,0.01,0.008,0.014000000000000002,0.0,0.0,0.0
0.019500000000000003,0.010000000000000009,0.009500000000000001,0.015500000000000003,0.0,0.0,0.0
0.019166666666666665,0.01,0.007666666666666668,0.0165,0.0,0.0,0.0
0.019666666666666662,0.01,0.005500000000000002,0.01683333333333333,0.0,0.0,0.0
0.026666666666666665,0.010000000000000009,0.01233333333333333,0.019,0.0,0.0,0.0
0.028166666666666666,0.010000000000000009,0.008000000000000002,0.025500000000000002,0.0,0.0,0.0
0.022666666666666665,0.009999999999999998,0.0085,0.018666666666666665,0.0,0.0,0.0
0.023166666666666665,0.010000000000000009,0.013000000000000003,0.01716666666666667,0.0,0.0,0.0
0.022000000000000006,0.010000000000000009,0.011166666666666668,0.01566666666666667,0.0,0.0,0.0
0.025,0.010000000000000009,0.010166666666666666,0.020500000000000004,0.0,0.0,0.0
0.025333333333333322,0.01,0.0071666666666666675,0.021166666666666663,0.0,0.0,0.0
0.02933333333333333,0.010000000000000009,0.010500000000000002,0.02416666666666667,0.0,0.0,0.0
0.02066666666666667,0.01,0.011666666666666667,0.015000000000000003,0.0,0.0,0.0
0.028000000000000004,0.01,0.0125,0.02033333333333333,0.0,0.0,0.0
0.027833333333333328,0.010000000000000009,0.01066666666666667,0.023,0.0,0.0,0.0
0.027666666666666666,0.010000000000000009,0.009000000000000005,0.024666666666666667,0.0,0.0,0.0
0.02983333333333333,0.01,0.0135,0.022166666666666668,0.0,0.0,0.0
0.0285,0.010000000000000009,0.011333333333333336,0.023,0.0,0.0,0.0
0.025,0.010000000000000009,0.012833333333333335,0.019333333333333334,0.0,0.0,0.0
0.018166666666666668,0.010000000000000009,0.00766666666666667,0.015333333333333336,0.0,0.0,0.0
0.018666666666666665,0.009999999999999998,0.010166666666666666,0.013166666666666667,0.0,0.0,0.0
0.026166666666666668,0.010000000000000009,0.012500000000000002,0.020000000000000004,0.0,0.0,0.0
0.025,0.010000000000000002,0.014333333333333335,0.017833333333333333,0.0,0.0,0.0
0.023,0.01,0.008166666666666666,0.019166666666666665,0.0,0.0,0.0
0.022666666666666665,0.01,0.015833333333333335,0.01466666666666667,0.0,0.0,0.0
0.026666666666666665,0.010000000000000009,0.010666666666666668,0.020999999999999998,0.0,0.0,0.0
0.022500000000000003,0.010000000000000005,0.010166666666666668,0.018000000000000002,0.0,0.0,0.0
0.022166666666666668,0.010000000000000009,0.008666666666666671,0.019666666666666673,0.0,0.0,0.0
0.018833333333333334,0.01,0.005000000000000003,0.017666666666666664,0.0,0.0,0.0
0.027666666666666666,0.010000000000000009,0.011000000000000001,0.021833333333333333,0.0,0.0,0.0
0.030333333333333334,0.010000000000000009,0.012833333333333337,0.02416666666666667,0.0,0.0,0.0
0.024833333333333332,0.010000000000000009,0.006333333333333334,0.02183333333333333,0.0,0.0,0.0
0.028666666666666663,0.010000000000000009,0.006500000000000001,0.024499999999999997,0.0,0.0,0.0
0.024,0.010000000000000009,0.009333333333333336,0.019000000000000003,0.0,0.0,0.0
0.026333333333333334,0.010000000000000009,0.01583333333333333,0.015833333333333338,0.0,0.0,0.0
0.026166666666666664,0.010000000000000009,0.009666666666666672,0.023500000000000004,0.0,0.0,0.0
0.026833333333333327,0.010000000000000009,0.010833333333333335,0.022166666666666664,0.0,0.0,0.0
0.019000000000000003,0.01,0.0058333333333333345,0.01683333333333333,0.0,0.0,0.0
0.023666666666666666,0.010000000000000009,0.015333333333333334,0.015166666666666669,0.0,0.0,0.0
0.02666666666666667,0.010000000000000009,0.010333333333333335,0.02116666666666667,0.0,0.0,0.0
0.024333333333333332,0.010000000000000009,0.010000000000000004,0.0205,0.0,0.0,0.0
0.025666666666666667,0.010000000000000009,0.009833333333333335,0.01966666666666667,0.0,0.0,0.0
0.02483333333333333,0.010000000000000009,0.011333333333333334,0.0185,0.0,0.0,0.0
0.028333333333333335,0.010000000000000009,0.009000000000000005,0.025,0.0,0.0,0.0
0.019666666666666666,0.010000000000000002,0.007666666666666669,0.015666666666666666,0.0,0.0,0.0
0.021000000000000005,0.010000000000000009,0.01266666666666667,0.014333333333333339,0.0,0.0,0.0
0.02416666666666667,0.010000000000000009,0.011166666666666667,0.018666666666666668,0.0,0.0,0.0
0.0255,0.01,0.010166666666666666,0.019666666666666666,0.0,0.0,0.0
0.018833333333333334,0.010000000000000005,0.011500000000000003,0.01316666666666667,0.0,0.0,0.0
0.020000000000000004,0.010000000000000009,0.005500000000000003,0.01883333333333333,0.0,0.0,0.0
0.02283333333333333,0.01,0.011666666666666665,0.016666666666666666,0.0,0.0,0.0
0.028333333333333332,0.01,0.008666666666666668,0.023499999999999997,0.0,0.0,0.0
0.025833333333333333,0.010000000000000009,0.010500000000000004,0.02066666666666667,0.0,0.0,0.0
0.018,0.010000000000000009,0.009000000000000005,0.015166666666666669,0.0,0.0,0.0
0.01983333333333333,0.01,0.008666666666666668,0.015333333333333336,0.0,0.0,0.0
0.028666666666666663,0.010000000000000002,0.013500000000000002,0.02133333333333333,0.0,0.0,0.0
0.017833333333333333,0.01,0.009500000000000003,0.014333333333333337,0.0,0.0,0.0
0.029333333333333333,0.010000000000000009,0.009833333333333338,0.026,0.0,0.0,0.0
0.028666666666666667,0.010000000000000009,0.008666666666666666,0.025333333333333333,0.0,0.0,0.0
0.0275,0.010000000000000009,0.0185,0.016000000000000007,0.0,0.0,0.0
0.019833333333333335,0.010000000000000009,0.008666666666666666,0.015000000000000003,0.0,0.0,0.0
0.02733333333333333,0.01,0.01283333333333333,0.01916666666666667,0.0,0.0,0.0
0.024833333333333332,0.010000000000000009,0.013666666666666667,0.017,0.0,0.0,0.0
0.029999999999999995,0.010000000000000009,0.012000000000000004,0.024666666666666667,0.0,0.0,0.0
0.023666666666666666,0.010000000000000009,0.009500000000000001,0.019000000000000003,0.0,0.0,0.0
0.022000000000000002,0.010000000000000009,0.011666666666666669,0.017,0.0,0.0,0.0
0.02733333333333333,0.010000000000000002,0.011166666666666667,0.020833333333333332,0.0,0.0,0.0
0.026833333333333334,0.010000000000000002,0.010666666666666666,0.019833333333333335,0.0,0.0,0.0
0.023499999999999997,0.010000000000000005,0.013000000000000001,0.018000000000000002,0.0,0.0,0.0
0.01616666666666667,0.009999999999999998,0.008,0.011000000000000003,0.0,0.0,0.0
0.024499999999999997,0.010000000000000002,0.007000000000000001,0.020499999999999997,0.0,0.0,0.0
0.027,0.010000000000000009,0.013333333333333336,0.0205,0.0,0.0,0.0
0.0205,0.01,0.009500000000000001,0.016,0.0,0.0,0.0
0.023666666666666666,0.010000000000000009,0.005333333333333337,0.022499999999999996,0.0,0.0,0.0
0.014500000000000004,0.009999999999999998,0.006500000000000002,0.012000000000000004,0.0,0.0,0.0
0.01833333333333333,0.01,0.007166666666666669,0.014166666666666668,0.0,0.0,0.0
0.0275,0.010000000000000009,0.0085,0.023666666666666666,0.0,0.0,0.0
0.024833333333333332,0.010000000000000009,0.006833333333333334,0.02116666666666667,0.0,0.0,0.0
0.024000000000000004,0.010000000000000002,0.01216666666666667,0.016833333333333336,0.0,0.0,0.0
0.019500000000000007,0.010000000000000009,0.010000000000000004,0.014833333333333337,0.0,0.0,0.0
0.028833333333333336,0.010000000000000005,0.014000000000000002,0.020166666666666666,0.0,0.0,0.0
0.023500000000000004,0.010000000000000005,0.011000000000000003,0.018333333333333333,0.0,0.0,0.0
0.02283333333333333,0.010000000000000002,0.006333333333333334,0.01933333333333333,0.0,0.0,0.0
0.02466666666666667,0.010000000000000009,0.011833333333333335,0.01916666666666667,0.0,0.0,0.0
0.02483333333333333,0.01,0.008000000000000002,0.02066666666666667,0.0,0.0,0.0
0.02733333333333333,0.009999999999999998,0.012500000000000004,0.021,0.0,0.0,0.0
0.016666666666666666,0.01,0.009500000000000001,0.011500000000000003,0.0,0.0,0.0
0.018666666666666665,0.009999999999999998,0.00466666666666667,0.01733333333333333,0.0,0.0,0.0
0.015833333333333335,0.009999999999999998,0.0085,0.011333333333333336,0.0,0.0,0.0
0.027333333333333328,0.01,0.013500000000000002,0.018333333333333333,0.0,0.0,0.0
0.024500000000000004,0.010000000000000009,0.013666666666666667,0.01816666666666667,0.0,0.0,0.0
0.016833333333333336,0.010000000000000009,0.009333333333333336,0.01266666666666667,0.0,0.0,0.0
0.0205,0.009999999999999998,0.008666666666666668,0.016500000000000004,0.0,0.0,0.0
0.01966666666666667,0.009999999999999998,0.011000000000000001,0.013666666666666669,0.0,0.0,0.0
0.025166666666666667,0.010000000000000005,0.012333333333333337,0.02,0.0,0.0,0.0
0.02583333333333333,0.010000000000000009,0.009833333333333336,0.021166666666666667,0.0,0.0,0.0
0.02883333333333333,0.010000000000000009,0.01683333333333333,0.018500000000000003,0.0,0.0,0.0
0.025166666666666667,0.010000000000000009,0.01216666666666667,0.02016666666666667,0.0,0.0,0.0
0.021500000000000002,0.010000000000000005,0.010166666666666668,0.016333333333333335,0.0,0.0,0.0
0.023666666666666666,0.010000000000000002,0.009500000000000001,0.0175,0.0,0.0,0.0
0.0315,0.010000000000000009,0.013666666666666669,0.024833333333333332,0.0,0.0,0.0
0.02683333333333333,0.010000000000000009,0.013666666666666666,0.019000000000000003,0.0,0.0,0.0
0.03116666666666667,0.010000000000000009,0.015333333333333334,0.021500000000000005,0.0,0.0,0.0
0.018000000000000002,0.010000000000000009,0.00616666666666667,0.015499999999999998,0.0,0.0,0.0
0.02483333333333333,0.01,0.012666666666666666,0.0165,0.0,0.0,0.0
0.029166666666666657,0.01,0.010000000000000002,0.023999999999999997,0.0,0.0,0.0
0.02633333333333333,0.010000000000000005,0.010000000000000002,0.021666666666666667,0.0,0.0,0.0
0.026000000000000002,0.010000000000000009,0.011000000000000005,0.02016666666666667,0.0,0.0,0.0
0.026666666666666665,0.01,0.007833333333333336,0.023166666666666665,0.0,0.0,0.0
0.01933333333333333,0.01,0.008833333333333335,0.015500000000000002,0.0,0.0,0.0
0.029999999999999995,0.010000000000000009,0.014333333333333333,0.021500000000000002,0.0,0.0,0.0
0.020666666666666667,0.01,0.007166666666666669,0.016833333333333332,0.0,0.0,0.0
0.020833333333333332,0.009999999999999998,0.008166666666666668,0.016833333333333332,0.0,0.0,0.0
0.030666666666666665,0.010000000000000009,0.011666666666666665,0.023333333333333334,0.0,0.0,0.0
0.024166666666666663,0.009999999999999998,0.011666666666666667,0.018166666666666668,0.0,0.0,0.0
0.01966666666666667,0.01,0.011166666666666668,0.015166666666666669,0.0,0.0,0.0
0.019333333333333334,0.010000000000000009,0.013333333333333336,0.014333333333333339,0.0,0.0,0.0
0.0225,0.01,0.006500000000000001,0.018,0.0,0.0,0.0
0.02083333333333333,0.01,0.006000000000000002,0.017166666666666663,0.0,0.0,0.0
0.021,0.009999999999999998,0.009000000000000001,0.01566666666666667,0.0,0.0,0.0
0.020000000000000004,0.01,0.012000000000000002,0.013333333333333334,0.0,0.0,0.0
0.017333333333333333,0.010000000000000009,0.008000000000000004,0.013666666666666667,0.0,0.0,0.0
0.02283333333333333,0.010000000000000009,0.009166666666666668,0.018833333333333334,0.0,0.0,0.0
0.016833333333333332,0.009999999999999998,0.007499999999999999,0.012833333333333335,0.0,0.0,0.0
0.023500000000000004,0.010000000000000009,0.011333333333333336,0.01866666666666667,0.0,0.0,0.0
0.023666666666666666,0.009999999999999998,0.008666666666666666,0.01883333333333333,0.0,0.0,0.0
0.022833333333333334,0.010000000000000009,0.0085,0.018166666666666664,0.0,0.0,0.0
0.021666666666666667,0.010000000000000009,0.009666666666666665,0.01566666666666667,0.0,0.0,0.0
0.0195,0.010000000000000009,0.013333333333333334,0.011500000000000003,0.0,0.0,0.0
0.02433333333333333,0.01,0.010166666666666666,0.01883333333333333,0.0,0.0,0.0
0.021333333333333333,0.010000000000000009,0.013333333333333336,0.014333333333333337,0.0,0.0,0.0
0.027166666666666665,0.010000000000000002,0.00816666666666667,0.023166666666666665,0.0,0.0,0.0
0.025333333333333333,0.010000000000000005,0.007666666666666669,0.022333333333333334,0.0,0.0,0.0
0.025,0.010000000000000009,0.005666666666666668,0.022000000000000002,0.0,0.0,0.0
0.018666666666666668,0.01,0.008333333333333337,0.015166666666666665,0.0,0.0,0.0
0.029,0.01,0.008000000000000002,0.025333333333333333,0.0,0.0,0.0
0.020000000000000004,0.010000000000000009,0.008666666666666666,0.016000000000000004,0.0,0.0,0.0
0.01866666666666666,0.009999999999999998,0.007666666666666668,0.014333333333333332,0.0,0.0,0.0
0.02233333333333333,0.01,0.008833333333333335,0.017666666666666667,0.0,0.0,0.0
0.025166666666666667,0.010000000000000002,0.015000000000000003,0.017166666666666667,0.0,0.0,0.0
0.022166666666666668,0.010000000000000009,0.006666666666666668,0.019000000000000003,0.0,0.0,0.0
0.0255,0.010000000000000005,0.015166666666666667,0.016333333333333335,0.0,0.0,0.0
0.031166666666666665,0.010000000000000009,0.014333333333333333,0.023166666666666665,0.0,0.0,0.0
0.02583333333333333,0.010000000000000005,0.010333333333333335,0.021166666666666667,0.0,0.0,0.0
0.027333333333333334,0.010000000000000009,0.008833333333333335,0.023666666666666666,0.0,0.0,0.0
0.0205,0.01,0.015333333333333334,0.01216666666666667,0.0,0.0,0.0
0.0265,0.010000000000000005,0.010333333333333333,0.021166666666666667,0.0,0.0,0.0
0.023333333333333334,0.010000000000000005,0.009666666666666667,0.018333333333333333,0.0,0.0,0.0
0.022333333333333337,0.010000000000000009,0.013833333333333338,0.017000000000000005,0.0,0.0,0.0
0.023833333333333335,0.010000000000000009,0.013833333333333335,0.01566666666666667,0.0,0.0,0.0
0.02833333333333333,0.010000000000000005,0.007666666666666666,0.0245,0.0,0.0,0.0
0.02683333333333333,0.010000000000000009,0.013500000000000003,0.020000000000000004,0.0,0.0,0.0
0.029666666666666668,0.010000000000000009,0.010333333333333335,0.025666666666666667,0.0,0.0,0.0
0.02483333333333333,0.010000000000000002,0.008500000000000002,0.021,0.0,0.0,0.0
0.026166666666666668,0.010000000000000009,0.009333333333333334,0.021666666666666667,0.0,0.0,0.0
0.021500000000000002,0.010000000000000005,0.008833333333333337,0.018500000000000003,0.0,0.0,0.0
0.024499999999999997,0.01,0.011833333333333335,0.017,0.0,0.0,0.0
0.019500000000000003,0.010000000000000005,0.010833333333333335,0.014000000000000004,0.0,0.0,0.0
0.017666666666666667,0.009999999999999998,0.012166666666666666,0.010500000000000004,0.0,0.0,0.0
0.025666666666666667,0.010000000000000005,0.013333333333333334,0.017666666666666667,0.0,0.0,0.0
0.025666666666666667,0.010000000000000009,0.011666666666666667,0.018666666666666668,0.0,0.0,0.0
0.020666666666666667,0.010000000000000009,0.008000000000000002,0.017166666666666667,0.0,0.0,0.0
0.029500000000000005,0.010000000000000009,0.014166666666666668,0.02216666666666667,0.0,0.0,0.0
0.026,0.010000000000000009,0.012166666666666668,0.019500000000000003,0.0,0.0,0.0
0.02266666666666666,0.010000000000000009,0.005500000000000001,0.02083333333333333,0.0,0.0,0.0
0.026,0.010000000000000005,0.013166666666666667,0.019333333333333334,0.0,0.0,0.0
0.017666666666666664,0.009999999999999998,0.0058333333333333345,0.015166666666666665,0.0,0.0,0.0
0.023166666666666665,0.010000000000000009,0.007666666666666667,0.01933333333333333,0.0,0.0,0.0
0.029666666666666668,0.01,0.014666666666666666,0.0205,0.0,0.0,0.0
0.027499999999999993,0.010000000000000009,0.011166666666666667,0.021166666666666663,0.0,0.0,0.0
0.024499999999999997,0.010000000000000009,0.011333333333333336,0.01966666666666667,0.0,0.0,0.0
0.024166666666666666,0.01,0.011166666666666667,0.017499999999999998,0.0,0.0,0.0
0.018000000000000002,0.01,0.008333333333333333,0.013333333333333334,0.0,0.0,0.0
0.01666666666666667,0.010000000000000002,0.010166666666666668,0.011000000000000003,0.0,0.0,0.0
0.033499999999999995,0.010000000000000009,0.015666666666666666,0.023166666666666665,0.0,0.0,0.0
0.016333333333333335,0.010000000000000005,0.009166666666666667,0.011166666666666668,0.0,0.0,0.0
0.017333333333333336,0.010000000000000002,0.007000000000000004,0.014833333333333336,0.0,0.0,0.0
0.019333333333333327,0.009999999999999998,0.005333333333333337,0.017166666666666667,0.0,0.0,0.0
0.021500000000000002,0.009999999999999998,0.007333333333333336,0.017666666666666667,0.0,0.0,0.0
0.027666666666666666,0.010000000000000009,0.010833333333333335,0.022500000000000003,0.0,0.0,0.0
0.01933333333333333,0.01,0.0068333333333333345,0.015166666666666665,0.0,0.0,0.0
0.02283333333333333,0.010000000000000009,0.010000000000000002,0.017833333333333333,0.0,0.0,0.0
0.01566666666666667,0.01,0.009500000000000003,0.01066666666666667,0.0,0.0,0.0
0.03150000000000001,0.010000000000000009,0.011333333333333334,0.026833333333333334,0.0,0.0,0.0
0.01766666666666667,0.010000000000000009,0.0058333333333333345,0.015166666666666667,0.0,0.0,0.0
0.029499999999999995,0.010000000000000009,0.009166666666666667,0.025666666666666667,0.0,0.0,0.0
0.021666666666666667,0.010000000000000002,0.010500000000000004,0.017500000000000005,0.0,0.0,0.0
0.023333333333333327,0.009999999999999998,0.011000000000000003,0.017833333333333333,0.0,0.0,0.0
0.02983333333333333,0.010000000000000005,0.012333333333333333,0.02233333333333333,0.0,0.0,0.0
0.02283333333333333,0.010000000000000009,0.007166666666666666,0.018500000000000003,0.0,0.0,0.0
0.018666666666666665,0.01,0.008000000000000002,0.014666666666666666,0.0,0.0,0.0
0.031166666666666662,0.010000000000000005,0.013000000000000001,0.024999999999999998,0.0,0.0,0.0
0.027666666666666662,0.010000000000000009,0.008833333333333335,0.024,0.0,0.0,0.0
0.023333333333333334,0.010000000000000009,0.008833333333333337,0.020000000000000004,0.0,0.0,0.0
0.018333333333333337,0.010000000000000005,0.007666666666666671,0.016333333333333335,0.0,0.0,0.0
0.029666666666666668,0.010000000000000009,0.008833333333333335,0.027000000000000003,0.0,0.0,0.0
0.019333333333333334,0.01,0.014000000000000002,0.012333333333333337,0.0,0.0,0.0
0.025500000000000002,0.010000000000000009,0.011333333333333334,0.01966666666666667,0.0,0.0,0.0
0.019333333333333334,0.010000000000000009,0.009500000000000001,0.014666666666666668,0.0,0.0,0.0
0.018,0.010000000000000002,0.009166666666666667,0.011666666666666669,0.0,0.0,0.0
0.022000000000000002,0.010000000000000002,0.007333333333333335,0.019000000000000003,0.0,0.0,0.0
0.021500000000000002,0.01,0.009000000000000001,0.016666666666666666,0.0,0.0,0.0
0.01666666666666667,0.01,0.006000000000000004,0.015000000000000003,0.0,0.0,0.0
0.020833333333333332,0.010000000000000009,0.008833333333333337,0.016,0.0,0.0,0.0
0.02383333333333333,0.010000000000000002,0.010000000000000002,0.01966666666666667,0.0,0.0,0.0
0.022499999999999996,0.009999999999999998,0.005666666666666669,0.020999999999999998,0.0,0.0,0.0
0.026000000000000002,0.01,0.015000000000000001,0.0165,0.0,0.0,0.0
0.020666666666666667,0.01,0.010333333333333333,0.014166666666666668,0.0,0.0,0.0
0.027666666666666666,0.010000000000000005,0.007500000000000003,0.024,0.0,0.0,0.0
0.02683333333333333,0.01,0.012166666666666668,0.021500000000000002,0.0,0.0,0.0
0.0245,0.010000000000000009,0.006500000000000002,0.020999999999999998,0.0,0.0,0.0
0.022000000000000002,0.01,0.008166666666666668,0.018166666666666668,0.0,0.0,0.0
0.023666666666666662,0.01,0.007500000000000001,0.019166666666666665,0.0,0.0,0.0
0.03166666666666666,0.010000000000000009,0.010166666666666668,0.028,0.0,0.0,0.0
0.019000000000000003,0.010000000000000009,0.005333333333333335,0.016333333333333335,0.0,0.0,0.0
0.017,0.009999999999999998,0.010000000000000002,0.012666666666666668,0.0,0.0,0.0
0.022333333333333334,0.010000000000000009,0.010833333333333337,0.0165,0.0,0.0,0.0
0.03233333333333333,0.010000000000000005,0.013500000000000002,0.026000000000000002,0.0,0.0,0.0
0.03166666666666666,0.010000000000000009,0.013000000000000003,0.025333333333333333,0.0,0.0,0.0
0.015833333333333335,0.01,0.0075000000000000015,0.013333333333333334,0.0,0.0,0.0
0.01833333333333333,0.009999999999999998,0.011500000000000002,0.010333333333333335,0.0,0.0,0.0
0.023833333333333335,0.010000000000000009,0.010000000000000002,0.019000000000000003,0.0,0.0,0.0
0.022833333333333327,0.01,0.010166666666666668,0.01783333333333333,0.0,0.0,0.0
0.024999999999999998,0.010000000000000009,0.008666666666666666,0.0205,0.0,0.0,0.0
0.02683333333333333,0.01,0.006500000000000004,0.02583333333333333,0.0,0.0,0.0
0.0275,0.010000000000000005,0.01266666666666667,0.022500000000000003,0.0,0.0,0.0
0.024833333333333332,0.010000000000000009,0.007666666666666666,0.021,0.0,0.0,0.0
0.025666666666666664,0.01,0.007333333333333334,0.023,0.0,0.0,0.0
0.027833333333333328,0.010000000000000002,0.014833333333333334,0.019500000000000003,0.0,0.0,0.0
0.026499999999999992,0.010000000000000009,0.009000000000000001,0.021833333333333333,0.0,0.0,0.0
0.04166666666666666,0.010000000000000009,0.018333333333333333,0.029333333333333336,0.0,0.0,0.0
0.023000000000000003,0.010000000000000009,0.011666666666666669,0.015333333333333336,0.0,0.0,0.0
0.02283333333333333,0.010000000000000009,0.010666666666666668,0.018500000000000003,0.0,0.0,0.0
0.01016666666666667,0.009999999999999998,0.004833333333333336,0.008666666666666671,0.0,0.0,0.0
0.024833333333333332,0.010000000000000005,0.006333333333333334,0.0225,0.0,0.0,0.0
0.030500000000000003,0.010000000000000009,0.010333333333333335,0.02466666666666667,0.0,0.0,0.0
0.0255,0.010000000000000005,0.013166666666666667,0.0195,0.0,0.0,0.0
0.023999999999999997,0.009999999999999998,0.01,0.017833333333333333,0.0,0.0,0.0
0.015000000000000001,0.01,0.009166666666666665,0.008833333333333337,0.0,0.0,0.0
0.02083333333333333,0.01,0.0066666666666666706,0.019166666666666665,0.0,0.0,0.0
0.022166666666666668,0.01,0.010666666666666666,0.01633333333333333,0.0,0.0,0.0
0.023333333333333334,0.010000000000000002,0.006833333333333335,0.0205,0.0,0.0,0.0
0.030833333333333338,0.010000000000000009,0.011000000000000003,0.026666666666666672,0.0,0.0,0.0
0.02383333333333333,0.010000000000000009,0.0125,0.017833333333333333,0.0,0.0,0.0
0.015333333333333332,0.0,0.004000000000000001,0.014333333333333332,0.0,0.0,0.0
0.03233333333333333,0.010000000000000009,0.013833333333333331,0.02433333333333333,0.0,0.0,0.0
0.025500000000000002,0.009999999999999998,0.011,0.018166666666666668,0.0,0.0,0.0
0.0365,0.010000000000000009,0.014166666666666666,0.02733333333333333,0.0,0.0,0.0
0.020666666666666667,0.010000000000000009,0.009500000000000003,0.017333333333333333,0.0,0.0,0.0
0.02316666666666667,0.010000000000000002,0.0075000000000000015,0.01916666666666667,0.0,0.0,0.0
0.021333333333333333,0.009999999999999998,0.008666666666666668,0.018000000000000002,0.0,0.0,0.0
0.022,0.010000000000000002,0.007000000000000003,0.019833333333333328,0.0,0.0,0.0
0.020666666666666667,0.010000000000000005,0.010166666666666668,0.01583333333333333,0.0,0.0,0.0
0.027,0.010000000000000009,0.013500000000000005,0.021166666666666667,0.0,0.0,0.0
0.024999999999999998,0.010000000000000009,0.011666666666666669,0.020666666666666667,0.0,0.0,0.0
0.027000000000000003,0.010000000000000009,0.016833333333333332,0.016333333333333335,0.0,0.0,0.0
0.02183333333333333,0.009999999999999998,0.008333333333333335,0.017166666666666667,0.0,0.0,0.0
0.021333333333333333,0.010000000000000005,0.009833333333333335,0.015166666666666669,0.0,0.0,0.0
0.0245,0.010000000000000009,0.013333333333333338,0.017,0.0,0.0,0.0
0.03216666666666666,0.010000000000000009,0.016833333333333336,0.021000000000000005,0.0,0.0,0.0
0.02183333333333333,0.01,0.006666666666666668,0.0185,0.0,0.0,0.0
0.02016666666666667,0.01,0.011000000000000006,0.016500000000000004,0.0,0.0,0.0
0.020833333333333336,0.01,0.008500000000000002,0.016833333333333332,0.0,0.0,0.0
0.026000000000000002,0.010000000000000009,0.010833333333333332,0.020000000000000004,0.0,0.0,0.0
0.01916666666666667,0.01,0.007500000000000002,0.015333333333333334,0.0,0.0,0.0
0.028500000000000004,0.010000000000000009,0.0195,0.016833333333333336,0.0,0.0,0.0
0.023000000000000003,0.01,0.009000000000000001,0.017666666666666667,0.0,0.0,0.0
0.023,0.010000000000000002,0.013666666666666667,0.01616666666666667,0.0,0.0,0.0
0.02266666666666667,0.010000000000000009,0.014833333333333334,0.014666666666666672,0.0,0.0,0.0
0.019833333333333338,0.010000000000000009,0.0085,0.01633333333333334,0.0,0.0,0.0
0.018000000000000002,0.01,0.011166666666666667,0.011000000000000001,0.0,0.0,0.0
0.020000000000000004,0.01,0.012333333333333335,0.013333333333333336,0.0,0.0,0.0
0.02416666666666667,0.010000000000000009,0.008666666666666668,0.021166666666666667,0.0,0.0,0.0
0.021333333333333333,0.01,0.012000000000000002,0.013333333333333336,0.0,0.0,0.0
0.026166666666666668,0.010000000000000002,0.011000000000000003,0.021,0.0,0.0,0.0
0.01933333333333333,0.009999999999999998,0.006666666666666668,0.016,0.0,0.0,0.0
0.023666666666666666,0.010000000000000002,0.014,0.017166666666666667,0.0,0.0,0.0
0.018833333333333334,0.010000000000000002,0.006333333333333335,0.015666666666666666,0.0,0.0,0.0
0.0205,0.010000000000000002,0.007000000000000001,0.016666666666666666,0.0,0.0,0.0
0.019333333333333334,0.01,0.012333333333333332,0.01216666666666667,0.0,0.0,0.0
0.013833333333333335,0.009999999999999998,0.005500000000000001,0.011500000000000002,0.0,0.0,0.0
0.027833333333333335,0.010000000000000005,0.012833333333333334,0.0205,0.0,0.0,0.0
0.0165,0.010000000000000002,0.006333333333333335,0.012666666666666666,0.0,0.0,0.0
0.028833333333333332,0.010000000000000009,0.014166666666666668,0.0205,0.0,0.0,0.0
0.018500000000000003,0.009999999999999998,0.005833333333333335,0.015833333333333335,0.0,0.0,0.0
0.0225,0.010000000000000005,0.009500000000000001,0.01783333333333333,0.0,0.0,0.0
0.024333333333333332,0.010000000000000002,0.012333333333333333,0.018166666666666668,0.0,0.0,0.0
0.0185,0.01,0.003166666666666668,0.017499999999999998,0.0,0.0,0.0
0.034,0.010000000000000005,0.010666666666666668,0.029666666666666664,0.0,0.0,0.0
0.017166666666666667,0.009999999999999998,0.007000000000000001,0.014,0.0,0.0,0.0
0.02683333333333333,0.010000000000000009,0.011000000000000003,0.020333333333333335,0.0,0.0,0.0
0.0225,0.01,0.008166666666666668,0.016833333333333332,0.0,0.0,0.0
0.028000000000000004,0.010000000000000009,0.010833333333333335,0.022833333333333334,0.0,0.0,0.0
0.03033333333333333,0.009999999999999998,0.012666666666666666,0.022000000000000002,0.0,0.0,0.0
0.020500000000000004,0.010000000000000005,0.007166666666666669,0.017666666666666667,0.0,0.0,0.0
0.017333333333333333,0.01,0.008,0.012500000000000002,0.0,0.0,0.0
0.019333333333333327,0.010000000000000005,0.007833333333333335,0.01583333333333333,0.0,0.0,0.0
0.03433333333333333,0.010000000000000002,0.010000000000000002,0.02983333333333333,0.0,0.0,0.0
0.03533333333333333,0.010000000000000009,0.020333333333333328,0.024,0.0,0.0,0.0
0.029,0.010000000000000009,0.013833333333333335,0.0205,0.0,0.0,0.0
0.02933333333333333,0.010000000000000009,0.011166666666666667,0.0235,0.0,0.0,0.0
0.025333333333333333,0.010000000000000009,0.014000000000000002,0.019000000000000003,0.0,0.0,0.0
0.022333333333333334,0.010000000000000009,0.011500000000000003,0.018000000000000006,0.0,0.0,0.0
0.016,0.01,0.011333333333333334,0.009500000000000001,0.0,0.0,0.0
0.02483333333333333,0.01,0.011000000000000001,0.02,0.0,0.0,0.0
0.020833333333333336,0.01,0.007833333333333336,0.019333333333333334,0.0,0.0,0.0
0.026166666666666664,0.01,0.008833333333333334,0.02083333333333333,0.0,0.0,0.0
0.026000000000000006,0.010000000000000009,0.010166666666666668,0.021500000000000002,0.0,0.0,0.0
0.022000000000000002,0.010000000000000009,0.007833333333333338,0.019,0.0,0.0,0.0
0.018833333333333334,0.01,0.0085,0.014333333333333333,0.0,0.0,0.0
0.024833333333333336,0.010000000000000009,0.008833333333333337,0.02183333333333333,0.0,0.0,0.0
0.026,0.010000000000000009,0.010666666666666665,0.018833333333333334,0.0,0.0,0.0
0.026999999999999993,0.01,0.010333333333333333,0.021666666666666664,0.0,0.0,0.0
0.023499999999999997,0.010000000000000009,0.013833333333333335,0.01633333333333333,0.0,0.0,0.0
0.024833333333333332,0.009999999999999998,0.008833333333333334,0.018666666666666665,0.0,0.0,0.0
0.02783333333333333,0.010000000000000009,0.015166666666666665,0.017833333333333333,0.0,0.0,0.0
0.024333333333333332,0.01,0.009333333333333334,0.018833333333333334,0.0,0.0,0.0
0.025333333333333333,0.010000000000000009,0.014166666666666668,0.01766666666666667,0.0,0.0,0.0
0.027666666666666666,0.010000000000000005,0.010666666666666668,0.02133333333333333,0.0,0.0,0.0
0.028999999999999995,0.010000000000000005,0.008833333333333334,0.024166666666666663,0.0,0.0,0.0
0.022333333333333334,0.009999999999999998,0.009333333333333338,0.017666666666666667,0.0,0.0,0.0
0.0245,0.010000000000000009,0.012166666666666671,0.020000000000000004,0.0,0.0,0.0
0.02433333333333333,0.010000000000000002,0.011833333333333335,0.015833333333333335,0.0,0.0,0.0
0.0225,0.009999999999999998,0.010333333333333335,0.016166666666666666,0.0,0.0,0.0
0.025166666666666667,0.010000000000000009,0.0058333333333333345,0.022500000000000003,0.0,0.0,0.0
0.027500000000000004,0.010000000000000009,0.010666666666666666,0.022833333333333334,0.0,0.0,0.0
0.026000000000000002,0.01,0.0061666666666666675,0.02366666666666667,0.0,0.0,0.0
0.021333333333333333,0.010000000000000009,0.012166666666666668,0.013500000000000003,0.0,0.0,0.0
0.023333333333333334,0.01,0.009666666666666667,0.017833333333333336,0.0,0.0,0.0
0.016500000000000004,0.010000000000000009,0.006000000000000002,0.014000000000000002,0.0,0.0,0.0
0.021833333333333333,0.010000000000000002,0.008666666666666666,0.018000000000000002,0.0,0.0,0.0
0.025000000000000005,0.010000000000000009,0.010000000000000002,0.019833333333333335,0.0,0.0,0.0
0.03166666666666666,0.010000000000000002,0.014333333333333333,0.02366666666666667,0.0,0.0,0.0
0.03583333333333332,0.010000000000000009,0.012666666666666666,0.028833333333333332,0.0,0.0,0.0
0.015333333333333336,0.01,0.007833333333333336,0.012500000000000002,0.0,0.0,0.0
0.024333333333333335,0.01,0.012000000000000002,0.018000000000000006,0.0,0.0,0.0
0.024166666666666666,0.010000000000000002,0.009333333333333334,0.01783333333333333,0.0,0.0,0.0
0.02783333333333333,0.010000000000000009,0.013333333333333336,0.019833333333333335,0.0,0.0,0.0
0.021333333333333333,0.010000000000000009,0.013666666666666667,0.014666666666666668,0.0,0.0,0.0
0.02183333333333333,0.01,0.009166666666666668,0.017499999999999998,0.0,0.0,0.0
0.023333333333333334,0.010000000000000009,0.01116666666666667,0.018500000000000003,0.0,0.0,0.0
0.022000000000000002,0.01,0.009833333333333333,0.014999999999999996,0.0,0.0,0.0
0.0195,0.010000000000000009,0.010500000000000002,0.015833333333333335,0.0,0.0,0.0
0.01916666666666667,0.009999999999999998,0.008333333333333335,0.015333333333333334,0.0,0.0,0.0
0.01816666666666667,0.0,0.008833333333333334,0.013666666666666667,0.0,0.0,0.0
0.0215,0.009999999999999998,0.003666666666666667,0.0195,0.0,0.0,0.0
0.02333333333333333,0.010000000000000009,0.007833333333333338,0.021666666666666667,0.0,0.0,0.0
0.016833333333333332,0.010000000000000009,0.009666666666666667,0.012166666666666668,0.0,0.0,0.0
0.01566666666666667,0.01,0.010666666666666668,0.009500000000000003,0.0,0.0,0.0
0.02066666666666667,0.010000000000000005,0.007500000000000002,0.017833333333333333,0.0,0.0,0.0
0.016666666666666666,0.010000000000000002,0.008833333333333334,0.011333333333333336,0.0,0.0,0.0
0.03366666666666666,0.010000000000000009,0.013500000000000002,0.02533333333333333,0.0,0.0,0.0
0.018666666666666668,0.010000000000000009,0.008666666666666668,0.015333333333333336,0.0,0.0,0.0
0.022833333333333334,0.010000000000000002,0.0058333333333333345,0.0205,0.0,0.0,0.0
0.030166666666666668,0.010000000000000009,0.014666666666666668,0.02366666666666667,0.0,0.0,0.0
0.021500000000000005,0.010000000000000009,0.010666666666666668,0.015833333333333335,0.0,0.0,0.0
0.027333333333333334,0.010000000000000009,0.009333333333333336,0.02416666666666667,0.0,0.0,0.0
0.023166666666666665,0.009999999999999998,0.010000000000000002,0.01916666666666667,0.0,0.0,0.0
0.028333333333333335,0.010000000000000002,0.009500000000000003,0.02333333333333333,0.0,0.0,0.0
0.02483333333333333,0.009999999999999998,0.008333333333333337,0.021333333333333333,0.0,0.0,0.0
0.026333333333333327,0.01,0.013666666666666667,0.0175,0.0,0.0,0.0
0.021333333333333333,0.01,0.010166666666666668,0.01583333333333333,0.0,0.0,0.0
0.015500000000000003,0.01,0.011000000000000003,0.009000000000000005,0.0,0.0,0.0
0.0255,0.010000000000000009,0.015500000000000003,0.018166666666666668,0.0,0.0,0.0
0.016666666666666666,0.01,0.00666666666666667,0.013000000000000001,0.0,0.0,0.0
0.033166666666666664,0.010000000000000009,0.015000000000000003,0.024666666666666667,0.0,0.0,0.0
0.01633333333333333,0.009999999999999998,0.009666666666666667,0.011833333333333336,0.0,0.0,0.0
0.032499999999999994,0.010000000000000009,0.01216666666666667,0.025999999999999992,0.0,0.0,0.0
0.018500000000000003,0.010000000000000009,0.006500000000000002,0.015500000000000003,0.0,0.0,0.0
0.021666666666666667,0.010000000000000005,0.011666666666666667,0.015833333333333335,0.0,0.0,0.0
0.018333333333333333,0.01,0.01,0.012666666666666668,0.0,0.0,0.0
0.022166666666666668,0.010000000000000009,0.009333333333333334,0.018000000000000002,0.0,0.0,0.0
0.02783333333333333,0.010000000000000009,0.014000000000000004,0.021166666666666667,0.0,0.0,0.0
0.02733333333333333,0.01,0.011166666666666667,0.0205,0.0,0.0,0.0
0.022166666666666664,0.010000000000000009,0.009000000000000003,0.018500000000000003,0.0,0.0,0.0
0.024166666666666663,0.010000000000000009,0.009333333333333334,0.019166666666666665,0.0,0.0,0.0
0.028833333333333336,0.010000000000000009,0.015000000000000003,0.019833333333333335,0.0,0.0,0.0
0.022000000000000006,0.010000000000000009,0.012166666666666666,0.01566666666666667,0.0,0.0,0.0
0.028499999999999994,0.010000000000000002,0.011166666666666665,0.02183333333333333,0.0,0.0,0.0
0.018666666666666668,0.010000000000000009,0.009833333333333335,0.014500000000000002,0.0,0.0,0.0
0.019,0.009999999999999998,0.008000000000000002,0.015500000000000002,0.0,0.0,0.0
0.023,0.010000000000000009,0.014166666666666666,0.013666666666666669,0.0,0.0,0.0
0.024,0.010000000000000009,0.009500000000000001,0.019333333333333334,0.0,0.0,0.0
0.02933333333333333,0.010000000000000005,0.011333333333333336,0.023,0.0,0.0,0.0
0.0245,0.010000000000000009,0.004500000000000002,0.023,0.0,0.0,0.0
0.020166666666666666,0.009999999999999998,0.009000000000000003,0.01583333333333333,0.0,0.0,0.0
0.024,0.010000000000000009,0.009166666666666667,0.019833333333333335,0.0,0.0,0.0
0.020499999999999997,0.01,0.008333333333333335,0.016833333333333332,0.0,0.0,0.0
0.029833333333333333,0.010000000000000009,0.014833333333333334,0.021166666666666667,0.0,0.0,0.0
0.026333333333333334,0.010000000000000009,0.012000000000000004,0.020000000000000004,0.0,0.0,0.0
0.029,0.010000000000000005,0.008666666666666668,0.026,0.0,0.0,0.0
0.027666666666666666,0.010000000000000009,0.010000000000000002,0.022666666666666665,0.0,0.0,0.0
0.0245,0.010000000000000005,0.0085,0.01966666666666667,0.0,0.0,0.0
0.03366666666666666,0.010000000000000009,0.0135,0.024833333333333336,0.0,0.0,0.0
0.030500000000000003,0.010000000000000009,0.010666666666666666,0.024333333333333335,0.0,0.0,0.0
0.022000000000000006,0.010000000000000002,0.007166666666666669,0.019166666666666672,0.0,0.0,0.0
0.026166666666666668,0.010000000000000009,0.010333333333333335,0.020500000000000004,0.0,0.0,0.0
0.028666666666666663,0.010000000000000009,0.012166666666666666,0.022500000000000003,0.0,0.0,0.0
0.022000000000000002,0.010000000000000009,0.011666666666666669,0.017666666666666667,0.0,0.0,0.0
0.01766666666666667,0.01,0.008833333333333335,0.013166666666666669,0.0,0.0,0.0
0.0275,0.010000000000000009,0.008833333333333335,0.023666666666666666,0.0,0.0,0.0
0.020000000000000004,0.009999999999999998,0.008000000000000004,0.014999999999999998,0.0,0.0,0.0
0.0285,0.01,0.011666666666666667,0.022833333333333334,0.0,0.0,0.0
0.017833333333333333,0.009999999999999998,0.010333333333333335,0.012833333333333335,0.0,0.0,0.0
0.021666666666666667,0.01,0.0085,0.017333333333333333,0.0,0.0,0.0
0.019666666666666666,0.01,0.008333333333333333,0.015500000000000002,0.0,0.0,0.0
0.03399999999999999,0.010000000000000009,0.012666666666666668,0.027666666666666666,0.0,0.0,0.0
0.02283333333333333,0.004999999999999999,0.012833333333333335,0.014666666666666668,0.0,0.0,0.0
0.0195,0.010000000000000005,0.010166666666666668,0.014666666666666668,0.0,0.0,0.0
0.022000000000000002,0.010000000000000005,0.008833333333333334,0.017333333333333333,0.0,0.0,0.0
0.028833333333333325,0.010000000000000009,0.011833333333333335,0.02333333333333333,0.0,0.0,0.0
0.019999999999999997,0.01,0.011166666666666668,0.015000000000000003,0.0,0.0,0.0
0.025166666666666667,0.010000000000000002,0.012500000000000002,0.018333333333333333,0.0,0.0,0.0
0.02266666666666667,0.010000000000000009,0.010333333333333335,0.016500000000000004,0.0,0.0,0.0
0.02283333333333333,0.010000000000000009,0.004500000000000002,0.021166666666666663,0.0,0.0,0.0
0.01983333333333333,0.01,0.007833333333333335,0.016833333333333336,0.0,0.0,0.0
0.029833333333333333,0.010000000000000009,0.011500000000000002,0.023833333333333335,0.0,0.0,0.0
0.03283333333333333,0.010000000000000009,0.011666666666666667,0.02583333333333333,0.0,0.0,0.0
0.017499999999999998,0.009999999999999998,0.004,0.015666666666666666,0.0,0.0,0.0
0.019000000000000003,0.010000000000000005,0.007833333333333335,0.0165,0.0,0.0,0.0
0.02733333333333333,0.01,0.014833333333333337,0.020833333333333336,0.0,0.0,0.0
0.022833333333333334,0.010000000000000009,0.012500000000000002,0.01616666666666667,0.0,0.0,0.0
0.013333333333333336,0.009999999999999998,0.004666666666666668,0.012000000000000004,0.0,0.0,0.0
0.030166666666666668,0.010000000000000009,0.020166666666666666,0.016833333333333336,0.0,0.0,0.0
0.022666666666666665,0.01,0.011500000000000003,0.01633333333333333,0.0,0.0,0.0
0.026000000000000002,0.01,0.008000000000000002,0.022,0.0,0.0,0.0
0.028666666666666667,0.010000000000000005,0.014333333333333337,0.022500000000000003,0.0,0.0,0.0
0.021166666666666667,0.010000000000000009,0.010166666666666668,0.017333333333333333,0.0,0.0,0.0
0.023,0.010000000000000009,0.011333333333333336,0.017,0.0,0.0,0.0
0.02333333333333333,0.010000000000000009,0.007833333333333333,0.018999999999999996,0.0,0.0,0.0
0.022166666666666664,0.010000000000000005,0.011666666666666667,0.01633333333333333,0.0,0.0,0.0
0.024666666666666663,0.01,0.009500000000000001,0.01916666666666667,0.0,0.0,0.0
0.028166666666666666,0.01,0.012333333333333335,0.021333333333333336,0.0,0.0,0.0
0.023500000000000004,0.010000000000000002,0.012666666666666668,0.01766666666666667,0.0,0.0,0.0
0.02066666666666667,0.010000000000000009,0.011333333333333336,0.014500000000000006,0.0,0.0,0.0
0.022166666666666668,0.010000000000000009,0.008,0.018166666666666664,0.0,0.0,0.0
0.029333333333333333,0.010000000000000009,0.01266666666666667,0.023333333333333334,0.0,0.0,0.0
0.019333333333333334,0.010000000000000009,0.00766666666666667,0.01716666666666667,0.0,0.0,0.0
0.019833333333333335,0.010000000000000009,0.0085,0.01566666666666667,0.0,0.0,0.0
0.02666666666666667,0.010000000000000009,0.013500000000000002,0.019333333333333334,0.0,0.0,0.0
0.0165,0.01,0.005000000000000001,0.013333333333333334,0.0,0.0,0.0
0.022666666666666672,0.010000000000000009,0.012500000000000002,0.016000000000000004,0.0,0.0,0.0
0.02766666666666667,0.010000000000000009,0.010833333333333335,0.021833333333333333,0.0,0.0,0.0
0.026000000000000002,0.010000000000000009,0.0105,0.01883333333333333,0.0,0.0,0.0
0.02333333333333333,0.01,0.008000000000000002,0.02033333333333333,0.0,0.0,0.0
0.038,0.025,0.013333333333333334,0.03033333333333333,0.0,0.0,0.0
0.016000000000000004,0.01,0.006833333333333336,0.014000000000000002,0.0,0.0,0.0
0.024666666666666667,0.010000000000000009,0.0115,0.018166666666666668,0.0,0.0,0.0
0.022333333333333334,0.010000000000000005,0.008499999999999999,0.017333333333333333,0.0,0.0,0.0
0.0205,0.009999999999999998,0.007666666666666669,0.01783333333333333,0.0,0.0,0.0
0.0185,0.010000000000000005,0.00466666666666667,0.01683333333333333,0.0,0.0,0.0
0.02266666666666667,0.010000000000000009,0.010833333333333335,0.0175,0.0,0.0,0.0
0.016833333333333332,0.01,0.006333333333333334,0.014666666666666666,0.0,0.0,0.0
0.021,0.010000000000000009,0.010166666666666668,0.016,0.0,0.0,0.0
0.02433333333333333,0.010000000000000005,0.006666666666666669,0.0215,0.0,0.0,0.0
0.022166666666666668,0.010000000000000009,0.011166666666666668,0.017166666666666667,0.0,0.0,0.0
0.026500000000000003,0.010000000000000009,0.0115,0.020000000000000004,0.0,0.0,0.0
0.027000000000000003,0.01,0.006833333333333335,0.025,0.0,0.0,0.0
0.013333333333333336,0.009999999999999998,0.006833333333333335,0.010833333333333335,0.0,0.0,0.0
0.025166666666666664,0.010000000000000002,0.00766666666666667,0.021500000000000002,0.0,0.0,0.0
0.01933333333333333,0.009999999999999998,0.006833333333333335,0.01583333333333333,0.0,0.0,0.0
0.025833333333333337,0.010000000000000009,0.010500000000000002,0.0205,0.0,0.0,0.0
0.020833333333333332,0.01,0.011666666666666665,0.013833333333333336,0.0,0.0,0.0
0.0315,0.010000000000000009,0.014500000000000002,0.023333333333333334,0.0,0.0,0.0
0.03133333333333333,0.010000000000000009,0.011666666666666669,0.026000000000000002,0.0,0.0,0.0
0.019166666666666665,0.009999999999999998,0.006000000000000002,0.01683333333333333,0.0,0.0,0.0
0.021500000000000002,0.010000000000000002,0.014333333333333335,0.013000000000000003,0.0,0.0,0.0
0.03783333333333332,0.010000000000000009,0.01766666666666667,0.030000000000000002,0.0,0.0,0.0
0.014333333333333335,0.01,0.00766666666666667,0.011166666666666668,0.0,0.0,0.0
0.028166666666666666,0.010000000000000005,0.014666666666666668,0.02016666666666667,0.0,0.0,0.0
0.02133333333333333,0.01,0.008000000000000002,0.017166666666666663,0.0,0.0,0.0
0.0285,0.010000000000000009,0.010500000000000002,0.024666666666666667,0.0,0.0,0.0
0.03333333333333333,0.010000000000000009,0.019333333333333334,0.022333333333333337,0.0,0.0,0.0
0.027666666666666666,0.010000000000000009,0.011833333333333336,0.02183333333333333,0.0,0.0,0.0
0.03449999999999999,0.010000000000000009,0.0175,0.024500000000000004,0.0,0.0,0.0
0.019,0.009999999999999998,0.011000000000000001,0.012833333333333334,0.0,0.0,0.0
0.025666666666666667,0.01,0.008333333333333335,0.021500000000000002,0.0,0.0,0.0
0.034833333333333334,0.010000000000000009,0.014166666666666668,0.027333333333333328,0.0,0.0,0.0
0.01783333333333333,0.0,0.006,0.014499999999999997,0.0,0.0,0.0
0.024333333333333332,0.010000000000000009,0.010000000000000002,0.018666666666666665,0.0,0.0,0.0
0.019000000000000003,0.010000000000000002,0.00616666666666667,0.018000000000000002,0.0,0.0,0.0
0.02333333333333333,0.010000000000000002,0.010166666666666668,0.019000000000000003,0.0,0.0,0.0
0.026499999999999992,0.010000000000000005,0.014166666666666668,0.017666666666666664,0.0,0.0,0.0
0.0275,0.010000000000000009,0.012333333333333335,0.021833333333333337,0.0,0.0,0.0
0.018666666666666668,0.010000000000000009,0.005333333333333334,0.0165,0.0,0.0,0.0
0.012833333333333334,0.009999999999999998,0.007666666666666668,0.008333333333333335,0.0,0.0,0.0
0.026499999999999992,0.009999999999999998,0.013333333333333334,0.019833333333333335,0.0,0.0,0.0
0.018500000000000003,0.01,0.01,0.01316666666666667,0.0,0.0,0.0
0.021666666666666667,0.01,0.014166666666666668,0.01366666666666667,0.0,0.0,0.0
0.03033333333333333,0.010000000000000009,0.010500000000000002,0.024666666666666667,0.0,0.0,0.0
0.018666666666666668,0.01,0.007833333333333335,0.014833333333333336,0.0,0.0,0.0
0.0255,0.010000000000000009,0.010500000000000002,0.021166666666666667,0.0,0.0,0.0
0.027166666666666665,0.010000000000000009,0.014333333333333335,0.018500000000000003,0.0,0.0,0.0
0.02283333333333333,0.01,0.012333333333333333,0.015333333333333336,0.0,0.0,0.0
0.029499999999999995,0.010000000000000009,0.013333333333333334,0.022000000000000002,0.0,0.0,0.0
0.02583333333333333,0.010000000000000009,0.014666666666666668,0.018333333333333337,0.0,0.0,0.0
0.0245,0.009999999999999998,0.0085,0.02,0.0,0.0,0.0
0.017,0.010000000000000002,0.005666666666666668,0.014500000000000002,0.0,0.0,0.0
0.025666666666666667,0.01,0.011500000000000002,0.02066666666666667,0.0,0.0,0.0
0.020833333333333332,0.009999999999999998,0.007000000000000003,0.018166666666666668,0.0,0.0,0.0
0.03466666666666665,0.010000000000000009,0.015499999999999998,0.02483333333333333,0.0,0.0,0.0
0.024833333333333332,0.010000000000000009,0.008666666666666666,0.0195,0.0,0.0,0.0
0.021166666666666663,0.010000000000000009,0.009166666666666667,0.01566666666666667,0.0,0.0,0.0
0.024166666666666666,0.01,0.011166666666666665,0.01633333333333333,0.0,0.0,0.0
0.019666666666666666,0.01,0.006833333333333334,0.016,0.0,0.0,0.0
0.027,0.010000000000000009,0.011166666666666668,0.0205,0.0,0.0,0.0
0.02683333333333333,0.010000000000000009,0.011666666666666669,0.020833333333333332,0.0,0.0,0.0
0.017,0.01,0.007500000000000002,0.013333333333333336,0.0,0.0,0.0
0.025666666666666667,0.010000000000000009,0.010500000000000004,0.02066666666666667,0.0,0.0,0.0
0.025333333333333336,0.010000000000000005,0.011500000000000003,0.018666666666666668,0.0,0.0,0.0
0.013833333333333335,0.009999999999999998,0.006833333333333335,0.009666666666666667,0.0,0.0,0.0
0.020833333333333332,0.010000000000000005,0.008000000000000005,0.0195,0.0,0.0,0.0
0.018833333333333334,0.010000000000000009,0.011166666666666668,0.014166666666666668,0.0,0.0,0.0
0.024666666666666663,0.010000000000000005,0.008833333333333335,0.0205,0.0,0.0,0.0
0.024000000000000004,0.010000000000000009,0.01066666666666667,0.019833333333333335,0.0,0.0,0.0
0.018,0.010000000000000009,0.007833333333333336,0.013166666666666669,0.0,0.0,0.0
0.01933333333333333,0.010000000000000002,0.0085,0.0145,0.0,0.0,0.0
0.019499999999999997,0.010000000000000009,0.0028333333333333344,0.01866666666666666,0.0,0.0,0.0
0.025166666666666664,0.010000000000000002,0.005333333333333334,0.021500000000000002,0.0,0.0,0.0
0.022666666666666665,0.010000000000000002,0.007166666666666668,0.019999999999999997,0.0,0.0,0.0
0.021333333333333336,0.009999999999999998,0.008833333333333335,0.017000000000000005,0.0,0.0,0.0
0.026166666666666664,0.01,0.007666666666666669,0.02233333333333333,0.0,0.0,0.0
0.029,0.010000000000000009,0.010833333333333335,0.023000000000000003,0.0,0.0,0.0
0.028166666666666666,0.01,0.014166666666666668,0.02,0.0,0.0,0.0
0.02316666666666667,0.010000000000000009,0.011166666666666668,0.018666666666666668,0.0,0.0,0.0
0.023000000000000003,0.010000000000000002,0.0071666666666666675,0.018833333333333334,0.0,0.0,0.0
0.03166666666666666,0.010000000000000009,0.014166666666666666,0.0225,0.0,0.0,0.0
0.028666666666666667,0.010000000000000009,0.015000000000000005,0.021166666666666667,0.0,0.0,0.0
0.019,0.010000000000000002,0.010666666666666666,0.013000000000000001,0.0,0.0,0.0
0.027833333333333328,0.010000000000000009,0.013,0.01916666666666667,0.0,0.0,0.0
0.02416666666666667,0.010000000000000009,0.005166666666666669,0.02333333333333333,0.0,0.0,0.0
0.025500000000000002,0.010000000000000009,0.012166666666666666,0.018000000000000006,0.0,0.0,0.0
0.018000000000000002,0.01,0.008166666666666666,0.013000000000000003,0.0,0.0,0.0
0.018000000000000002,0.009999999999999998,0.008333333333333337,0.015166666666666669,0.0,0.0,0.0
0.023166666666666665,0.010000000000000009,0.00816666666666667,0.020666666666666663,0.0,0.0,0.0
0.015833333333333335,0.009999999999999998,0.010166666666666668,0.010166666666666668,0.0,0.0,0.0
0.0225,0.010000000000000005,0.013833333333333335,0.013166666666666667,0.0,0.0,0.0
0.021500000000000002,0.010000000000000009,0.007833333333333336,0.018666666666666665,0.0,0.0,0.0
0.031999999999999994,0.010000000000000009,0.013000000000000003,0.026000000000000002,0.0,0.0,0.0
0.025999999999999992,0.009999999999999998,0.0135,0.017333333333333333,0.0,0.0,0.0
0.016833333333333332,0.01,0.014666666666666665,0.007833333333333338,0.0,0.0,0.0
0.02366666666666667,0.010000000000000009,0.012333333333333335,0.016833333333333336,0.0,0.0,0.0
0.023666666666666666,0.01,0.011333333333333336,0.018333333333333333,0.0,0.0,0.0
0.013499999999999996,0.009999999999999998,0.006833333333333334,0.01,0.0,0.0,0.0
0.025833333333333333,0.010000000000000009,0.008166666666666668,0.022,0.0,0.0,0.0
0.027000000000000003,0.010000000000000009,0.01416666666666667,0.02033333333333333,0.0,0.0,0.0
0.03216666666666666,0.010000000000000009,0.017,0.022000000000000006,0.0,0.0,0.0
0.02683333333333333,0.010000000000000009,0.010666666666666668,0.022666666666666665,0.0,0.0,0.0
0.029166666666666667,0.01,0.009333333333333332,0.02383333333333333,0.0,0.0,0.0
0.027166666666666665,0.009999999999999998,0.013166666666666665,0.01983333333333333,0.0,0.0,0.0
0.018500000000000006,0.01,0.00766666666666667,0.016000000000000004,0.0,0.0,0.0
0.025500000000000002,0.010000000000000009,0.011666666666666669,0.01983333333333333,0.0,0.0,0.0
0.02633333333333333,0.010000000000000009,0.012166666666666668,0.018833333333333334,0.0,0.0,0.0
0.022833333333333334,0.010000000000000009,0.009166666666666672,0.01966666666666667,0.0,0.0,0.0
0.03799999999999999,0.010000000000000009,0.013000000000000005,0.033,0.0,0.0,0.0
0.027833333333333325,0.010000000000000009,0.0145,0.020666666666666667,0.0,0.0,0.0
0.030666666666666665,0.010000000000000009,0.006333333333333335,0.028166666666666663,0.0,0.0,0.0
0.01583333333333333,0.01,0.007333333333333334,0.011833333333333335,0.0,0.0,0.0
0.02683333333333333,0.010000000000000009,0.012333333333333337,0.020833333333333332,0.0,0.0,0.0
0.020500000000000008,0.010000000000000009,0.009166666666666672,0.016833333333333336,0.0,0.0,0.0
0.019666666666666666,0.010000000000000005,0.007666666666666668,0.015333333333333332,0.0,0.0,0.0
0.014333333333333335,0.009999999999999998,0.0051666666666666675,0.011666666666666667,0.0,0.0,0.0
0.02883333333333333,0.01,0.014833333333333336,0.02033333333333333,0.0,0.0,0.0
0.026166666666666664,0.010000000000000002,0.009333333333333338,0.023,0.0,0.0,0.0
0.016,0.010000000000000005,0.011500000000000003,0.009666666666666669,0.0,0.0,0.0
0.023000000000000003,0.010000000000000009,0.009833333333333335,0.0175,0.0,0.0,0.0
0.017833333333333333,0.01,0.010833333333333335,0.013166666666666667,0.0,0.0,0.0
0.033499999999999995,0.010000000000000009,0.016000000000000004,0.023000000000000003,0.0,0.0,0.0
0.0195,0.010000000000000009,0.006666666666666669,0.017333333333333333,0.0,0.0,0.0
0.030000000000000002,0.010000000000000009,0.016166666666666666,0.020500000000000004,0.0,0.0,0.0
0.02683333333333333,0.010000000000000009,0.007833333333333333,0.02233333333333333,0.0,0.0,0.0
0.022333333333333334,0.01,0.015666666666666666,0.012000000000000005,0.0,0.0,0.0
0.028333333333333332,0.01,0.010333333333333337,0.02383333333333333,0.0,0.0,0.0
0.022333333333333334,0.01,0.010333333333333335,0.0175,0.0,0.0,0.0
0.022000000000000006,0.010000000000000009,0.011666666666666669,0.01666666666666667,0.0,0.0,0.0
0.019833333333333338,0.01,0.007333333333333337,0.015833333333333335,0.0,0.0,0.0
0.01866666666666667,0.010000000000000009,0.012000000000000002,0.01166666666666667,0.0,0.0,0.0
0.025,0.010000000000000009,0.007666666666666669,0.021500000000000002,0.0,0.0,0.0
0.017333333333333333,0.004999999999999999,0.0085,0.012666666666666668,0.0,0.0,0.0
0.03216666666666666,0.010000000000000009,0.012166666666666668,0.026666666666666665,0.0,0.0,0.0
0.027833333333333335,0.010000000000000009,0.010500000000000006,0.023666666666666666,0.0,0.0,0.0
0.015666666666666666,0.009999999999999998,0.0063333333333333375,0.013666666666666667,0.0,0.0,0.0
0.023000000000000003,0.010000000000000009,0.012000000000000002,0.017500000000000005,0.0,0.0,0.0
0.025500000000000002,0.010000000000000009,0.007000000000000002,0.022166666666666668,0.0,0.0,0.0
0.0195,0.010000000000000009,0.004500000000000002,0.018666666666666668,0.0,0.0,0.0
0.023500000000000004,0.01,0.009166666666666672,0.021333333333333333,0.0,0.0,0.0
0.021333333333333336,0.010000000000000002,0.008000000000000002,0.017666666666666667,0.0,0.0,0.0
0.018000000000000002,0.009999999999999998,0.008500000000000004,0.013166666666666667,0.0,0.0,0.0
0.0185,0.01,0.008833333333333335,0.013500000000000003,0.0,0.0,0.0
0.03433333333333332,0.010000000000000009,0.013166666666666667,0.02733333333333333,0.0,0.0,0.0
0.029,0.010000000000000009,0.010500000000000002,0.0235,0.0,0.0,0.0
0.01666666666666667,0.010000000000000009,0.006166666666666668,0.014500000000000004,0.0,0.0,0.0
0.01566666666666667,0.01,0.011666666666666665,0.008833333333333335,0.0,0.0,0.0
0.027000000000000003,0.010000000000000009,0.016333333333333335,0.019000000000000006,0.0,0.0,0.0
0.025833333333333333,0.010000000000000009,0.009833333333333335,0.021333333333333333,0.0,0.0,0.0
0.024500000000000004,0.010000000000000005,0.008000000000000004,0.021500000000000002,0.0,0.0,0.0
0.02433333333333333,0.009999999999999998,0.014999999999999998,0.014333333333333335,0.0,0.0,0.0
0.02383333333333333,0.010000000000000009,0.007666666666666668,0.021166666666666667,0.0,0.0,0.0
0.028,0.010000000000000009,0.009666666666666667,0.022333333333333334,0.0,0.0,0.0
0.024,0.01,0.010666666666666668,0.018333333333333333,0.0,0.0,0.0
0.026000000000000002,0.010000000000000009,0.016499999999999997,0.014333333333333339,0.0,0.0,0.0
0.022,0.010000000000000009,0.011000000000000001,0.015833333333333335,0.0,0.0,0.0
0.023000000000000007,0.010000000000000009,0.011833333333333336,0.017833333333333336,0.0,0.0,0.0
0.025500000000000002,0.010000000000000009,0.013333333333333334,0.018000000000000002,0.0,0.0,0.0
0.029166666666666667,0.010000000000000009,0.015000000000000001,0.02066666666666667,0.0,0.0,0.0
0.017166666666666663,0.009999999999999998,0.0055,0.015000000000000001,0.0,0.0,0.0
0.024333333333333332,0.010000000000000002,0.00616666666666667,0.023166666666666665,0.0,0.0,0.0
0.020499999999999997,0.010000000000000009,0.011833333333333331,0.01566666666666667,0.0,0.0,0.0
0.03016666666666666,0.010000000000000009,0.011166666666666668,0.024,0.0,0.0,0.0
0.021666666666666667,0.010000000000000009,0.012000000000000002,0.015000000000000003,0.0,0.0,0.0
0.0265,0.010000000000000009,0.008500000000000002,0.022000000000000002,0.0,0.0,0.0
0.028,0.010000000000000009,0.011833333333333338,0.024166666666666666,0.0,0.0,0.0
0.0115,0.009999999999999998,0.0045000000000000005,0.009500000000000001,0.0,0.0,0.0
0.023333333333333327,0.010000000000000009,0.010500000000000002,0.017333333333333333,0.0,0.0,0.0
0.016,0.009999999999999998,0.005833333333333334,0.012333333333333335,0.0,0.0,0.0
0.020333333333333335,0.010000000000000009,0.007833333333333335,0.017,0.0,0.0,0.0
0.024333333333333332,0.01,0.014833333333333334,0.015166666666666669,0.0,0.0,0.0
0.0205,0.010000000000000005,0.008000000000000002,0.017166666666666667,0.0,0.0,0.0
0.028333333333333335,0.010000000000000009,0.012333333333333333,0.01966666666666667,0.0,0.0,0.0
0.018666666666666668,0.010000000000000009,0.011166666666666668,0.01366666666666667,0.0,0.0,0.0
0.020833333333333332,0.010000000000000009,0.009166666666666672,0.01966666666666667,0.0,0.0,0.0
0.029166666666666667,0.010000000000000009,0.012500000000000002,0.021833333333333333,0.0,0.0,0.0
0.03066666666666667,0.010000000000000009,0.013833333333333335,0.022333333333333334,0.0,0.0,0.0
0.024666666666666667,0.010000000000000009,0.01066666666666667,0.020000000000000004,0.0,0.0,0.0
0.02483333333333333,0.01,0.008666666666666668,0.021166666666666667,0.0,0.0,0.0
0.022166666666666664,0.01,0.010500000000000002,0.017166666666666667,0.0,0.0,0.0
0.022333333333333334,0.01,0.006666666666666667,0.018833333333333334,0.0,0.0,0.0
0.026500000000000006,0.010000000000000009,0.011000000000000003,0.021500000000000005,0.0,0.0,0.0
0.018500000000000003,0.01,0.008166666666666668,0.014833333333333334,0.0,0.0,0.0
0.019500000000000007,0.01,0.006833333333333338,0.018000000000000002,0.0,0.0,0.0
0.03233333333333333,0.010000000000000009,0.010000000000000005,0.028166666666666663,0.0,0.0,0.0
0.021166666666666663,0.009999999999999998,0.005666666666666666,0.01733333333333333,0.0,0.0,0.0
0.019000000000000003,0.009999999999999998,0.008833333333333334,0.01583333333333333,0.0,0.0,0.0
0.02366666666666666,0.01,0.009500000000000001,0.01883333333333333,0.0,0.0,0.0
0.02266666666666666,0.01,0.010666666666666668,0.017166666666666663,0.0,0.0,0.0
0.021666666666666667,0.010000000000000002,0.011666666666666667,0.015333333333333336,0.0,0.0,0.0
0.023999999999999997,0.010000000000000009,0.007333333333333334,0.020166666666666666,0.0,0.0,0.0
0.016000000000000004,0.009999999999999998,0.006666666666666669,0.012333333333333337,0.0,0.0,0.0
0.030999999999999996,0.010000000000000009,0.013333333333333334,0.02416666666666667,0.0,0.0,0.0
0.019833333333333335,0.010000000000000005,0.008833333333333335,0.01566666666666667,0.0,0.0,0.0
0.02383333333333333,0.010000000000000002,0.008833333333333334,0.019166666666666665,0.0,0.0,0.0
0.02533333333333333,0.010000000000000009,0.011333333333333332,0.01916666666666667,0.0,0.0,0.0
0.016333333333333335,0.01,0.007000000000000001,0.013000000000000001,0.0,0.0,0.0
0.017166666666666667,0.01,0.0071666666666666675,0.013500000000000002,0.0,0.0,0.0
0.028666666666666663,0.010000000000000009,0.010500000000000002,0.02283333333333333,0.0,0.0,0.0
0.022666666666666665,0.010000000000000005,0.006000000000000002,0.020333333333333328,0.0,0.0,0.0
0.028499999999999994,0.010000000000000009,0.014166666666666666,0.0195,0.0,0.0,0.0
0.028166666666666663,0.010000000000000009,0.010666666666666668,0.022,0.0,0.0,0.0
0.024166666666666666,0.01,0.012333333333333333,0.018000000000000006,0.0,0.0,0.0
0.03366666666666666,0.010000000000000009,0.015000000000000003,0.024666666666666667,0.0,0.0,0.0
0.012833333333333335,0.009999999999999998,0.007833333333333336,0.009500000000000003,0.0,0.0,0.0
0.0285,0.010000000000000005,0.011833333333333335,0.02233333333333333,0.0,0.0,0.0
0.02583333333333333,0.010000000000000009,0.01216666666666667,0.019000000000000003,0.0,0.0,0.0
0.018333333333333333,0.01,0.010333333333333335,0.01366666666666667,0.0,0.0,0.0
0.020666666666666667,0.010000000000000002,0.004333333333333333,0.019000000000000003,0.0,0.0,0.0
0.026,0.01,0.008666666666666666,0.02033333333333333,0.0,0.0,0.0
0.028499999999999994,0.010000000000000009,0.011833333333333338,0.024333333333333332,0.0,0.0,0.0
0.022500000000000006,0.009999999999999998,0.011000000000000003,0.0165,0.0,0.0,0.0
0.021000000000000005,0.010000000000000009,0.011333333333333332,0.014833333333333336,0.0,0.0,0.0
0.019000000000000006,0.010000000000000009,0.006833333333333338,0.0175,0.0,0.0,0.0
0.02816666666666667,0.010000000000000002,0.008500000000000002,0.024166666666666666,0.0,0.0,0.0
0.02433333333333333,0.01,0.008166666666666668,0.021500000000000002,0.0,0.0,0.0
0.029833333333333333,0.010000000000000009,0.014666666666666666,0.022333333333333337,0.0,0.0,0.0
0.021833333333333337,0.01,0.010000000000000002,0.016000000000000004,0.0,0.0,0.0
0.024333333333333332,0.010000000000000009,0.007333333333333335,0.021333333333333333,0.0,0.0,0.0
0.016666666666666666,0.010000000000000005,0.0071666666666666675,0.013333333333333338,0.0,0.0,0.0
0.025666666666666667,0.010000000000000005,0.0125,0.01816666666666667,0.0,0.0,0.0
0.022,0.010000000000000005,0.010500000000000002,0.017,0.0,0.0,0.0
0.019000000000000003,0.01,0.012000000000000004,0.012833333333333335,0.0,0.0,0.0
0.021666666666666664,0.010000000000000009,0.005500000000000001,0.019333333333333334,0.0,0.0,0.0
0.025500000000000002,0.01,0.010166666666666668,0.021000000000000005,0.0,0.0,0.0
0.02666666666666667,0.010000000000000009,0.014333333333333335,0.019000000000000003,0.0,0.0,0.0
0.0175,0.010000000000000002,0.012,0.01016666666666667,0.0,0.0,0.0
0.02466666666666666,0.010000000000000009,0.008666666666666666,0.020166666666666666,0.0,0.0,0.0
0.02233333333333333,0.010000000000000002,0.010166666666666668,0.01683333333333333,0.0,0.0,0.0
0.017833333333333336,0.010000000000000009,0.004833333333333336,0.014666666666666666,0.0,0.0,0.0
0.021833333333333333,0.01,0.008166666666666668,0.01716666666666667,0.0,0.0,0.0
0.0255,0.01,0.011500000000000002,0.020000000000000004,0.0,0.0,0.0
0.022333333333333334,0.01,0.007000000000000004,0.019333333333333334,0.0,0.0,0.0
0.011500000000000002,0.009999999999999998,0.005666666666666668,0.008833333333333334,0.0,0.0,0.0
0.028333333333333332,0.010000000000000009,0.010333333333333335,0.02383333333333333,0.0,0.0,0.0
0.023833333333333335,0.010000000000000009,0.009500000000000005,0.02016666666666667,0.0,0.0,0.0
0.03266666666666666,0.010000000000000009,0.012666666666666666,0.025333333333333333,0.0,0.0,0.0
0.028333333333333335,0.010000000000000009,0.009500000000000005,0.02566666666666667,0.0,0.0,0.0
0.0225,0.010000000000000005,0.005500000000000002,0.020166666666666666,0.0,0.0,0.0
0.030333333333333327,0.009999999999999998,0.010833333333333332,0.02283333333333333,0.0,0.0,0.0
0.02383333333333333,0.010000000000000009,0.009333333333333334,0.01883333333333333,0.0,0.0,0.0
0.03266666666666666,0.010000000000000009,0.009166666666666667,0.028499999999999994,0.0,0.0,0.0
0.02783333333333333,0.010000000000000009,0.013166666666666669,0.02166666666666667,0.0,0.0,0.0
0.02366666666666667,0.010000000000000002,0.013500000000000003,0.0175,0.0,0.0,0.0
0.02033333333333333,0.010000000000000009,0.008166666666666666,0.016333333333333335,0.0,0.0,0.0
0.01916666666666667,0.010000000000000009,0.010500000000000004,0.015333333333333338,0.0,0.0,0.0
0.0325,0.010000000000000009,0.014000000000000004,0.02416666666666667,0.0,0.0,0.0
0.02283333333333333,0.010000000000000005,0.010000000000000002,0.018000000000000002,0.0,0.0,0.0
0.025833333333333333,0.010000000000000005,0.009833333333333335,0.021166666666666667,0.0,0.0,0.0
0.0235,0.010000000000000002,0.009666666666666672,0.021166666666666667,0.0,0.0,0.0
0.021666666666666667,0.009999999999999998,0.007333333333333336,0.019,0.0,0.0,0.0
0.021500000000000002,0.010000000000000009,0.013000000000000005,0.015000000000000005,0.0,0.0,0.0
0.02283333333333333,0.010000000000000009,0.009166666666666668,0.017666666666666667,0.0,0.0,0.0
0.01616666666666667,0.009999999999999998,0.006333333333333335,0.013166666666666669,0.0,0.0,0.0
0.025666666666666667,0.010000000000000005,0.011333333333333334,0.019500000000000003,0.0,0.0,0.0
0.020999999999999998,0.01,0.010833333333333335,0.016,0.0,0.0,0.0
0.020833333333333336,0.010000000000000009,0.010666666666666673,0.015500000000000003,0.0,0.0,0.0
0.020333333333333328,0.010000000000000005,0.007500000000000003,0.017166666666666663,0.0,0.0,0.0
0.02383333333333333,0.009999999999999998,0.0075000000000000015,0.02,0.0,0.0,0.0
0.02266666666666667,0.010000000000000009,0.012666666666666668,0.016833333333333332,0.0,0.0,0.0
0.020999999999999998,0.009999999999999998,0.011500000000000003,0.014666666666666666,0.0,0.0,0.0
0.021,0.01,0.008666666666666666,0.017333333333333333,0.0,0.0,0.0
0.020833333333333332,0.01,0.0033333333333333344,0.019166666666666665,0.0,0.0,0.0
0.012333333333333335,0.009999999999999998,0.006500000000000001,0.008666666666666666,0.0,0.0,0.0
0.028666666666666667,0.010000000000000009,0.013000000000000003,0.022666666666666665,0.0,0.0,0.0
0.022,0.009999999999999998,0.011,0.015000000000000003,0.0,0.0,0.0
0.025666666666666664,0.010000000000000009,0.01016666666666667,0.02016666666666667,0.0,0.0,0.0
0.024666666666666663,0.010000000000000009,0.011000000000000001,0.01833333333333333,0.0,0.0,0.0
0.029666666666666664,0.010000000000000009,0.010000000000000002,0.024999999999999998,0.0,0.0,0.0
0.03216666666666667,0.010000000000000002,0.007000000000000003,0.028333333333333335,0.0,0.0,0.0
0.030999999999999996,0.010000000000000009,0.016500000000000004,0.021833333333333333,0.0,0.0,0.0
0.01633333333333333,0.009999999999999998,0.006666666666666669,0.013666666666666669,0.0,0.0,0.0
0.01916666666666667,0.010000000000000005,0.008,0.01566666666666667,0.0,0.0,0.0
0.021500000000000002,0.01,0.010666666666666666,0.015333333333333336,0.0,0.0,0.0
0.026500000000000003,0.010000000000000009,0.012500000000000004,0.020666666666666667,0.0,0.0,0.0
0.0245,0.010000000000000002,0.013333333333333334,0.016666666666666666,0.0,0.0,0.0
0.020666666666666667,0.010000000000000005,0.007000000000000002,0.017166666666666667,0.0,0.0,0.0
0.03183333333333334,0.010000000000000009,0.012500000000000006,0.027000000000000003,0.0,0.0,0.0
0.03066666666666667,0.010000000000000009,0.01916666666666667,0.01983333333333333,0.0,0.0,0.0
0.025166666666666667,0.010000000000000002,0.008833333333333334,0.019500000000000003,0.0,0.0,0.0
0.027,0.009999999999999998,0.0035000000000000022,0.026499999999999992,0.0,0.0,0.0
0.021833333333333337,0.01,0.013166666666666667,0.013666666666666667,0.0,0.0,0.0
0.021666666666666667,0.010000000000000005,0.008833333333333337,0.0175,0.0,0.0,0.0
0.020666666666666667,0.010000000000000009,0.01066666666666667,0.017333333333333336,0.0,0.0,0.0
0.029666666666666668,0.010000000000000009,0.017833333333333333,0.017833333333333336,0.0,0.0,0.0
0.022666666666666665,0.01,0.009833333333333333,0.016666666666666666,0.0,0.0,0.0
0.027999999999999994,0.010000000000000009,0.010499999999999999,0.021333333333333333,0.0,0.0,0.0
0.02233333333333333,0.01,0.009833333333333333,0.018166666666666668,0.0,0.0,0.0
0.027999999999999994,0.01,0.009833333333333335,0.02283333333333333,0.0,0.0,0.0
0.023499999999999997,0.010000000000000005,0.007333333333333334,0.02,0.0,0.0,0.0
0.029499999999999995,0.010000000000000009,0.014666666666666666,0.020666666666666667,0.0,0.0,0.0
0.020166666666666666,0.009999999999999998,0.01233333333333333,0.011833333333333336,0.0,0.0,0.0
0.028666666666666667,0.010000000000000009,0.015500000000000003,0.021333333333333336,0.0,0.0,0.0
0.024833333333333336,0.01,0.010166666666666668,0.019166666666666672,0.0,0.0,0.0
0.019833333333333335,0.010000000000000005,0.010000000000000005,0.015500000000000003,0.0,0.0,0.0
0.02066666666666667,0.010000000000000009,0.0076666666666666715,0.017666666666666667,0.0,0.0,0.0
0.022833333333333334,0.01,0.006833333333333334,0.0185,0.0,0.0,0.0
0.025,0.010000000000000005,0.008833333333333334,0.021333333333333333,0.0,0.0,0.0
0.027,0.010000000000000005,0.011,0.02033333333333333,0.0,0.0,0.0
0.030833333333333334,0.010000000000000009,0.011666666666666669,0.025666666666666667,0.0,0.0,0.0
0.021833333333333333,0.010000000000000009,0.01066666666666667,0.0165,0.0,0.0,0.0
0.02366666666666667,0.010000000000000009,0.014666666666666668,0.01816666666666667,0.0,0.0,0.0
0.023,0.010000000000000009,0.012500000000000002,0.01666666666666667,0.0,0.0,0.0
0.024666666666666667,0.010000000000000009,0.011,0.018166666666666668,0.0,0.0,0.0
0.022000000000000006,0.010000000000000009,0.007500000000000003,0.018833333333333334,0.0,0.0,0.0
0.021166666666666667,0.01,0.011666666666666667,0.014666666666666668,0.0,0.0,0.0
0.030499999999999996,0.010000000000000009,0.011833333333333335,0.02466666666666667,0.0,0.0,0.0
0.026333333333333334,0.010000000000000009,0.006833333333333335,0.02316666666666667,0.0,0.0,0.0
0.026000000000000002,0.010000000000000009,0.013000000000000001,0.018500000000000003,0.0,0.0,0.0
0.021666666666666664,0.01,0.008833333333333334,0.015333333333333332,0.0,0.0,0.0
0.030499999999999996,0.010000000000000009,0.013333333333333334,0.023666666666666666,0.0,0.0,0.0
0.02483333333333333,0.010000000000000009,0.007833333333333335,0.021333333333333333,0.0,0.0,0.0
0.028333333333333335,0.010000000000000009,0.008333333333333337,0.025666666666666664,0.0,0.0,0.0
0.01816666666666667,0.01,0.006000000000000003,0.015166666666666669,0.0,0.0,0.0
0.01833333333333333,0.009999999999999998,0.009000000000000001,0.013833333333333335,0.0,0.0,0.0
0.02283333333333333,0.010000000000000002,0.0045000000000000005,0.020666666666666663,0.0,0.0,0.0
0.022000000000000002,0.004999999999999999,0.004000000000000002,0.021333333333333333,0.0,0.0,0.0
0.01883333333333333,0.01,0.011333333333333334,0.011833333333333335,0.0,0.0,0.0
0.017666666666666667,0.009999999999999998,0.008500000000000004,0.016166666666666666,0.0,0.0,0.0
0.019833333333333335,0.010000000000000005,0.007000000000000002,0.01633333333333333,0.0,0.0,0.0
0.025500000000000005,0.010000000000000009,0.014500000000000004,0.018666666666666668,0.0,0.0,0.0
0.0205,0.010000000000000002,0.012500000000000002,0.015000000000000005,0.0,0.0,0.0
0.021833333333333337,0.010000000000000005,0.009833333333333336,0.01633333333333333,0.0,0.0,0.0
0.023166666666666662,0.01,0.009166666666666667,0.019,0.0,0.0,0.0
0.02183333333333333,0.01,0.007000000000000002,0.01883333333333333,0.0,0.0,0.0
0.02716666666666667,0.010000000000000009,0.016333333333333335,0.01916666666666667,0.0,0.0,0.0
0.027499999999999993,0.010000000000000005,0.01733333333333333,0.01666666666666667,0.0,0.0,0.0
0.023000000000000003,0.010000000000000009,0.009666666666666672,0.02016666666666667,0.0,0.0,0.0
0.027833333333333328,0.01,0.011000000000000001,0.022166666666666664,0.0,0.0,0.0
0.03133333333333333,0.010000000000000009,0.012000000000000002,0.025,0.0,0.0,0.0
0.023833333333333335,0.010000000000000009,0.011500000000000005,0.01966666666666667,0.0,0.0,0.0
0.018333333333333333,0.010000000000000005,0.007333333333333336,0.015833333333333335,0.0,0.0,0.0
0.02016666666666667,0.01,0.008500000000000002,0.016333333333333335,0.0,0.0,0.0
0.019666666666666666,0.01,0.007666666666666665,0.015166666666666665,0.0,0.0,0.0
0.02383333333333333,0.01,0.013333333333333334,0.015500000000000003,0.0,0.0,0.0
0.025166666666666664,0.010000000000000005,0.008833333333333334,0.020166666666666666,0.0,0.0,0.0
0.015000000000000003,0.009999999999999998,0.007666666666666669,0.010833333333333335,0.0,0.0,0.0
0.015000000000000003,0.009999999999999998,0.007000000000000001,0.011166666666666668,0.0,0.0,0.0
0.026000000000000002,0.010000000000000009,0.013333333333333334,0.01983333333333333,0.0,0.0,0.0
0.025500000000000005,0.010000000000000009,0.012666666666666666,0.018833333333333337,0.0,0.0,0.0
0.02383333333333333,0.010000000000000002,0.012833333333333337,0.016999999999999998,0.0,0.0,0.0
0.0235,0.01,0.008500000000000004,0.02,0.0,0.0,0.0
0.02433333333333333,0.010000000000000009,0.007333333333333334,0.020999999999999998,0.0,0.0,0.0
0.01833333333333333,0.010000000000000005,0.0085,0.014000000000000002,0.0,0.0,0.0
0.022500000000000003,0.010000000000000009,0.013833333333333336,0.015500000000000003,0.0,0.0,0.0
0.018000000000000002,0.009999999999999998,0.008,0.013000000000000001,0.0,0.0,0.0
0.02266666666666667,0.01,0.008833333333333334,0.018666666666666668,0.0,0.0,0.0
0.029166666666666664,0.009999999999999998,0.0125,0.021000000000000005,0.0,0.0,0.0
0.02266666666666667,0.010000000000000009,0.009333333333333334,0.016333333333333335,0.0,0.0,0.0
0.03283333333333333,0.010000000000000009,0.014833333333333336,0.02683333333333333,0.0,0.0,0.0
0.02033333333333333,0.01,0.006833333333333336,0.018166666666666668,0.0,0.0,0.0
0.0375,0.010000000000000009,0.020666666666666663,0.023166666666666672,0.0,0.0,0.0
0.030500000000000006,0.010000000000000009,0.012166666666666671,0.02600000000000001,0.0,0.0,0.0
0.018666666666666668,0.009999999999999998,0.013000000000000003,0.011833333333333336,0.0,0.0,0.0
0.024666666666666667,0.010000000000000009,0.011833333333333336,0.018500000000000006,0.0,0.0,0.0
0.026500000000000003,0.010000000000000009,0.010833333333333335,0.022166666666666668,0.0,0.0,0.0
0.022833333333333334,0.01,0.005833333333333337,0.021500000000000002,0.0,0.0,0.0
0.026500000000000006,0.01,0.010833333333333334,0.020833333333333336,0.0,0.0,0.0
0.012000000000000002,0.004999999999999999,0.006333333333333333,0.008000000000000002,0.0,0.0,0.0
0.017833333333333333,0.010000000000000002,0.00666666666666667,0.01566666666666667,0.0,0.0,0.0
0.025500000000000002,0.01,0.007500000000000004,0.022000000000000002,0.0,0.0,0.0
0.024,0.010000000000000009,0.005000000000000004,0.02283333333333333,0.0,0.0,0.0
0.023999999999999997,0.010000000000000002,0.009833333333333335,0.01966666666666667,0.0,0.0,0.0
0.027333333333333334,0.010000000000000009,0.013000000000000003,0.020333333333333328,0.0,0.0,0.0
0.01416666666666667,0.01,0.007500000000000004,0.011666666666666669,0.0,0.0,0.0
0.031166666666666662,0.010000000000000009,0.011000000000000003,0.024500000000000004,0.0,0.0,0.0
0.016000000000000004,0.01,0.013000000000000005,0.008666666666666671,0.0,0.0,0.0
0.02566666666666667,0.010000000000000009,0.010666666666666668,0.02016666666666667,0.0,0.0,0.0
0.017833333333333333,0.009999999999999998,0.005833333333333335,0.016166666666666666,0.0,0.0,0.0
0.030499999999999992,0.010000000000000009,0.0125,0.024166666666666666,0.0,0.0,0.0
0.02683333333333333,0.010000000000000009,0.013333333333333334,0.0175,0.0,0.0,0.0
0.02783333333333333,0.010000000000000002,0.01216666666666667,0.021333333333333333,0.0,0.0,0.0
0.026333333333333334,0.01,0.012333333333333333,0.02033333333333333,0.0,0.0,0.0
0.0165,0.009999999999999998,0.007666666666666668,0.013000000000000001,0.0,0.0,0.0
0.027000000000000007,0.010000000000000009,0.012666666666666668,0.019000000000000006,0.0,0.0,0.0
0.022833333333333334,0.010000000000000005,0.010500000000000002,0.018333333333333337,0.0,0.0,0.0
0.020999999999999998,0.010000000000000009,0.011833333333333335,0.014500000000000002,0.0,0.0,0.0
0.023833333333333328,0.01,0.006166666666666668,0.02133333333333333,0.0,0.0,0.0
0.023833333333333328,0.010000000000000005,0.008500000000000004,0.02033333333333333,0.0,0.0,0.0
0.021500000000000002,0.010000000000000009,0.009666666666666669,0.0175,0.0,0.0,0.0
0.020666666666666667,0.010000000000000009,0.011,0.013666666666666669,0.0,0.0,0.0
0.0205,0.010000000000000005,0.007833333333333335,0.017166666666666667,0.0,0.0,0.0
0.01783333333333333,0.01,0.008166666666666671,0.015666666666666666,0.0,0.0,0.0
0.022,0.010000000000000009,0.009666666666666667,0.016666666666666666,0.0,0.0,0.0
0.024666666666666667,0.010000000000000005,0.011833333333333335,0.018000000000000002,0.0,0.0,0.0
0.021833333333333333,0.01,0.009666666666666667,0.017833333333333333,0.0,0.0,0.0
0.028666666666666663,0.010000000000000009,0.015166666666666669,0.020166666666666673,0.0,0.0,0.0
0.029,0.01,0.012666666666666666,0.02033333333333333,0.0,0.0,0.0
0.019666666666666666,0.010000000000000009,0.007333333333333336,0.016,0.0,0.0,0.0
0.017166666666666663,0.01,0.006166666666666667,0.013833333333333335,0.0,0.0,0.0
0.027666666666666666,0.01,0.014333333333333335,0.019000000000000003,0.0,0.0,0.0
0.029500000000000002,0.010000000000000002,0.0165,0.019833333333333335,0.0,0.0,0.0
0.022500000000000003,0.009999999999999998,0.008666666666666668,0.018333333333333333,0.0,0.0,0.0
0.015333333333333336,0.009999999999999998,0.007000000000000003,0.012500000000000004,0.0,0.0,0.0
0.02383333333333333,0.010000000000000002,0.004666666666666667,0.021666666666666667,0.0,0.0,0.0
0.016333333333333335,0.01,0.007833333333333335,0.012833333333333335,0.0,0.0,0.0
0.021833333333333337,0.010000000000000009,0.009500000000000007,0.019000000000000006,0.0,0.0,0.0
0.0165,0.010000000000000002,0.006333333333333334,0.014333333333333337,0.0,0.0,0.0
0.018666666666666668,0.010000000000000009,0.008000000000000002,0.015333333333333336,0.0,0.0,0.0
0.028333333333333332,0.010000000000000009,0.008833333333333334,0.02383333333333333,0.0,0.0,0.0
0.030833333333333334,0.010000000000000009,0.014333333333333339,0.023500000000000004,0.0,0.0,0.0
0.030999999999999993,0.01,0.016999999999999998,0.01883333333333333,0.0,0.0,0.0
0.03083333333333333,0.010000000000000009,0.008333333333333337,0.02783333333333333,0.0,0.0,0.0
0.016500000000000004,0.010000000000000009,0.009333333333333336,0.011833333333333336,0.0,0.0,0.0
0.034166666666666665,0.010000000000000009,0.014833333333333334,0.024833333333333336,0.0,0.0,0.0
0.02683333333333333,0.010000000000000009,0.017000000000000005,0.016833333333333336,0.0,0.0,0.0
0.017333333333333333,0.01,0.007166666666666669,0.013666666666666667,0.0,0.0,0.0
0.016333333333333335,0.010000000000000005,0.007333333333333336,0.013500000000000002,0.0,0.0,0.0
0.022000000000000006,0.009999999999999998,0.005000000000000001,0.0195,0.0,0.0,0.0
0.02716666666666667,0.010000000000000009,0.009000000000000005,0.02266666666666667,0.0,0.0,0.0
0.02133333333333333,0.010000000000000005,0.010833333333333335,0.015500000000000002,0.0,0.0,0.0
0.028,0.010000000000000009,0.008000000000000004,0.024333333333333335,0.0,0.0,0.0
0.022666666666666665,0.010000000000000009,0.012500000000000002,0.016333333333333335,0.0,0.0,0.0
0.022166666666666668,0.010000000000000009,0.00766666666666667,0.018500000000000003,0.0,0.0,0.0
0.024666666666666667,0.010000000000000005,0.009500000000000001,0.020166666666666666,0.0,0.0,0.0
0.020500000000000004,0.010000000000000009,0.005500000000000002,0.018666666666666668,0.0,0.0,0.0
0.021500000000000002,0.010000000000000009,0.009000000000000005,0.018000000000000002,0.0,0.0,0.0
0.02,0.01,0.010833333333333332,0.012666666666666666,0.0,0.0,0.0
0.021666666666666664,0.010000000000000005,0.012666666666666666,0.015666666666666666,0.0,0.0,0.0
0.025333333333333333,0.010000000000000009,0.011000000000000003,0.020666666666666667,0.0,0.0,0.0
0.03533333333333332,0.010000000000000009,0.009166666666666667,0.03033333333333333,0.0,0.0,0.0
0.028166666666666666,0.010000000000000009,0.014666666666666668,0.021333333333333336,0.0,0.0,0.0
0.021500000000000002,0.010000000000000009,0.011500000000000002,0.015500000000000003,0.0,0.0,0.0
0.019,0.010000000000000009,0.006000000000000002,0.01583333333333333,0.0,0.0,0.0
0.022333333333333334,0.010000000000000002,0.006500000000000001,0.018833333333333334,0.0,0.0,0.0
0.024333333333333332,0.010000000000000005,0.012000000000000002,0.016666666666666666,0.0,0.0,0.0
0.01833333333333333,0.009999999999999998,0.0071666666666666675,0.014833333333333334,0.0,0.0,0.0
0.019833333333333335,0.009999999999999998,0.010500000000000002,0.013833333333333338,0.0,0.0,0.0
0.034,0.010000000000000009,0.015833333333333335,0.024166666666666663,0.0,0.0,0.0
0.029166666666666667,0.010000000000000009,0.010833333333333335,0.02416666666666667,0.0,0.0,0.0
0.026000000000000002,0.010000000000000009,0.013666666666666669,0.01983333333333333,0.0,0.0,0.0
0.024166666666666673,0.010000000000000009,0.012833333333333335,0.0175,0.0,0.0,0.0
0.021166666666666667,0.01,0.013333333333333336,0.014833333333333336,0.0,0.0,0.0
0.021833333333333333,0.01,0.010000000000000002,0.0175,0.0,0.0,0.0
0.02283333333333333,0.010000000000000009,0.014500000000000002,0.013500000000000003,0.0,0.0,0.0
0.023333333333333334,0.010000000000000002,0.008333333333333333,0.018333333333333333,0.0,0.0,0.0
0.017500000000000005,0.009999999999999998,0.009000000000000001,0.012500000000000004,0.0,0.0,0.0
0.016666666666666666,0.009999999999999998,0.0085,0.012166666666666668,0.0,0.0,0.0
0.023666666666666666,0.010000000000000009,0.010333333333333332,0.017333333333333333,0.0,0.0,0.0
0.016666666666666666,0.01,0.0058333333333333345,0.013666666666666667,0.0,0.0,0.0
0.0225,0.01,0.006333333333333334,0.02,0.0,0.0,0.0
0.01733333333333333,0.010000000000000002,0.009666666666666667,0.012000000000000002,0.0,0.0,0.0
0.021666666666666667,0.010000000000000002,0.006333333333333335,0.018500000000000003,0.0,0.0,0.0
0.022500000000000003,0.010000000000000009,0.010166666666666668,0.017833333333333336,0.0,0.0,0.0
0.020999999999999998,0.010000000000000009,0.009333333333333334,0.015833333333333335,0.0,0.0,0.0
0.02383333333333333,0.010000000000000009,0.007166666666666668,0.021666666666666664,0.0,0.0,0.0
0.029666666666666664,0.010000000000000009,0.017333333333333333,0.019500000000000003,0.0,0.0,0.0
0.03166666666666666,0.010000000000000009,0.006166666666666667,0.02766666666666667,0.0,0.0,0.0
0.021666666666666667,0.010000000000000005,0.006500000000000001,0.018666666666666665,0.0,0.0,0.0
0.02549999999999999,0.01,0.014166666666666666,0.01566666666666667,0.0,0.0,0.0
0.026000000000000002,0.010000000000000009,0.012000000000000002,0.019333333333333334,0.0,0.0,0.0
0.024333333333333335,0.010000000000000009,0.017333333333333333,0.01466666666666667,0.0,0.0,0.0
0.03066666666666667,0.010000000000000002,0.011833333333333335,0.024166666666666663,0.0,0.0,0.0
0.021833333333333333,0.010000000000000009,0.006666666666666669,0.019666666666666666,0.0,0.0,0.0
0.017,0.009999999999999998,0.005333333333333335,0.014499999999999997,0.0,0.0,0.0
0.024166666666666666,0.01,0.007,0.020666666666666667,0.0,0.0,0.0
0.0275,0.010000000000000009,0.010333333333333332,0.021166666666666667,0.0,0.0,0.0
0.0265,0.010000000000000009,0.01216666666666667,0.019500000000000007,0.0,0.0,0.0
0.029666666666666668,0.010000000000000005,0.008666666666666668,0.02483333333333333,0.0,0.0,0.0
0.030500000000000003,0.010000000000000009,0.014333333333333337,0.02316666666666667,0.0,0.0,0.0
0.026333333333333334,0.01,0.010333333333333335,0.020999999999999998,0.0,0.0,0.0
0.02033333333333333,0.010000000000000009,0.008666666666666666,0.015333333333333336,0.0,0.0,0.0
0.02483333333333333,0.010000000000000009,0.010333333333333333,0.019,0.0,0.0,0.0
0.032,0.010000000000000009,0.013333333333333334,0.024666666666666667,0.0,0.0,0.0
0.021999999999999995,0.009999999999999998,0.00766666666666667,0.0185,0.0,0.0,0.0
0.025333333333333333,0.010000000000000009,0.008000000000000002,0.021500000000000002,0.0,0.0,0.0
0.023666666666666666,0.01,0.013166666666666669,0.0165,0.0,0.0,0.0
0.028666666666666667,0.010000000000000009,0.019833333333333328,0.013833333333333338,0.0,0.0,0.0
0.01666666666666667,0.010000000000000005,0.008666666666666671,0.012833333333333337,0.0,0.0,0.0
0.0265,0.010000000000000002,0.012833333333333334,0.0195,0.0,0.0,0.0
0.026333333333333334,0.010000000000000009,0.007666666666666666,0.0225,0.0,0.0,0.0
0.027833333333333335,0.010000000000000005,0.012833333333333337,0.020833333333333336,0.0,0.0,0.0
0.022,0.009999999999999998,0.010000000000000002,0.016833333333333336,0.0,0.0,0.0
0.015000000000000001,0.009999999999999998,0.007666666666666668,0.011333333333333336,0.0,0.0,0.0
0.026333333333333334,0.010000000000000009,0.012666666666666668,0.021333333333333333,0.0,0.0,0.0
0.022,0.010000000000000009,0.011833333333333336,0.015500000000000003,0.0,0.0,0.0
0.024666666666666667,0.010000000000000009,0.008000000000000002,0.020499999999999997,0.0,0.0,0.0
0.02733333333333333,0.010000000000000009,0.016,0.017833333333333336,0.0,0.0,0.0
0.018,0.010000000000000005,0.008333333333333335,0.014500000000000002,0.0,0.0,0.0
0.015000000000000005,0.01,0.0046666666666666705,0.013333333333333334,0.0,0.0,0.0
0.017833333333333336,0.01,0.010166666666666668,0.011333333333333336,0.0,0.0,0.0
0.019166666666666665,0.009999999999999998,0.007000000000000003,0.01633333333333333,0.0,0.0,0.0
0.020833333333333336,0.010000000000000009,0.01066666666666667,0.01616666666666667,0.0,0.0,0.0
0.0245,0.010000000000000009,0.013166666666666669,0.0175,0.0,0.0,0.0
0.025333333333333333,0.010000000000000009,0.013833333333333335,0.017333333333333336,0.0,0.0,0.0
0.013000000000000001,0.009999999999999998,0.004500000000000003,0.010666666666666666,0.0,0.0,0.0
0.016500000000000004,0.01,0.007166666666666669,0.013333333333333336,0.0,0.0,0.0
0.02216666666666667,0.009999999999999998,0.011000000000000003,0.01766666666666667,0.0,0.0,0.0
0.027999999999999994,0.010000000000000009,0.010000000000000002,0.0225,0.0,0.0,0.0
0.02983333333333333,0.010000000000000009,0.009666666666666667,0.025666666666666667,0.0,0.0,0.0
0.021666666666666667,0.01,0.009333333333333334,0.0175,0.0,0.0,0.0
0.018000000000000006,0.010000000000000009,0.008833333333333335,0.014833333333333336,0.0,0.0,0.0
0.029333333333333333,0.010000000000000009,0.012000000000000004,0.02266666666666667,0.0,0.0,0.0
0.024666666666666667,0.010000000000000009,0.013333333333333336,0.017833333333333333,0.0,0.0,0.0
0.018666666666666668,0.01,0.008500000000000002,0.016,0.0,0.0,0.0
0.014333333333333335,0.010000000000000002,0.005500000000000001,0.013166666666666667,0.0,0.0,0.0
0.025,0.010000000000000009,0.009500000000000001,0.020666666666666667,0.0,0.0,0.0
0.030333333333333323,0.010000000000000009,0.009166666666666672,0.02733333333333332,0.0,0.0,0.0
0.025166666666666664,0.010000000000000009,0.012666666666666668,0.019000000000000003,0.0,0.0,0.0
0.01916666666666667,0.009999999999999998,0.0075000000000000015,0.015000000000000001,0.0,0.0,0.0
0.017166666666666667,0.01,0.007833333333333331,0.012666666666666666,0.0,0.0,0.0
0.025666666666666664,0.010000000000000009,0.011500000000000005,0.022000000000000002,0.0,0.0,0.0
0.027333333333333338,0.010000000000000002,0.010833333333333335,0.022166666666666668,0.0,0.0,0.0
0.023000000000000003,0.01,0.011833333333333335,0.017000000000000005,0.0,0.0,0.0
0.029833333333333337,0.010000000000000009,0.01133333333333334,0.025833333333333333,0.0,0.0,0.0
0.024666666666666667,0.010000000000000009,0.0085,0.02116666666666667,0.0,0.0,0.0
0.02533333333333333,0.010000000000000005,0.006166666666666669,0.022666666666666665,0.0,0.0,0.0
0.021333333333333333,0.010000000000000009,0.007666666666666668,0.017833333333333333,0.0,0.0,0.0
0.023166666666666665,0.010000000000000009,0.013333333333333336,0.01466666666666667,0.0,0.0,0.0
0.016833333333333336,0.009999999999999998,0.007333333333333336,0.013166666666666669,0.0,0.0,0.0
0.012666666666666666,0.009999999999999998,0.009166666666666667,0.007500000000000002,0.0,0.0,0.0
0.025,0.010000000000000002,0.008333333333333335,0.021666666666666664,0.0,0.0,0.0
0.03266666666666666,0.010000000000000009,0.0115,0.026000000000000002,0.0,0.0,0.0
0.024,0.010000000000000009,0.013500000000000002,0.015666666666666666,0.0,0.0,0.0
0.0235,0.01,0.009500000000000001,0.01783333333333333,0.0,0.0,0.0
0.026166666666666664,0.010000000000000009,0.010333333333333335,0.021500000000000002,0.0,0.0,0.0
0.028833333333333332,0.010000000000000009,0.012333333333333333,0.022500000000000003,0.0,0.0,0.0
0.022500000000000003,0.010000000000000002,0.014333333333333335,0.015500000000000003,0.0,0.0,0.0
0.016666666666666666,0.009999999999999998,0.008333333333333333,0.012500000000000002,0.0,0.0,0.0
0.025166666666666667,0.010000000000000009,0.009166666666666667,0.021833333333333333,0.0,0.0,0.0
0.020333333333333335,0.010000000000000009,0.01133333333333334,0.01566666666666667,0.0,0.0,0.0
0.023000000000000003,0.01,0.008666666666666668,0.018833333333333334,0.0,0.0,0.0
0.030333333333333334,0.010000000000000009,0.012500000000000002,0.021333333333333333,0.0,0.0,0.0
0.033166666666666664,0.02,0.012666666666666666,0.02683333333333333,0.0,0.0,0.0
0.028833333333333332,0.010000000000000009,0.010000000000000002,0.02383333333333333,0.0,0.0,0.0
0.025500000000000002,0.010000000000000009,0.014333333333333335,0.017333333333333333,0.0,0.0,0.0
0.02783333333333333,0.010000000000000009,0.009333333333333334,0.022000000000000002,0.0,0.0,0.0
0.024,0.010000000000000009,0.009166666666666668,0.02083333333333333,0.0,0.0,0.0
0.022166666666666664,0.01,0.009833333333333335,0.017666666666666664,0.0,0.0,0.0
0.025,0.01,0.009166666666666667,0.0215,0.0,0.0,0.0
0.023166666666666665,0.01,0.014499999999999997,0.01466666666666667,0.0,0.0,0.0
0.02966666666666667,0.010000000000000009,0.011000000000000003,0.024833333333333332,0.0,0.0,0.0
0.029333333333333333,0.010000000000000009,0.014833333333333337,0.020666666666666667,0.0,0.0,0.0
0.021166666666666667,0.009999999999999998,0.008833333333333334,0.01566666666666667,0.0,0.0,0.0
0.01983333333333333,0.009999999999999998,0.008000000000000002,0.015833333333333335,0.0,0.0,0.0
0.025666666666666664,0.010000000000000009,0.009333333333333334,0.021500000000000002,0.0,0.0,0.0
0.024666666666666667,0.010000000000000009,0.013000000000000001,0.017000000000000005,0.0,0.0,0.0
0.027,0.010000000000000009,0.012833333333333337,0.020500000000000004,0.0,0.0,0.0
0.023000000000000003,0.010000000000000009,0.010833333333333335,0.01716666666666667,0.0,0.0,0.0
0.02016666666666667,0.010000000000000005,0.007500000000000005,0.018166666666666668,0.0,0.0,0.0
0.02133333333333333,0.009999999999999998,0.007833333333333333,0.015333333333333332,0.0,0.0,0.0
0.027166666666666665,0.010000000000000005,0.009666666666666667,0.022166666666666668,0.0,0.0,0.0
0.030499999999999996,0.010000000000000009,0.012333333333333335,0.0225,0.0,0.0,0.0
0.022333333333333334,0.010000000000000002,0.015000000000000003,0.014000000000000004,0.0,0.0,0.0
0.04416666666666666,0.019999999999999997,0.016166666666666666,0.036166666666666666,0.0,0.0,0.0
0.026166666666666668,0.010000000000000005,0.01416666666666667,0.020833333333333336,0.0,0.0,0.0
0.015666666666666666,0.010000000000000005,0.006000000000000001,0.0125,0.0,0.0,0.0
0.013500000000000002,0.009999999999999998,0.005166666666666669,0.011666666666666665,0.0,0.0,0.0
0.014333333333333335,0.009999999999999998,0.006666666666666668,0.011000000000000003,0.0,0.0,0.0
0.020166666666666666,0.010000000000000005,0.008833333333333334,0.016000000000000004,0.0,0.0,0.0
0.018333333333333333,0.010000000000000005,0.006333333333333333,0.015499999999999998,0.0,0.0,0.0
0.019333333333333334,0.01,0.007166666666666669,0.015666666666666666,0.0,0.0,0.0
0.020000000000000004,0.009999999999999998,0.01066666666666667,0.015166666666666667,0.0,0.0,0.0
0.015500000000000002,0.010000000000000005,0.007666666666666668,0.012,0.0,0.0,0.0
0.02466666666666667,0.010000000000000009,0.011166666666666668,0.02166666666666667,0.0,0.0,0.0
0.024999999999999998,0.010000000000000009,0.008000000000000004,0.021166666666666667,0.0,0.0,0.0
0.023166666666666662,0.009999999999999998,0.008666666666666666,0.019,0.0,0.0,0.0
0.024500000000000008,0.010000000000000009,0.011666666666666667,0.01866666666666667,0.0,0.0,0.0
0.01916666666666667,0.009999999999999998,0.013000000000000001,0.013000000000000005,0.0,0.0,0.0
0.021666666666666664,0.009999999999999998,0.011000000000000001,0.015000000000000001,0.0,0.0,0.0
0.02383333333333333,0.010000000000000009,0.012666666666666668,0.018000000000000002,0.0,0.0,0.0
0.024833333333333336,0.010000000000000009,0.010333333333333335,0.020333333333333335,0.0,0.0,0.0
0.02083333333333334,0.010000000000000009,0.007500000000000005,0.019333333333333338,0.0,0.0,0.0
0.03116666666666667,0.010000000000000002,0.009666666666666667,0.026166666666666664,0.0,0.0,0.0
0.020499999999999997,0.010000000000000009,0.010833333333333335,0.0165,0.0,0.0,0.0
0.028166666666666666,0.010000000000000009,0.010166666666666666,0.022000000000000006,0.0,0.0,0.0
0.02383333333333333,0.010000000000000009,0.011166666666666665,0.017333333333333333,0.0,0.0,0.0
0.024,0.010000000000000002,0.015166666666666667,0.016500000000000004,0.0,0.0,0.0
0.017833333333333333,0.01,0.0033333333333333344,0.017333333333333333,0.0,0.0,0.0
0.026333333333333334,0.010000000000000009,0.009666666666666667,0.02316666666666667,0.0,0.0,0.0
0.017,0.0,0.007666666666666668,0.013333333333333334,0.0,0.0,0.0
0.024499999999999997,0.009999999999999998,0.008666666666666666,0.020166666666666663,0.0,0.0,0.0
0.02316666666666667,0.010000000000000009,0.011833333333333336,0.017833333333333336,0.0,0.0,0.0
0.019833333333333335,0.010000000000000005,0.010500000000000006,0.014500000000000004,0.0,0.0,0.0
0.017666666666666667,0.010000000000000009,0.007500000000000004,0.014833333333333336,0.0,0.0,0.0
0.030666666666666672,0.010000000000000009,0.011666666666666667,0.024500000000000004,0.0,0.0,0.0
0.03383333333333334,0.010000000000000009,0.012166666666666666,0.027500000000000004,0.0,0.0,0.0
0.024333333333333332,0.010000000000000005,0.007500000000000001,0.020833333333333332,0.0,0.0,0.0
0.026166666666666664,0.010000000000000009,0.008666666666666668,0.021666666666666664,0.0,0.0,0.0
0.0245,0.01,0.009000000000000001,0.02033333333333333,0.0,0.0,0.0
0.03166666666666666,0.010000000000000009,0.009500000000000001,0.02583333333333333,0.0,0.0,0.0
0.020333333333333335,0.01,0.014166666666666668,0.013166666666666669,0.0,0.0,0.0
0.027833333333333328,0.010000000000000009,0.009833333333333333,0.0225,0.0,0.0,0.0
0.025666666666666667,0.010000000000000005,0.00766666666666667,0.02283333333333333,0.0,0.0,0.0
0.022500000000000003,0.01,0.008166666666666668,0.018333333333333333,0.0,0.0,0.0
0.026666666666666665,0.01,0.007833333333333335,0.022166666666666664,0.0,0.0,0.0
0.02616666666666667,0.010000000000000009,0.013000000000000005,0.020500000000000004,0.0,0.0,0.0
0.025333333333333336,0.010000000000000005,0.013166666666666669,0.01916666666666667,0.0,0.0,0.0
0.028,0.010000000000000009,0.011000000000000001,0.02166666666666667,0.0,0.0,0.0
0.019166666666666665,0.01,0.009166666666666667,0.013833333333333335,0.0,0.0,0.0
0.022,0.01,0.010333333333333335,0.0165,0.0,0.0,0.0
0.018833333333333327,0.009999999999999998,0.005833333333333334,0.01633333333333333,0.0,0.0,0.0
0.01883333333333333,0.010000000000000005,0.004333333333333333,0.01683333333333333,0.0,0.0,0.0
0.020666666666666667,0.01,0.008666666666666668,0.015166666666666669,0.0,0.0,0.0
0.020666666666666667,0.010000000000000002,0.0115,0.014000000000000004,0.0,0.0,0.0
0.023,0.010000000000000005,0.010833333333333335,0.017,0.0,0.0,0.0
0.020999999999999998,0.010000000000000005,0.0068333333333333345,0.01833333333333333,0.0,0.0,0.0
0.02383333333333333,0.010000000000000005,0.011000000000000001,0.018333333333333333,0.0,0.0,0.0
0.018666666666666665,0.010000000000000009,0.0058333333333333345,0.016166666666666666,0.0,0.0,0.0
0.017333333333333336,0.010000000000000009,0.008666666666666668,0.013333333333333336,0.0,0.0,0.0
0.0225,0.010000000000000009,0.011833333333333338,0.0165,0.0,0.0,0.0
0.024166666666666663,0.010000000000000009,0.009500000000000001,0.02033333333333333,0.0,0.0,0.0
0.029666666666666664,0.010000000000000009,0.015000000000000001,0.020333333333333335,0.0,0.0,0.0
0.02333333333333333,0.01,0.009333333333333334,0.018500000000000003,0.0,0.0,0.0
0.03016666666666666,0.010000000000000009,0.007500000000000003,0.027833333333333328,0.0,0.0,0.0
0.024,0.010000000000000005,0.013000000000000001,0.01666666666666667,0.0,0.0,0.0
0.025500000000000002,0.01,0.012000000000000002,0.0175,0.0,0.0,0.0
0.02316666666666667,0.010000000000000002,0.009666666666666665,0.017,0.0,0.0,0.0
0.030166666666666668,0.010000000000000002,0.01266666666666667,0.024500000000000004,0.0,0.0,0.0
0.028666666666666667,0.01,0.013000000000000001,0.022500000000000003,0.0,0.0,0.0
0.02366666666666667,0.010000000000000005,0.010666666666666666,0.017000000000000005,0.0,0.0,0.0
0.026166666666666664,0.010000000000000009,0.008333333333333333,0.021833333333333333,0.0,0.0,0.0
0.024500000000000004,0.010000000000000009,0.011000000000000003,0.019000000000000003,0.0,0.0,0.0
0.02266666666666667,0.01,0.0085,0.017,0.0,0.0,0.0
0.02316666666666667,0.010000000000000009,0.01216666666666667,0.017333333333333336,0.0,0.0,0.0
0.018000000000000002,0.010000000000000009,0.009333333333333334,0.012833333333333335,0.0,0.0,0.0
0.020166666666666666,0.010000000000000002,0.0085,0.014333333333333335,0.0,0.0,0.0
0.0175,0.01,0.010166666666666668,0.012166666666666668,0.0,0.0,0.0
0.026999999999999993,0.01,0.009000000000000005,0.022999999999999996,0.0,0.0,0.0
0.024166666666666666,0.010000000000000009,0.006333333333333335,0.02183333333333333,0.0,0.0,0.0
0.023333333333333334,0.010000000000000009,0.009333333333333336,0.019833333333333335,0.0,0.0,0.0
0.02333333333333333,0.01,0.011500000000000003,0.017833333333333333,0.0,0.0,0.0
0.03216666666666666,0.010000000000000009,0.010500000000000002,0.027333333333333328,0.0,0.0,0.0
0.02666666666666666,0.010000000000000009,0.009666666666666665,0.021666666666666664,0.0,0.0,0.0
0.03466666666666665,0.010000000000000009,0.012833333333333335,0.0285,0.0,0.0,0.0
0.019666666666666662,0.009999999999999998,0.004166666666666668,0.0185,0.0,0.0,0.0
0.030499999999999996,0.010000000000000009,0.008000000000000002,0.02633333333333333,0.0,0.0,0.0
0.012333333333333337,0.009999999999999998,0.003666666666666669,0.011000000000000003,0.0,0.0,0.0
0.016666666666666666,0.01,0.0070000000000000045,0.013666666666666667,0.0,0.0,0.0
0.0375,0.010000000000000009,0.010333333333333335,0.03266666666666666,0.0,0.0,0.0
0.034,0.010000000000000009,0.011833333333333336,0.027166666666666665,0.0,0.0,0.0
0.02,0.009999999999999998,0.007000000000000003,0.016333333333333335,0.0,0.0,0.0
0.024500000000000004,0.010000000000000009,0.009000000000000001,0.019333333333333334,0.0,0.0,0.0
0.021333333333333336,0.010000000000000009,0.012333333333333333,0.014166666666666671,0.0,0.0,0.0
0.02033333333333333,0.009999999999999998,0.006500000000000003,0.01783333333333333,0.0,0.0,0.0
0.026,0.010000000000000009,0.012166666666666666,0.01916666666666667,0.0,0.0,0.0
0.017833333333333333,0.01,0.010500000000000004,0.013166666666666669,0.0,0.0,0.0
0.017499999999999998,0.0,0.008500000000000002,0.013500000000000002,0.0,0.0,0.0
0.03133333333333333,0.01,0.011666666666666669,0.024499999999999997,0.0,0.0,0.0
0.026666666666666665,0.01,0.014166666666666666,0.016666666666666666,0.0,0.0,0.0
0.017833333333333333,0.010000000000000005,0.008666666666666671,0.014,0.0,0.0,0.0
0.02016666666666667,0.009999999999999998,0.012000000000000002,0.013333333333333334,0.0,0.0,0.0
0.02216666666666667,0.010000000000000009,0.009333333333333334,0.0175,0.0,0.0,0.0
0.02533333333333333,0.010000000000000009,0.011500000000000007,0.021500000000000002,0.0,0.0,0.0
0.02333333333333333,0.01,0.012833333333333337,0.017166666666666667,0.0,0.0,0.0
0.017166666666666667,0.01,0.00616666666666667,0.014833333333333334,0.0,0.0,0.0
0.02783333333333333,0.009999999999999998,0.014166666666666666,0.0205,0.0,0.0,0.0
0.027333333333333334,0.010000000000000005,0.009666666666666664,0.021166666666666667,0.0,0.0,0.0
0.022333333333333334,0.010000000000000009,0.0085,0.018833333333333337,0.0,0.0,0.0
0.0205,0.01,0.01266666666666667,0.013333333333333336,0.0,0.0,0.0
0.03333333333333333,0.010000000000000009,0.009500000000000001,0.028166666666666666,0.0,0.0,0.0
0.023666666666666662,0.01,0.008000000000000002,0.01933333333333333,0.0,0.0,0.0
0.023500000000000004,0.010000000000000005,0.012833333333333335,0.016833333333333336,0.0,0.0,0.0
0.024666666666666667,0.010000000000000009,0.007166666666666669,0.0225,0.0,0.0,0.0
0.022333333333333334,0.01,0.008500000000000002,0.017833333333333333,0.0,0.0,0.0
0.02666666666666667,0.009999999999999998,0.013333333333333336,0.020500000000000004,0.0,0.0,0.0
0.018000000000000002,0.01,0.0115,0.011166666666666668,0.0,0.0,0.0
0.021666666666666664,0.010000000000000005,0.010000000000000002,0.015666666666666666,0.0,0.0,0.0
0.03083333333333333,0.010000000000000005,0.010166666666666664,0.024166666666666666,0.0,0.0,0.0
0.02866666666666667,0.010000000000000009,0.015000000000000003,0.021833333333333337,0.0,0.0,0.0
0.031166666666666665,0.01,0.014833333333333336,0.023166666666666665,0.0,0.0,0.0
0.02433333333333333,0.01,0.011166666666666665,0.017833333333333333,0.0,0.0,0.0
0.02233333333333333,0.010000000000000009,0.012500000000000002,0.015000000000000001,0.0,0.0,0.0
0.02683333333333333,0.009999999999999998,0.006333333333333333,0.02333333333333333,0.0,0.0,0.0
0.03333333333333333,0.010000000000000009,0.010500000000000004,0.029666666666666664,0.0,0.0,0.0
0.027666666666666662,0.010000000000000009,0.010000000000000002,0.023499999999999997,0.0,0.0,0.0
0.02933333333333333,0.010000000000000005,0.011000000000000001,0.02316666666666667,0.0,0.0,0.0
0.034,0.010000000000000009,0.013666666666666667,0.025333333333333333,0.0,0.0,0.0
0.025000000000000005,0.010000000000000009,0.005500000000000003,0.0235,0.0,0.0,0.0
0.024833333333333336,0.010000000000000009,0.014333333333333335,0.016166666666666673,0.0,0.0,0.0
0.017833333333333333,0.01,0.009500000000000005,0.01416666666666667,0.0,0.0,0.0
0.018500000000000003,0.010000000000000002,0.006333333333333335,0.01566666666666667,0.0,0.0,0.0
0.03133333333333333,0.010000000000000009,0.010166666666666668,0.026666666666666665,0.0,0.0,0.0
0.019500000000000003,0.009999999999999998,0.007333333333333336,0.017666666666666667,0.0,0.0,0.0
0.017833333333333336,0.01,0.00816666666666667,0.014333333333333337,0.0,0.0,0.0
0.014833333333333336,0.009999999999999998,0.007166666666666669,0.0115,0.0,0.0,0.0
0.020166666666666666,0.009999999999999998,0.0068333333333333345,0.0165,0.0,0.0,0.0
0.0185,0.01,0.007666666666666668,0.014666666666666668,0.0,0.0,0.0
0.019000000000000003,0.010000000000000002,0.00766666666666667,0.014833333333333336,0.0,0.0,0.0
0.019833333333333335,0.01,0.008333333333333335,0.01616666666666667,0.0,0.0,0.0
0.015500000000000003,0.01,0.01016666666666667,0.012833333333333335,0.0,0.0,0.0
0.022166666666666668,0.009999999999999998,0.011833333333333335,0.014833333333333336,0.0,0.0,0.0
0.014499999999999997,0.01,0.007,0.0105,0.0,0.0,0.0
0.028166666666666663,0.010000000000000009,0.009166666666666667,0.024,0.0,0.0,0.0
0.029333333333333333,0.01,0.009333333333333334,0.024333333333333335,0.0,0.0,0.0
0.0195,0.010000000000000005,0.008666666666666666,0.01566666666666667,0.0,0.0,0.0
0.02833333333333333,0.01,0.01,0.022000000000000002,0.0,0.0,0.0
0.01966666666666667,0.010000000000000009,0.008500000000000004,0.01633333333333333,0.0,0.0,0.0
0.01933333333333333,0.009999999999999998,0.0045000000000000005,0.018166666666666664,0.0,0.0,0.0
0.021166666666666667,0.010000000000000009,0.012666666666666666,0.01466666666666667,0.0,0.0,0.0
0.02516666666666667,0.010000000000000009,0.011833333333333336,0.018666666666666668,0.0,0.0,0.0
0.026,0.010000000000000009,0.015333333333333332,0.0175,0.0,0.0,0.0
0.026,0.010000000000000009,0.014166666666666664,0.0175,0.0,0.0,0.0
0.022666666666666665,0.01,0.008666666666666666,0.01833333333333333,0.0,0.0,0.0
0.021166666666666663,0.009999999999999998,0.009000000000000001,0.017,0.0,0.0,0.0
0.021666666666666667,0.010000000000000002,0.007333333333333335,0.017666666666666667,0.0,0.0,0.0
0.020999999999999998,0.010000000000000009,0.012166666666666666,0.013833333333333338,0.0,0.0,0.0
0.022000000000000002,0.010000000000000009,0.005500000000000002,0.0205,0.0,0.0,0.0
0.025833333333333337,0.010000000000000005,0.013333333333333332,0.017333333333333333,0.0,0.0,0.0
0.020833333333333336,0.01,0.009500000000000005,0.017500000000000005,0.0,0.0,0.0
0.02333333333333333,0.010000000000000005,0.010166666666666668,0.018166666666666668,0.0,0.0,0.0
0.029666666666666668,0.010000000000000002,0.008666666666666666,0.024999999999999998,0.0,0.0,0.0
0.03049999999999999,0.010000000000000009,0.012333333333333335,0.02549999999999999,0.0,0.0,0.0
0.043,0.03,0.015000000000000006,0.03666666666666667,0.0,0.0,0.0
0.013166666666666667,0.009999999999999998,0.00766666666666667,0.010166666666666668,0.0,0.0,0.0
0.02616666666666667,0.010000000000000009,0.009000000000000003,0.022333333333333334,0.0,0.0,0.0
0.029166666666666667,0.010000000000000009,0.013833333333333338,0.022833333333333334,0.0,0.0,0.0
0.027166666666666665,0.010000000000000009,0.011666666666666669,0.021833333333333333,0.0,0.0,0.0
0.023666666666666666,0.010000000000000009,0.008333333333333337,0.021166666666666667,0.0,0.0,0.0
0.018333333333333326,0.009999999999999998,0.009500000000000001,0.012499999999999999,0.0,0.0,0.0
0.024833333333333332,0.010000000000000005,0.013833333333333335,0.018500000000000006,0.0,0.0,0.0
0.018000000000000002,0.01,0.0068333333333333345,0.015000000000000003,0.0,0.0,0.0
0.025833333333333333,0.010000000000000005,0.009833333333333335,0.02,0.0,0.0,0.0
0.02233333333333333,0.01,0.007333333333333336,0.019666666666666666,0.0,0.0,0.0
0.021,0.010000000000000009,0.012333333333333335,0.013333333333333334,0.0,0.0,0.0
0.021666666666666667,0.010000000000000009,0.008333333333333335,0.017833333333333333,0.0,0.0,0.0
0.01833333333333333,0.009999999999999998,0.005500000000000004,0.017166666666666663,0.0,0.0,0.0
0.02316666666666667,0.010000000000000009,0.011500000000000005,0.01816666666666667,0.0,0.0,0.0
0.0235,0.010000000000000009,0.008000000000000002,0.020166666666666666,0.0,0.0,0.0
0.028333333333333332,0.010000000000000009,0.016000000000000004,0.02016666666666667,0.0,0.0,0.0
0.023166666666666665,0.010000000000000009,0.008333333333333337,0.019000000000000003,0.0,0.0,0.0
0.02266666666666667,0.010000000000000009,0.009833333333333338,0.01933333333333333,0.0,0.0,0.0
0.02883333333333333,0.010000000000000009,0.010500000000000002,0.023166666666666665,0.0,0.0,0.0
0.022000000000000002,0.010000000000000005,0.010666666666666668,0.01616666666666667,0.0,0.0,0.0
0.025500000000000002,0.010000000000000009,0.008333333333333337,0.022166666666666664,0.0,0.0,0.0
0.028,0.010000000000000005,0.004333333333333334,0.026333333333333334,0.0,0.0,0.0
0.019000000000000003,0.010000000000000005,0.006666666666666669,0.017833333333333333,0.0,0.0,0.0
0.029,0.010000000000000009,0.009666666666666667,0.02383333333333333,0.0,0.0,0.0
0.0165,0.01,0.006166666666666668,0.014166666666666668,0.0,0.0,0.0
0.03216666666666667,0.01,0.0145,0.023500000000000004,0.0,0.0,0.0
0.025166666666666664,0.010000000000000005,0.009666666666666672,0.022666666666666665,0.0,0.0,0.0
0.0185,0.01,0.011166666666666667,0.012166666666666668,0.0,0.0,0.0
0.021833333333333333,0.01,0.006333333333333335,0.018666666666666665,0.0,0.0,0.0
0.013000000000000003,0.009999999999999998,0.005000000000000002,0.011833333333333335,0.0,0.0,0.0
0.0245,0.010000000000000005,0.013166666666666669,0.018000000000000002,0.0,0.0,0.0
0.029999999999999995,0.010000000000000009,0.013166666666666669,0.02316666666666667,0.0,0.0,0.0
0.01916666666666667,0.010000000000000002,0.009833333333333335,0.013833333333333335,0.0,0.0,0.0
0.017666666666666667,0.01,0.009166666666666667,0.013666666666666666,0.0,0.0,0.0
0.018333333333333333,0.010000000000000002,0.012166666666666666,0.011833333333333336,0.0,0.0,0.0
0.0285,0.010000000000000009,0.010333333333333337,0.023166666666666665,0.0,0.0,0.0
0.014166666666666668,0.01,0.006000000000000002,0.012000000000000004,0.0,0.0,0.0
0.01983333333333333,0.009999999999999998,0.010666666666666668,0.013666666666666669,0.0,0.0,0.0
0.019333333333333334,0.01,0.011000000000000003,0.014000000000000004,0.0,0.0,0.0
0.02683333333333333,0.010000000000000009,0.010833333333333334,0.022,0.0,0.0,0.0
0.01916666666666667,0.01,0.005166666666666669,0.017666666666666667,0.0,0.0,0.0
0.03333333333333333,0.010000000000000009,0.009166666666666667,0.028666666666666667,0.0,0.0,0.0
0.034833333333333334,0.010000000000000009,0.011166666666666668,0.030999999999999996,0.0,0.0,0.0
0.025666666666666667,0.010000000000000009,0.01616666666666667,0.016333333333333335,0.0,0.0,0.0
0.01616666666666667,0.01,0.004333333333333336,0.014333333333333333,0.0,0.0,0.0
0.029499999999999995,0.010000000000000009,0.009500000000000001,0.02416666666666667,0.0,0.0,0.0
0.026333333333333334,0.010000000000000009,0.014,0.01866666666666667,0.0,0.0,0.0
0.02733333333333333,0.010000000000000009,0.011,0.020833333333333332,0.0,0.0,0.0
0.0205,0.009999999999999998,0.0075000000000000015,0.017,0.0,0.0,0.0
0.027999999999999994,0.010000000000000009,0.009000000000000005,0.026333333333333334,0.0,0.0,0.0
0.03666666666666666,0.010000000000000009,0.017,0.025500000000000002,0.0,0.0,0.0
0.024000000000000004,0.010000000000000009,0.008833333333333334,0.019333333333333334,0.0,0.0,0.0
0.024666666666666667,0.010000000000000009,0.008333333333333335,0.02133333333333333,0.0,0.0,0.0
0.021166666666666667,0.009999999999999998,0.00766666666666667,0.018000000000000002,0.0,0.0,0.0
0.026833333333333334,0.010000000000000002,0.014333333333333335,0.018166666666666664,0.0,0.0,0.0
0.02233333333333333,0.010000000000000009,0.012833333333333334,0.015166666666666669,0.0,0.0,0.0
0.021500000000000002,0.010000000000000005,0.011666666666666665,0.01416666666666667,0.0,0.0,0.0
0.027000000000000003,0.010000000000000009,0.009166666666666667,0.021333333333333333,0.0,0.0,0.0
0.01966666666666667,0.010000000000000009,0.009500000000000001,0.01566666666666667,0.0,0.0,0.0
0.020833333333333332,0.010000000000000005,0.007499999999999999,0.016,0.0,0.0,0.0
0.0275,0.01,0.019000000000000003,0.016666666666666666,0.0,0.0,0.0
0.024500000000000004,0.010000000000000005,0.007333333333333336,0.020666666666666667,0.0,0.0,0.0
0.020999999999999998,0.01,0.012,0.013,0.0,0.0,0.0
0.0195,0.010000000000000009,0.0125,0.013500000000000002,0.0,0.0,0.0
0.021166666666666667,0.010000000000000005,0.009666666666666667,0.016500000000000004,0.0,0.0,0.0
0.022000000000000002,0.010000000000000009,0.012833333333333335,0.015666666666666672,0.0,0.0,0.0
0.025333333333333333,0.010000000000000002,0.015333333333333336,0.017,0.0,0.0,0.0
0.025333333333333336,0.010000000000000009,0.011666666666666669,0.018833333333333334,0.0,0.0,0.0
0.02383333333333333,0.01,0.011166666666666665,0.017333333333333333,0.0,0.0,0.0
0.02266666666666667,0.01,0.009166666666666672,0.01916666666666667,0.0,0.0,0.0
0.019500000000000003,0.01,0.008333333333333335,0.0165,0.0,0.0,0.0
0.017500000000000005,0.01,0.011166666666666668,0.012166666666666671,0.0,0.0,0.0
0.026499999999999992,0.010000000000000002,0.014000000000000002,0.018166666666666668,0.0,0.0,0.0
0.02533333333333333,0.010000000000000002,0.009500000000000003,0.019999999999999997,0.0,0.0,0.0
0.018333333333333333,0.01,0.007833333333333335,0.013500000000000002,0.0,0.0,0.0
0.024833333333333332,0.010000000000000005,0.013500000000000002,0.017500000000000005,0.0,0.0,0.0
0.017833333333333336,0.010000000000000009,0.007000000000000003,0.014833333333333336,0.0,0.0,0.0
0.023666666666666666,0.01,0.009333333333333334,0.018333333333333333,0.0,0.0,0.0
0.026666666666666665,0.010000000000000009,0.009000000000000003,0.02233333333333333,0.0,0.0,0.0
0.023833333333333335,0.01,0.008666666666666666,0.018666666666666668,0.0,0.0,0.0
0.029500000000000002,0.010000000000000005,0.008666666666666668,0.026166666666666664,0.0,0.0,0.0
0.021500000000000002,0.010000000000000002,0.010000000000000005,0.0175,0.0,0.0,0.0
0.023166666666666665,0.010000000000000009,0.00766666666666667,0.020166666666666666,0.0,0.0,0.0
0.0285,0.010000000000000009,0.014833333333333334,0.021000000000000005,0.0,0.0,0.0
0.022500000000000006,0.010000000000000009,0.010166666666666668,0.01666666666666667,0.0,0.0,0.0
0.023666666666666666,0.010000000000000009,0.011000000000000003,0.018166666666666668,0.0,0.0,0.0
0.023666666666666666,0.010000000000000009,0.01316666666666667,0.01766666666666667,0.0,0.0,0.0
0.03083333333333333,0.010000000000000009,0.0165,0.020833333333333336,0.0,0.0,0.0
0.021500000000000002,0.010000000000000005,0.009833333333333336,0.015500000000000002,0.0,0.0,0.0
0.02016666666666667,0.01,0.00566666666666667,0.019000000000000003,0.0,0.0,0.0
0.02283333333333333,0.009999999999999998,0.011833333333333333,0.015833333333333335,0.0,0.0,0.0
0.02283333333333333,0.009999999999999998,0.009833333333333333,0.017166666666666667,0.0,0.0,0.0
0.025166666666666667,0.010000000000000005,0.013833333333333336,0.017500000000000005,0.0,0.0,0.0
0.028333333333333335,0.010000000000000009,0.013500000000000003,0.02316666666666667,0.0,0.0,0.0
0.021666666666666667,0.01,0.006333333333333335,0.019666666666666666,0.0,0.0,0.0
0.027500000000000004,0.010000000000000009,0.013833333333333336,0.020500000000000004,0.0,0.0,0.0
0.020500000000000004,0.01,0.010166666666666666,0.015500000000000003,0.0,0.0,0.0
0.022000000000000002,0.010000000000000009,0.006166666666666668,0.01916666666666667,0.0,0.0,0.0
0.017666666666666667,0.01,0.012333333333333333,0.011333333333333336,0.0,0.0,0.0
0.018,0.009999999999999998,0.009666666666666667,0.012166666666666666,0.0,0.0,0.0
0.027833333333333328,0.010000000000000009,0.009833333333333336,0.02383333333333333,0.0,0.0,0.0
0.026166666666666664,0.010000000000000009,0.008833333333333335,0.022166666666666664,0.0,0.0,0.0
0.0235,0.010000000000000005,0.010333333333333337,0.020000000000000004,0.0,0.0,0.0
0.026166666666666664,0.010000000000000009,0.012166666666666668,0.020166666666666666,0.0,0.0,0.0
0.02466666666666667,0.009999999999999998,0.014333333333333335,0.015833333333333335,0.0,0.0,0.0
0.0265,0.010000000000000002,0.007000000000000002,0.023166666666666665,0.0,0.0,0.0
0.029166666666666667,0.010000000000000009,0.008666666666666668,0.025500000000000002,0.0,0.0,0.0
0.017666666666666667,0.009999999999999998,0.011666666666666665,0.010500000000000002,0.0,0.0,0.0
0.021833333333333333,0.01,0.014499999999999997,0.013333333333333338,0.0,0.0,0.0
0.030666666666666665,0.010000000000000009,0.01616666666666667,0.022166666666666668,0.0,0.0,0.0
0.015666666666666672,0.010000000000000009,0.005833333333333335,0.014333333333333337,0.0,0.0,0.0
0.0255,0.010000000000000005,0.017499999999999998,0.01516666666666667,0.0,0.0,0.0
0.03466666666666666,0.010000000000000009,0.011333333333333336,0.029833333333333326,0.0,0.0,0.0
0.024166666666666666,0.010000000000000002,0.011000000000000001,0.01633333333333333,0.0,0.0,0.0
0.026833333333333334,0.010000000000000009,0.009333333333333336,0.022166666666666668,0.0,0.0,0.0
0.020166666666666666,0.009999999999999998,0.011333333333333334,0.012333333333333337,0.0,0.0,0.0
0.022833333333333334,0.010000000000000009,0.008500000000000002,0.01966666666666667,0.0,0.0,0.0
0.023666666666666662,0.010000000000000009,0.010833333333333337,0.01966666666666667,0.0,0.0,0.0
0.021166666666666667,0.01,0.012833333333333334,0.012833333333333337,0.0,0.0,0.0
0.026166666666666664,0.010000000000000009,0.010833333333333337,0.022333333333333334,0.0,0.0,0.0
0.013833333333333333,0.01,0.007833333333333336,0.0105,0.0,0.0,0.0
0.022166666666666668,0.01,0.013166666666666669,0.01466666666666667,0.0,0.0,0.0
0.028166666666666666,0.010000000000000009,0.015166666666666667,0.018500000000000006,0.0,0.0,0.0
0.0225,0.01,0.010000000000000002,0.017833333333333333,0.0,0.0,0.0
0.025500000000000002,0.010000000000000009,0.011500000000000003,0.018833333333333334,0.0,0.0,0.0
0.017833333333333333,0.009999999999999998,0.005833333333333333,0.014333333333333335,0.0,0.0,0.0
0.021500000000000002,0.010000000000000009,0.00716666666666667,0.018333333333333333,0.0,0.0,0.0
0.02616666666666667,0.010000000000000009,0.013166666666666669,0.019333333333333334,0.0,0.0,0.0
0.026666666666666665,0.010000000000000005,0.009333333333333334,0.021,0.0,0.0,0.0
0.022166666666666664,0.01,0.010833333333333335,0.017333333333333333,0.0,0.0,0.0
0.029,0.010000000000000009,0.010833333333333335,0.02366666666666667,0.0,0.0,0.0
0.02983333333333333,0.010000000000000009,0.02,0.017333333333333336,0.0,0.0,0.0
0.021,0.010000000000000005,0.009500000000000003,0.0175,0.0,0.0,0.0
0.022666666666666665,0.01,0.006333333333333336,0.020666666666666663,0.0,0.0,0.0
0.02833333333333333,0.01,0.013666666666666666,0.01983333333333333,0.0,0.0,0.0
0.021666666666666667,0.010000000000000002,0.011166666666666668,0.015833333333333335,0.0,0.0,0.0
0.0245,0.01,0.006666666666666669,0.0225,0.0,0.0,0.0
0.011833333333333336,0.010000000000000002,0.004500000000000002,0.010500000000000002,0.0,0.0,0.0
0.0205,0.010000000000000009,0.008166666666666668,0.017833333333333336,0.0,0.0,0.0
0.02733333333333333,0.01,0.006000000000000002,0.023666666666666666,0.0,0.0,0.0
0.030666666666666665,0.010000000000000009,0.014000000000000002,0.022833333333333334,0.0,0.0,0.0
0.029500000000000002,0.010000000000000009,0.010333333333333337,0.025500000000000002,0.0,0.0,0.0
0.02849999999999999,0.010000000000000005,0.005500000000000001,0.026000000000000002,0.0,0.0,0.0
0.018333333333333333,0.01,0.007000000000000003,0.015333333333333334,0.0,0.0,0.0
0.01916666666666667,0.009999999999999998,0.010333333333333337,0.014333333333333337,0.0,0.0,0.0
0.019833333333333335,0.010000000000000002,0.0058333333333333345,0.01733333333333333,0.0,0.0,0.0
0.023333333333333327,0.010000000000000009,0.012500000000000002,0.016333333333333335,0.0,0.0,0.0
0.02366666666666667,0.010000000000000009,0.008666666666666671,0.020833333333333332,0.0,0.0,0.0
0.020166666666666666,0.01,0.009000000000000003,0.01583333333333333,0.0,0.0,0.0
0.030166666666666668,0.010000000000000009,0.013833333333333335,0.022666666666666665,0.0,0.0,0.0
0.015000000000000001,0.010000000000000009,0.007000000000000002,0.011666666666666667,0.0,0.0,0.0
0.025166666666666664,0.010000000000000009,0.011000000000000001,0.018000000000000002,0.0,0.0,0.0
0.028833333333333332,0.010000000000000009,0.014666666666666668,0.021333333333333333,0.0,0.0,0.0
0.025333333333333333,0.010000000000000009,0.011166666666666668,0.018500000000000003,0.0,0.0,0.0
0.023833333333333335,0.010000000000000009,0.011166666666666668,0.018500000000000003,0.0,0.0,0.0
0.025166666666666664,0.01,0.0071666666666666675,0.021500000000000002,0.0,0.0,0.0
0.032999999999999995,0.010000000000000009,0.012833333333333337,0.02666666666666666,0.0,0.0,0.0
0.024166666666666663,0.010000000000000002,0.0125,0.016833333333333332,0.0,0.0,0.0
0.029500000000000002,0.010000000000000009,0.0115,0.02333333333333333,0.0,0.0,0.0
0.02983333333333333,0.010000000000000009,0.017000000000000005,0.0195,0.0,0.0,0.0
0.03833333333333333,0.010000000000000009,0.015333333333333332,0.027833333333333328,0.0,0.0,0.0
0.035,0.010000000000000009,0.013500000000000003,0.028833333333333336,0.0,0.0,0.0
0.01633333333333333,0.009999999999999998,0.009500000000000001,0.011000000000000001,0.0,0.0,0.0
0.024166666666666666,0.010000000000000009,0.0145,0.01616666666666667,0.0,0.0,0.0
0.022666666666666665,0.01,0.011333333333333336,0.016833333333333332,0.0,0.0,0.0
0.02583333333333333,0.01,0.008,0.022,0.0,0.0,0.0
0.021500000000000002,0.009999999999999998,0.007833333333333336,0.019,0.0,0.0,0.0
0.029999999999999995,0.010000000000000009,0.008333333333333335,0.027499999999999993,0.0,0.0,0.0
0.03066666666666667,0.010000000000000005,0.012833333333333334,0.024000000000000004,0.0,0.0,0.0
0.027000000000000003,0.010000000000000009,0.014666666666666668,0.019500000000000003,0.0,0.0,0.0
0.020500000000000004,0.01,0.0075000000000000015,0.01566666666666667,0.0,0.0,0.0
0.02433333333333333,0.010000000000000005,0.013000000000000001,0.0165,0.0,0.0,0.0
0.022500000000000003,0.010000000000000009,0.011000000000000003,0.01616666666666667,0.0,0.0,0.0
0.016666666666666666,0.010000000000000009,0.007833333333333333,0.011833333333333336,0.0,0.0,0.0
0.026500000000000003,0.01,0.01,0.021,0.0,0.0,0.0
0.033,0.010000000000000009,0.012333333333333335,0.026500000000000003,0.0,0.0,0.0
0.024000000000000004,0.010000000000000009,0.012666666666666666,0.016666666666666666,0.0,0.0,0.0
0.016166666666666666,0.009999999999999998,0.003000000000000001,0.014833333333333334,0.0,0.0,0.0
0.027333333333333328,0.010000000000000009,0.010166666666666668,0.023,0.0,0.0,0.0
0.026833333333333327,0.010000000000000009,0.00766666666666667,0.023999999999999997,0.0,0.0,0.0
0.029666666666666668,0.010000000000000009,0.010166666666666668,0.0245,0.0,0.0,0.0
0.018666666666666665,0.01,0.005833333333333332,0.015166666666666667,0.0,0.0,0.0
0.0245,0.010000000000000005,0.011833333333333336,0.018833333333333334,0.0,0.0,0.0
0.024666666666666663,0.010000000000000005,0.010500000000000002,0.02016666666666667,0.0,0.0,0.0
0.023333333333333334,0.010000000000000002,0.009833333333333335,0.017833333333333333,0.0,0.0,0.0
0.0255,0.010000000000000009,0.010166666666666664,0.01933333333333333,0.0,0.0,0.0
0.018833333333333334,0.009999999999999998,0.008166666666666668,0.015000000000000003,0.0,0.0,0.0
0.019166666666666665,0.01,0.0051666666666666675,0.015499999999999998,0.0,0.0,0.0
0.021333333333333333,0.010000000000000002,0.008000000000000002,0.018833333333333334,0.0,0.0,0.0
0.029833333333333326,0.010000000000000009,0.016166666666666666,0.021000000000000005,0.0,0.0,0.0
0.03216666666666666,0.010000000000000009,0.01583333333333333,0.021333333333333336,0.0,0.0,0.0
0.026166666666666668,0.010000000000000009,0.0071666666666666675,0.023,0.0,0.0,0.0
0.029666666666666664,0.010000000000000009,0.013166666666666667,0.022166666666666664,0.0,0.0,0.0
0.02416666666666667,0.01,0.006500000000000004,0.02233333333333333,0.0,0.0,0.0
0.019166666666666665,0.009999999999999998,0.008166666666666668,0.015499999999999998,0.0,0.0,0.0
0.024333333333333332,0.010000000000000009,0.005666666666666669,0.021500000000000002,0.0,0.0,0.0
0.025000000000000005,0.01,0.011500000000000003,0.019500000000000003,0.0,0.0,0.0
0.02783333333333333,0.01,0.017333333333333333,0.01566666666666667,0.0,0.0,0.0
0.025166666666666667,0.010000000000000009,0.009999999999999998,0.01966666666666667,0.0,0.0,0.0
0.025,0.010000000000000005,0.012500000000000002,0.017833333333333333,0.0,0.0,0.0
0.021333333333333333,0.010000000000000002,0.008500000000000004,0.0165,0.0,0.0,0.0
0.02583333333333333,0.01,0.008333333333333335,0.022500000000000003,0.0,0.0,0.0
0.02816666666666667,0.010000000000000009,0.012500000000000004,0.02383333333333333,0.0,0.0,0.0
0.022666666666666672,0.010000000000000002,0.009500000000000003,0.018333333333333337,0.0,0.0,0.0
0.0235,0.009999999999999998,0.0105,0.017,0.0,0.0,0.0
0.01966666666666667,0.010000000000000009,0.011166666666666668,0.015000000000000006,0.0,0.0,0.0
0.02933333333333333,0.010000000000000009,0.013166666666666669,0.021666666666666664,0.0,0.0,0.0
0.025166666666666664,0.010000000000000005,0.006000000000000003,0.022666666666666665,0.0,0.0,0.0
0.02666666666666667,0.010000000000000009,0.0115,0.0195,0.0,0.0,0.0
0.012333333333333335,0.01,0.004333333333333333,0.009666666666666667,0.0,0.0,0.0
0.015166666666666669,0.01,0.010666666666666668,0.009166666666666672,0.0,0.0,0.0
0.022833333333333334,0.010000000000000009,0.007000000000000004,0.019833333333333335,0.0,0.0,0.0
0.022500000000000006,0.010000000000000009,0.012333333333333337,0.01616666666666667,0.0,0.0,0.0
0.027666666666666666,0.010000000000000009,0.011500000000000002,0.021833333333333333,0.0,0.0,0.0
0.03283333333333333,0.010000000000000009,0.012333333333333337,0.02633333333333333,0.0,0.0,0.0
0.026333333333333334,0.009999999999999998,0.009000000000000001,0.020666666666666667,0.0,0.0,0.0
0.024333333333333332,0.010000000000000009,0.011833333333333333,0.017,0.0,0.0,0.0
0.02900000000000001,0.010000000000000009,0.013833333333333338,0.022333333333333334,0.0,0.0,0.0
0.02333333333333333,0.010000000000000009,0.01316666666666667,0.016833333333333332,0.0,0.0,0.0
0.019000000000000003,0.010000000000000002,0.010333333333333333,0.013000000000000003,0.0,0.0,0.0
0.023500000000000004,0.010000000000000005,0.014666666666666668,0.016000000000000004,0.0,0.0,0.0
0.022,0.010000000000000005,0.010500000000000002,0.017333333333333333,0.0,0.0,0.0
0.024666666666666667,0.01,0.012333333333333333,0.017500000000000005,0.0,0.0,0.0
0.02,0.010000000000000009,0.011833333333333336,0.013666666666666667,0.0,0.0,0.0
0.017,0.01,0.0051666666666666675,0.013999999999999997,0.0,0.0,0.0
0.0145,0.01,0.005500000000000003,0.013333333333333334,0.0,0.0,0.0
0.02466666666666667,0.010000000000000002,0.015833333333333335,0.01516666666666667,0.0,0.0,0.0
0.015500000000000003,0.01,0.008500000000000002,0.011666666666666669,0.0,0.0,0.0
0.02466666666666667,0.010000000000000009,0.009000000000000001,0.019333333333333334,0.0,0.0,0.0
0.025666666666666667,0.010000000000000009,0.016,0.01666666666666667,0.0,0.0,0.0
0.02716666666666667,0.010000000000000009,0.011000000000000001,0.020833333333333332,0.0,0.0,0.0
0.020833333333333332,0.010000000000000009,0.009166666666666672,0.017666666666666667,0.0,0.0,0.0
0.0185,0.010000000000000009,0.008000000000000002,0.015833333333333335,0.0,0.0,0.0
0.01633333333333333,0.010000000000000002,0.009166666666666665,0.010166666666666666,0.0,0.0,0.0
0.025,0.01,0.009000000000000003,0.020000000000000004,0.0,0.0,0.0
0.019166666666666672,0.010000000000000005,0.004666666666666669,0.017500000000000005,0.0,0.0,0.0
0.03633333333333333,0.010000000000000005,0.009166666666666667,0.031166666666666662,0.0,0.0,0.0
0.01916666666666667,0.010000000000000009,0.007333333333333334,0.016333333333333335,0.0,0.0,0.0
0.023333333333333334,0.01,0.009000000000000001,0.018333333333333333,0.0,0.0,0.0
0.028666666666666667,0.010000000000000005,0.009500000000000003,0.025166666666666664,0.0,0.0,0.0
0.01883333333333333,0.010000000000000009,0.005166666666666669,0.017166666666666667,0.0,0.0,0.0
0.019000000000000003,0.010000000000000009,0.007000000000000001,0.015500000000000003,0.0,0.0,0.0
0.020833333333333332,0.01,0.006166666666666667,0.018,0.0,0.0,0.0
0.03266666666666667,0.010000000000000009,0.017166666666666667,0.022833333333333337,0.0,0.0,0.0
0.028666666666666667,0.010000000000000009,0.012333333333333332,0.020666666666666667,0.0,0.0,0.0
0.025,0.010000000000000005,0.011333333333333334,0.018833333333333334,0.0,0.0,0.0
0.015833333333333335,0.009999999999999998,0.008833333333333337,0.012666666666666668,0.0,0.0,0.0
0.0185,0.01,0.010833333333333335,0.01416666666666667,0.0,0.0,0.0
0.031666666666666655,0.010000000000000009,0.01216666666666667,0.026000000000000002,0.0,0.0,0.0
0.029333333333333333,0.010000000000000009,0.007666666666666669,0.027666666666666666,0.0,0.0,0.0
0.02733333333333333,0.010000000000000002,0.007833333333333335,0.023500000000000004,0.0,0.0,0.0
0.01933333333333333,0.01,0.0085,0.014333333333333335,0.0,0.0,0.0
0.0235,0.010000000000000005,0.011000000000000003,0.01883333333333333,0.0,0.0,0.0
0.01716666666666667,0.010000000000000005,0.006666666666666669,0.01566666666666667,0.0,0.0,0.0
0.02933333333333333,0.010000000000000002,0.006333333333333334,0.027166666666666662,0.0,0.0,0.0
0.039,0.015000000000000003,0.012,0.03183333333333334,0.0,0.0,0.0
0.02666666666666667,0.009999999999999998,0.010333333333333335,0.021333333333333333,0.0,0.0,0.0
0.01633333333333333,0.01,0.007833333333333335,0.012833333333333334,0.0,0.0,0.0
0.03549999999999998,0.010000000000000009,0.020500000000000004,0.025500000000000005,0.0,0.0,0.0
0.016000000000000004,0.010000000000000009,0.011166666666666668,0.010166666666666668,0.0,0.0,0.0
0.030999999999999993,0.010000000000000009,0.012,0.02466666666666667,0.0,0.0,0.0
0.028500000000000004,0.010000000000000009,0.01583333333333333,0.018166666666666668,0.0,0.0,0.0
0.019500000000000003,0.010000000000000009,0.008500000000000002,0.015500000000000003,0.0,0.0,0.0
0.03566666666666665,0.010000000000000009,0.010833333333333335,0.031833333333333325,0.0,0.0,0.0
0.019166666666666665,0.01,0.006500000000000005,0.018333333333333333,0.0,0.0,0.0
0.022166666666666664,0.01,0.008166666666666668,0.01933333333333333,0.0,0.0,0.0
0.018333333333333333,0.01,0.0063333333333333375,0.016,0.0,0.0,0.0
0.027,0.010000000000000009,0.015666666666666666,0.016000000000000007,0.0,0.0,0.0
0.026833333333333338,0.010000000000000009,0.013500000000000002,0.018500000000000003,0.0,0.0,0.0
0.0255,0.01,0.010333333333333335,0.021333333333333333,0.0,0.0,0.0
0.01616666666666667,0.01,0.00466666666666667,0.014166666666666666,0.0,0.0,0.0
0.015000000000000005,0.009999999999999998,0.007000000000000004,0.013166666666666669,0.0,0.0,0.0
0.01983333333333333,0.01,0.006166666666666668,0.016833333333333332,0.0,0.0,0.0
0.024,0.01,0.014333333333333332,0.015000000000000003,0.0,0.0,0.0
0.02433333333333333,0.010000000000000005,0.010000000000000002,0.018666666666666665,0.0,0.0,0.0
0.022500000000000003,0.01,0.0068333333333333345,0.019166666666666665,0.0,0.0,0.0
0.03183333333333333,0.010000000000000009,0.015000000000000001,0.022666666666666665,0.0,0.0,0.0
0.02716666666666666,0.01,0.01,0.020999999999999998,0.0,0.0,0.0
0.023500000000000004,0.010000000000000009,0.009500000000000001,0.018500000000000003,0.0,0.0,0.0
0.027500000000000004,0.01,0.013666666666666667,0.020666666666666667,0.0,0.0,0.0
0.019333333333333327,0.01,0.007000000000000003,0.01583333333333333,0.0,0.0,0.0
0.02383333333333333,0.010000000000000009,0.011333333333333336,0.017333333333333336,0.0,0.0,0.0
0.029833333333333333,0.010000000000000009,0.01616666666666667,0.020500000000000004,0.0,0.0,0.0
0.024666666666666667,0.010000000000000009,0.01566666666666667,0.014833333333333336,0.0,0.0,0.0
0.013000000000000003,0.01,0.007166666666666669,0.010000000000000002,0.0,0.0,0.0
0.03333333333333333,0.010000000000000009,0.01,0.028000000000000004,0.0,0.0,0.0
0.021833333333333333,0.01,0.012333333333333335,0.015333333333333336,0.0,0.0,0.0
0.020666666666666663,0.009999999999999998,0.011833333333333333,0.013333333333333334,0.0,0.0,0.0
0.029500000000000002,0.010000000000000009,0.013000000000000001,0.021166666666666667,0.0,0.0,0.0
0.02783333333333333,0.010000000000000009,0.011666666666666669,0.021666666666666667,0.0,0.0,0.0
0.02933333333333333,0.010000000000000009,0.009500000000000003,0.02483333333333333,0.0,0.0,0.0
0.011333333333333336,0.009999999999999998,0.005166666666666669,0.010000000000000002,0.0,0.0,0.0
0.018666666666666668,0.01,0.010333333333333335,0.01266666666666667,0.0,0.0,0.0
0.02683333333333333,0.010000000000000002,0.009666666666666664,0.021166666666666663,0.0,0.0,0.0
0.018166666666666668,0.010000000000000005,0.008166666666666671,0.015000000000000003,0.0,0.0,0.0
0.01966666666666667,0.010000000000000002,0.007000000000000001,0.015833333333333335,0.0,0.0,0.0
0.027166666666666665,0.010000000000000002,0.007000000000000003,0.024166666666666666,0.0,0.0,0.0
0.022833333333333337,0.010000000000000005,0.007166666666666671,0.021000000000000005,0.0,0.0,0.0
0.01733333333333333,0.010000000000000005,0.008333333333333333,0.0125,0.0,0.0,0.0
0.015499999999999998,0.009999999999999998,0.005666666666666668,0.012333333333333333,0.0,0.0,0.0
0.0275,0.010000000000000005,0.013166666666666667,0.01966666666666667,0.0,0.0,0.0
0.03633333333333333,0.01,0.017,0.026166666666666668,0.0,0.0,0.0
0.018500000000000003,0.01,0.0076666666666666715,0.015833333333333335,0.0,0.0,0.0
0.0165,0.01,0.006833333333333335,0.012833333333333334,0.0,0.0,0.0
0.025500000000000002,0.010000000000000009,0.010000000000000002,0.020166666666666666,0.0,0.0,0.0
0.01983333333333333,0.01,0.004666666666666667,0.018000000000000002,0.0,0.0,0.0
0.020833333333333332,0.01,0.010833333333333334,0.014833333333333336,0.0,0.0,0.0
0.029,0.010000000000000009,0.008333333333333337,0.025500000000000002,0.0,0.0,0.0
0.026500000000000003,0.01,0.010666666666666668,0.02116666666666667,0.0,0.0,0.0
0.02266666666666667,0.01,0.006666666666666669,0.0195,0.0,0.0,0.0
0.024666666666666667,0.010000000000000009,0.016,0.016000000000000004,0.0,0.0,0.0
0.025333333333333333,0.010000000000000002,0.011333333333333334,0.018333333333333337,0.0,0.0,0.0
0.01833333333333333,0.009999999999999998,0.006,0.0145,0.0,0.0,0.0
0.027666666666666666,0.010000000000000002,0.010166666666666668,0.021333333333333333,0.0,0.0,0.0
0.02416666666666667,0.010000000000000009,0.010333333333333335,0.018666666666666668,0.0,0.0,0.0
0.017666666666666667,0.01,0.007500000000000002,0.014000000000000002,0.0,0.0,0.0
0.021333333333333336,0.010000000000000002,0.009666666666666667,0.01716666666666667,0.0,0.0,0.0
0.024833333333333336,0.010000000000000002,0.009500000000000001,0.019333333333333334,0.0,0.0,0.0
0.03283333333333333,0.010000000000000009,0.0125,0.026333333333333334,0.0,0.0,0.0
0.028000000000000004,0.01,0.013166666666666669,0.02066666666666667,0.0,0.0,0.0
0.013333333333333338,0.010000000000000002,0.010166666666666673,0.008500000000000004,0.0,0.0,0.0
0.026500000000000003,0.010000000000000009,0.018000000000000006,0.018333333333333333,0.0,0.0,0.0
0.027333333333333334,0.010000000000000009,0.010833333333333334,0.020333333333333335,0.0,0.0,0.0
0.02283333333333333,0.01,0.010000000000000002,0.0175,0.0,0.0,0.0
0.028666666666666663,0.010000000000000005,0.009833333333333335,0.023499999999999997,0.0,0.0,0.0
0.022000000000000002,0.010000000000000009,0.006666666666666669,0.01916666666666667,0.0,0.0,0.0
0.022333333333333334,0.010000000000000002,0.011000000000000003,0.018166666666666668,0.0,0.0,0.0
0.028000000000000004,0.01,0.009333333333333336,0.023000000000000003,0.0,0.0,0.0
0.024166666666666663,0.009999999999999998,0.007833333333333335,0.020166666666666666,0.0,0.0,0.0
0.033999999999999996,0.010000000000000009,0.014333333333333335,0.027,0.0,0.0,0.0
0.022500000000000003,0.010000000000000005,0.008166666666666668,0.01933333333333333,0.0,0.0,0.0
0.0285,0.010000000000000009,0.013000000000000003,0.021333333333333336,0.0,0.0,0.0
0.022500000000000006,0.010000000000000005,0.007333333333333337,0.020833333333333336,0.0,0.0,0.0
0.024500000000000004,0.010000000000000005,0.01416666666666667,0.016000000000000004,0.0,0.0,0.0
0.011833333333333336,0.01,0.005333333333333337,0.010000000000000002,0.0,0.0,0.0
0.01916666666666667,0.009999999999999998,0.010666666666666668,0.01366666666666667,0.0,0.0,0.0
0.035166666666666666,0.010000000000000009,0.014333333333333337,0.0265,0.0,0.0,0.0
0.02733333333333333,0.009999999999999998,0.010500000000000002,0.022,0.0,0.0,0.0
0.024666666666666667,0.010000000000000009,0.008000000000000002,0.020666666666666667,0.0,0.0,0.0
0.026166666666666664,0.010000000000000002,0.006833333333333336,0.02333333333333333,0.0,0.0,0.0
0.022500000000000006,0.01,0.013000000000000005,0.015500000000000007,0.0,0.0,0.0
0.017166666666666667,0.010000000000000002,0.010500000000000002,0.011000000000000003,0.0,0.0,0.0
0.030999999999999996,0.010000000000000005,0.014333333333333335,0.022166666666666668,0.0,0.0,0.0
0.025166666666666664,0.01,0.012666666666666666,0.017833333333333333,0.0,0.0,0.0
0.022500000000000003,0.010000000000000009,0.00766666666666667,0.019000000000000003,0.0,0.0,0.0
0.024166666666666666,0.010000000000000009,0.012666666666666666,0.015833333333333335,0.0,0.0,0.0
0.0175,0.010000000000000009,0.006666666666666667,0.013500000000000002,0.0,0.0,0.0
0.02116666666666667,0.01,0.0075000000000000015,0.016833333333333332,0.0,0.0,0.0
0.021666666666666667,0.010000000000000002,0.006833333333333336,0.019500000000000003,0.0,0.0,0.0
0.025666666666666664,0.010000000000000005,0.010666666666666666,0.019833333333333335,0.0,0.0,0.0
0.03433333333333333,0.010000000000000009,0.01716666666666667,0.024000000000000007,0.0,0.0,0.0
0.02,0.010000000000000009,0.009500000000000003,0.01616666666666667,0.0,0.0,0.0
0.018166666666666668,0.009999999999999998,0.006000000000000003,0.015666666666666666,0.0,0.0,0.0
0.02899999999999999,0.01,0.013833333333333335,0.02133333333333333,0.0,0.0,0.0
0.023833333333333328,0.010000000000000009,0.012833333333333335,0.016666666666666666,0.0,0.0,0.0
0.030166666666666665,0.010000000000000009,0.01066666666666667,0.026166666666666668,0.0,0.0,0.0
0.020500000000000004,0.010000000000000009,0.013500000000000003,0.012833333333333337,0.0,0.0,0.0
0.016833333333333332,0.010000000000000009,0.0075000000000000015,0.013500000000000003,0.0,0.0,0.0
0.030999999999999996,0.010000000000000009,0.010166666666666673,0.027000000000000003,0.0,0.0,0.0
0.019166666666666665,0.010000000000000009,0.007833333333333336,0.016666666666666666,0.0,0.0,0.0
0.0215,0.010000000000000002,0.008333333333333335,0.018,0.0,0.0,0.0
0.030999999999999996,0.010000000000000009,0.007833333333333336,0.02783333333333333,0.0,0.0,0.0
0.015333333333333336,0.01,0.005166666666666669,0.013666666666666667,0.0,0.0,0.0
0.023500000000000007,0.01,0.008166666666666671,0.021,0.0,0.0,0.0
0.02883333333333333,0.010000000000000005,0.0125,0.022333333333333334,0.0,0.0,0.0
0.022833333333333334,0.010000000000000009,0.008000000000000002,0.019333333333333334,0.0,0.0,0.0
0.025,0.010000000000000005,0.010500000000000002,0.018666666666666668,0.0,0.0,0.0
0.0185,0.01,0.004833333333333334,0.01633333333333333,0.0,0.0,0.0
0.031000000000000003,0.010000000000000009,0.007666666666666668,0.028,0.0,0.0,0.0
0.021333333333333333,0.01,0.011166666666666668,0.015666666666666666,0.0,0.0,0.0
0.02183333333333333,0.010000000000000002,0.011000000000000003,0.015000000000000003,0.0,0.0,0.0
0.027,0.01,0.009666666666666665,0.020666666666666667,0.0,0.0,0.0
0.02716666666666667,0.010000000000000009,0.012166666666666666,0.020833333333333336,0.0,0.0,0.0
0.025500000000000002,0.010000000000000009,0.012,0.019166666666666665,0.0,0.0,0.0
0.016833333333333332,0.01,0.007166666666666669,0.014166666666666668,0.0,0.0,0.0
0.025666666666666664,0.010000000000000009,0.013500000000000002,0.017833333333333333,0.0,0.0,0.0
0.02033333333333333,0.010000000000000002,0.007000000000000002,0.01583333333333333,0.0,0.0,0.0
0.03583333333333332,0.010000000000000009,0.0175,0.02666666666666666,0.0,0.0,0.0
0.026,0.01,0.011833333333333333,0.0195,0.0,0.0,0.0
0.017,0.01,0.005666666666666669,0.014,0.0,0.0,0.0
0.026333333333333334,0.010000000000000009,0.010166666666666666,0.021166666666666667,0.0,0.0,0.0
0.025333333333333333,0.010000000000000009,0.009666666666666667,0.020000000000000004,0.0,0.0,0.0
0.01483333333333333,0.009999999999999998,0.005166666666666666,0.011833333333333333,0.0,0.0,0.0
0.026,0.010000000000000009,0.016,0.015833333333333338,0.0,0.0,0.0
0.027,0.010000000000000009,0.014833333333333336,0.021333333333333336,0.0,0.0,0.0
0.017166666666666667,0.010000000000000009,0.006833333333333335,0.015000000000000001,0.0,0.0,0.0
0.020833333333333332,0.009999999999999998,0.009833333333333335,0.014166666666666666,0.0,0.0,0.0
0.028166666666666663,0.010000000000000009,0.010333333333333337,0.024666666666666663,0.0,0.0,0.0
0.02416666666666667,0.01,0.012666666666666668,0.017833333333333336,0.0,0.0,0.0
0.028499999999999994,0.01,0.014,0.020666666666666667,0.0,0.0,0.0
0.030999999999999996,0.010000000000000009,0.01916666666666667,0.020166666666666666,0.0,0.0,0.0
0.021333333333333333,0.010000000000000009,0.010833333333333337,0.016166666666666666,0.0,0.0,0.0
0.018166666666666668,0.010000000000000002,0.0056666666666666705,0.0165,0.0,0.0,0.0
0.021500000000000002,0.010000000000000009,0.005166666666666669,0.01983333333333333,0.0,0.0,0.0
0.026166666666666668,0.01,0.006500000000000001,0.023666666666666662,0.0,0.0,0.0
0.018166666666666668,0.010000000000000009,0.006833333333333335,0.015499999999999998,0.0,0.0,0.0
0.022833333333333334,0.010000000000000009,0.0085,0.019166666666666665,0.0,0.0,0.0
0.019333333333333334,0.010000000000000005,0.012833333333333334,0.012000000000000004,0.0,0.0,0.0
0.02583333333333333,0.010000000000000005,0.010166666666666668,0.020833333333333332,0.0,0.0,0.0
0.014000000000000002,0.009999999999999998,0.006666666666666669,0.009833333333333335,0.0,0.0,0.0
0.020833333333333336,0.010000000000000009,0.010166666666666668,0.01566666666666667,0.0,0.0,0.0
0.026000000000000002,0.010000000000000009,0.01383333333333334,0.020833333333333336,0.0,0.0,0.0
0.027166666666666665,0.01,0.008666666666666668,0.022166666666666668,0.0,0.0,0.0
0.024333333333333335,0.010000000000000002,0.009166666666666668,0.020333333333333335,0.0,0.0,0.0
0.02483333333333333,0.010000000000000005,0.0085,0.021666666666666664,0.0,0.0,0.0
0.0225,0.010000000000000005,0.010333333333333333,0.017666666666666664,0.0,0.0,0.0
0.0265,0.010000000000000009,0.009666666666666667,0.021166666666666667,0.0,0.0,0.0
0.023,0.010000000000000009,0.010000000000000002,0.017333333333333333,0.0,0.0,0.0
0.025333333333333333,0.010000000000000009,0.007500000000000001,0.021666666666666667,0.0,0.0,0.0
0.025500000000000005,0.010000000000000009,0.012166666666666666,0.017500000000000005,0.0,0.0,0.0
0.02283333333333333,0.010000000000000005,0.008666666666666671,0.020666666666666663,0.0,0.0,0.0
0.021333333333333333,0.010000000000000009,0.012666666666666668,0.015333333333333336,0.0,0.0,0.0
0.02366666666666667,0.010000000000000002,0.008500000000000002,0.01883333333333333,0.0,0.0,0.0
0.02083333333333333,0.009999999999999998,0.008333333333333335,0.01633333333333333,0.0,0.0,0.0
0.0285,0.01,0.008666666666666666,0.02366666666666667,0.0,0.0,0.0
0.028500000000000004,0.010000000000000009,0.01883333333333333,0.016000000000000004,0.0,0.0,0.0
0.035666666666666666,0.010000000000000009,0.012500000000000002,0.029500000000000002,0.0,0.0,0.0
0.0315,0.010000000000000009,0.006333333333333334,0.02833333333333333,0.0,0.0,0.0
0.02,0.010000000000000002,0.006833333333333335,0.01783333333333333,0.0,0.0,0.0
0.026166666666666668,0.010000000000000009,0.007833333333333335,0.022833333333333334,0.0,0.0,0.0
0.023333333333333334,0.010000000000000009,0.009166666666666668,0.019833333333333335,0.0,0.0,0.0
0.026166666666666668,0.01,0.0085,0.021000000000000005,0.0,0.0,0.0
0.015500000000000003,0.009999999999999998,0.005833333333333335,0.013000000000000001,0.0,0.0,0.0
0.024499999999999997,0.010000000000000009,0.013000000000000001,0.015833333333333335,0.0,0.0,0.0
0.02066666666666667,0.010000000000000009,0.009666666666666669,0.016833333333333332,0.0,0.0,0.0
0.022666666666666665,0.010000000000000005,0.013000000000000003,0.015833333333333335,0.0,0.0,0.0
0.020166666666666666,0.01,0.012,0.01266666666666667,0.0,0.0,0.0
0.020500000000000004,0.010000000000000009,0.009166666666666672,0.01716666666666667,0.0,0.0,0.0
0.0215,0.010000000000000009,0.010833333333333335,0.015833333333333335,0.0,0.0,0.0
0.025833333333333337,0.010000000000000005,0.010333333333333335,0.02216666666666667,0.0,0.0,0.0
0.022333333333333334,0.01,0.013000000000000003,0.013500000000000005,0.0,0.0,0.0
0.021166666666666667,0.010000000000000009,0.013000000000000001,0.013333333333333338,0.0,0.0,0.0
0.03533333333333333,0.010000000000000009,0.017333333333333333,0.025000000000000005,0.0,0.0,0.0
0.022166666666666664,0.009999999999999998,0.009166666666666667,0.016833333333333332,0.0,0.0,0.0
0.029833333333333333,0.010000000000000009,0.011500000000000003,0.024833333333333336,0.0,0.0,0.0
0.0235,0.010000000000000009,0.013833333333333335,0.01616666666666667,0.0,0.0,0.0
0.023333333333333327,0.01,0.010166666666666666,0.0175,0.0,0.0,0.0
0.01616666666666667,0.010000000000000002,0.007833333333333336,0.014500000000000002,0.0,0.0,0.0
0.018666666666666668,0.009999999999999998,0.013166666666666667,0.012000000000000004,0.0,0.0,0.0
0.014666666666666666,0.01,0.008166666666666668,0.011166666666666667,0.0,0.0,0.0
0.0195,0.009999999999999998,0.006333333333333333,0.01583333333333333,0.0,0.0,0.0
0.01783333333333333,0.010000000000000005,0.006333333333333335,0.015333333333333332,0.0,0.0,0.0
0.018000000000000002,0.010000000000000002,0.007333333333333337,0.016333333333333335,0.0,0.0,0.0
0.02,0.009999999999999998,0.006500000000000001,0.0165,0.0,0.0,0.0
0.02266666666666667,0.01,0.009166666666666667,0.018333333333333333,0.0,0.0,0.0
0.028,0.010000000000000005,0.009500000000000001,0.022166666666666668,0.0,0.0,0.0
0.02183333333333333,0.01,0.006833333333333332,0.018000000000000002,0.0,0.0,0.0
0.0185,0.010000000000000009,0.008333333333333337,0.015833333333333335,0.0,0.0,0.0
0.01816666666666667,0.01,0.010833333333333335,0.013500000000000005,0.0,0.0,0.0
0.0175,0.01,0.008500000000000002,0.013833333333333335,0.0,0.0,0.0
0.028166666666666666,0.01,0.009333333333333334,0.02366666666666667,0.0,0.0,0.0
0.019166666666666665,0.01,0.010500000000000002,0.013166666666666669,0.0,0.0,0.0
0.028666666666666663,0.01,0.014500000000000002,0.01983333333333333,0.0,0.0,0.0
0.02583333333333333,0.010000000000000002,0.007833333333333335,0.02133333333333333,0.0,0.0,0.0
0.029333333333333333,0.010000000000000009,0.014166666666666668,0.022833333333333334,0.0,0.0,0.0
0.021,0.010000000000000002,0.011333333333333336,0.0145,0.0,0.0,0.0
0.0315,0.010000000000000009,0.009000000000000001,0.027500000000000004,0.0,0.0,0.0
0.026333333333333334,0.010000000000000009,0.014333333333333333,0.018333333333333337,0.0,0.0,0.0
0.022000000000000002,0.01,0.012000000000000002,0.01566666666666667,0.0,0.0,0.0
0.020000000000000004,0.010000000000000009,0.01216666666666667,0.014500000000000002,0.0,0.0,0.0
0.018166666666666668,0.010000000000000009,0.009166666666666668,0.015166666666666669,0.0,0.0,0.0
0.023500000000000004,0.010000000000000009,0.013000000000000005,0.018333333333333333,0.0,0.0,0.0
0.026,0.01,0.013666666666666666,0.018333333333333333,0.0,0.0,0.0
0.019833333333333335,0.010000000000000002,0.009166666666666667,0.015166666666666669,0.0,0.0,0.0
0.023833333333333335,0.010000000000000005,0.008000000000000004,0.02066666666666667,0.0,0.0,0.0
0.02233333333333333,0.01,0.007333333333333335,0.019666666666666666,0.0,0.0,0.0
0.017833333333333333,0.009999999999999998,0.008833333333333335,0.013666666666666667,0.0,0.0,0.0
0.030999999999999993,0.010000000000000009,0.011833333333333336,0.023666666666666666,0.0,0.0,0.0
0.02166666666666666,0.010000000000000002,0.011000000000000001,0.015166666666666665,0.0,0.0,0.0
0.026999999999999993,0.01,0.012666666666666666,0.01883333333333333,0.0,0.0,0.0
0.023333333333333324,0.010000000000000002,0.004166666666666668,0.022666666666666665,0.0,0.0,0.0
0.020833333333333332,0.010000000000000005,0.011000000000000001,0.014666666666666668,0.0,0.0,0.0
0.02716666666666667,0.01,0.01566666666666667,0.017333333333333333,0.0,0.0,0.0
0.01633333333333333,0.01,0.009166666666666667,0.011833333333333336,0.0,0.0,0.0
0.025500000000000005,0.010000000000000009,0.008833333333333334,0.02116666666666667,0.0,0.0,0.0
0.016833333333333332,0.01,0.009333333333333336,0.014166666666666668,0.0,0.0,0.0
0.014666666666666666,0.01,0.006333333333333333,0.011166666666666668,0.0,0.0,0.0
0.016833333333333332,0.01,0.008500000000000002,0.013333333333333338,0.0,0.0,0.0
0.0135,0.009999999999999998,0.004666666666666669,0.012166666666666664,0.0,0.0,0.0
0.030999999999999996,0.010000000000000009,0.015333333333333336,0.022166666666666668,0.0,0.0,0.0
0.01983333333333333,0.010000000000000005,0.010333333333333333,0.013500000000000002,0.0,0.0,0.0
0.025666666666666664,0.010000000000000009,0.004500000000000002,0.02433333333333333,0.0,0.0,0.0
0.029833333333333333,0.010000000000000009,0.010000000000000002,0.025500000000000002,0.0,0.0,0.0
0.023666666666666666,0.009999999999999998,0.008833333333333335,0.02,0.0,0.0,0.0
0.029666666666666664,0.010000000000000005,0.016666666666666666,0.019500000000000003,0.0,0.0,0.0
0.017499999999999998,0.01,0.008,0.013166666666666667,0.0,0.0,0.0
0.02133333333333333,0.01,0.010166666666666666,0.01566666666666667,0.0,0.0,0.0
0.019333333333333334,0.010000000000000009,0.008833333333333334,0.015500000000000003,0.0,0.0,0.0
0.024333333333333332,0.010000000000000009,0.008666666666666668,0.021666666666666667,0.0,0.0,0.0
0.021500000000000002,0.010000000000000005,0.006666666666666669,0.019166666666666665,0.0,0.0,0.0
0.026333333333333334,0.010000000000000005,0.013000000000000001,0.018166666666666664,0.0,0.0,0.0
0.020500000000000004,0.010000000000000009,0.01216666666666667,0.014166666666666671,0.0,0.0,0.0
0.025,0.01,0.004500000000000002,0.023333333333333334,0.0,0.0,0.0
0.02283333333333333,0.01,0.005666666666666666,0.01966666666666667,0.0,0.0,0.0
0.023833333333333335,0.01,0.013666666666666669,0.016500000000000004,0.0,0.0,0.0
0.02266666666666667,0.010000000000000009,0.007000000000000003,0.01983333333333333,0.0,0.0,0.0
0.0245,0.010000000000000009,0.014500000000000002,0.016666666666666666,0.0,0.0,0.0
0.021833333333333333,0.010000000000000009,0.009333333333333336,0.0175,0.0,0.0,0.0
0.02066666666666667,0.009999999999999998,0.006000000000000002,0.0175,0.0,0.0,0.0
0.025166666666666664,0.009999999999999998,0.006000000000000003,0.02283333333333333,0.0,0.0,0.0
0.025833333333333337,0.010000000000000009,0.009333333333333336,0.023000000000000003,0.0,0.0,0.0
0.023,0.010000000000000002,0.011000000000000003,0.017666666666666667,0.0,0.0,0.0
0.027833333333333328,0.01,0.010666666666666668,0.023000000000000003,0.0,0.0,0.0
0.014666666666666668,0.01,0.008833333333333334,0.009333333333333336,0.0,0.0,0.0
0.024166666666666666,0.010000000000000005,0.008666666666666671,0.021666666666666667,0.0,0.0,0.0
0.023666666666666666,0.01,0.008166666666666668,0.01983333333333333,0.0,0.0,0.0
0.01966666666666667,0.01,0.008166666666666668,0.015833333333333335,0.0,0.0,0.0
0.030166666666666668,0.010000000000000009,0.010833333333333337,0.026,0.0,0.0,0.0
0.021000000000000005,0.01,0.008333333333333337,0.018500000000000006,0.0,0.0,0.0
0.0235,0.010000000000000009,0.010666666666666666,0.0165,0.0,0.0,0.0
0.017000000000000005,0.01,0.007333333333333336,0.013333333333333336,0.0,0.0,0.0
0.023000000000000003,0.01,0.013333333333333338,0.01616666666666667,0.0,0.0,0.0
0.03033333333333333,0.010000000000000009,0.014833333333333336,0.021500000000000002,0.0,0.0,0.0
0.020833333333333332,0.010000000000000002,0.008166666666666668,0.017833333333333333,0.0,0.0,0.0
0.0235,0.01,0.011000000000000003,0.01883333333333333,0.0,0.0,0.0
0.018333333333333337,0.01,0.010833333333333335,0.012833333333333337,0.0,0.0,0.0
0.021,0.010000000000000002,0.009000000000000001,0.018000000000000002,0.0,0.0,0.0
0.02233333333333333,0.01,0.005666666666666668,0.019666666666666666,0.0,0.0,0.0
0.014833333333333336,0.009999999999999998,0.006333333333333336,0.012333333333333335,0.0,0.0,0.0
0.025,0.010000000000000002,0.008833333333333334,0.0205,0.0,0.0,0.0
0.023833333333333328,0.009999999999999998,0.005333333333333337,0.021666666666666664,0.0,0.0,0.0
0.01816666666666667,0.010000000000000009,0.011166666666666668,0.012833333333333337,0.0,0.0,0.0
0.028000000000000004,0.010000000000000009,0.012000000000000002,0.022000000000000006,0.0,0.0,0.0
0.02383333333333333,0.009999999999999998,0.006500000000000001,0.021166666666666663,0.0,0.0,0.0
0.025,0.010000000000000002,0.008333333333333337,0.02183333333333333,0.0,0.0,0.0
0.03133333333333333,0.010000000000000009,0.018166666666666668,0.0205,0.0,0.0,0.0
0.03133333333333333,0.010000000000000009,0.009166666666666672,0.027333333333333328,0.0,0.0,0.0
0.024333333333333332,0.010000000000000005,0.015833333333333335,0.014833333333333337,0.0,0.0,0.0
0.014999999999999998,0.009999999999999998,0.005666666666666667,0.013000000000000001,0.0,0.0,0.0
0.0195,0.010000000000000005,0.011166666666666668,0.014000000000000002,0.0,0.0,0.0
0.017833333333333333,0.009999999999999998,0.007333333333333334,0.014833333333333334,0.0,0.0,0.0
0.02883333333333333,0.010000000000000009,0.011166666666666667,0.02283333333333333,0.0,0.0,0.0
0.03499999999999998,0.010000000000000009,0.0185,0.023666666666666666,0.0,0.0,0.0
0.03216666666666666,0.010000000000000009,0.008666666666666666,0.02783333333333333,0.0,0.0,0.0
0.020666666666666667,0.01,0.006166666666666669,0.01883333333333333,0.0,0.0,0.0
0.01583333333333333,0.01,0.008333333333333333,0.011333333333333336,0.0,0.0,0.0
0.018500000000000003,0.010000000000000002,0.008833333333333334,0.013666666666666667,0.0,0.0,0.0
0.018833333333333334,0.010000000000000005,0.010000000000000002,0.013833333333333335,0.0,0.0,0.0
0.01966666666666667,0.010000000000000005,0.009666666666666669,0.015333333333333336,0.0,0.0,0.0
0.038499999999999986,0.010000000000000009,0.013833333333333335,0.030333333333333334,0.0,0.0,0.0
0.02983333333333333,0.010000000000000009,0.011500000000000003,0.02416666666666667,0.0,0.0,0.0
0.018166666666666668,0.01,0.007333333333333334,0.014000000000000002,0.0,0.0,0.0
0.019333333333333334,0.01,0.006166666666666668,0.017,0.0,0.0,0.0
0.023,0.010000000000000009,0.0135,0.015000000000000001,0.0,0.0,0.0
0.029833333333333333,0.010000000000000009,0.012833333333333334,0.02283333333333333,0.0,0.0,0.0
0.024833333333333332,0.01,0.009666666666666667,0.019333333333333334,0.0,0.0,0.0
0.03283333333333333,0.010000000000000009,0.015666666666666666,0.0235,0.0,0.0,0.0
0.020000000000000004,0.010000000000000009,0.008666666666666668,0.015500000000000002,0.0,0.0,0.0
0.016833333333333332,0.01,0.0061666666666666675,0.014166666666666664,0.0,0.0,0.0
0.022833333333333334,0.010000000000000009,0.010833333333333339,0.019333333333333334,0.0,0.0,0.0
0.026166666666666668,0.010000000000000009,0.011000000000000003,0.02016666666666667,0.0,0.0,0.0
0.025333333333333333,0.010000000000000005,0.008,0.020666666666666667,0.0,0.0,0.0
0.0225,0.010000000000000005,0.008666666666666666,0.017333333333333333,0.0,0.0,0.0
0.021666666666666667,0.01,0.004666666666666667,0.019333333333333334,0.0,0.0,0.0
0.026833333333333334,0.010000000000000002,0.011500000000000003,0.0215,0.0,0.0,0.0
0.016833333333333332,0.01,0.009000000000000003,0.01316666666666667,0.0,0.0,0.0
0.030000000000000006,0.010000000000000009,0.011000000000000003,0.023833333333333335,0.0,0.0,0.0
0.0215,0.01,0.010166666666666668,0.014833333333333334,0.0,0.0,0.0
0.021500000000000002,0.010000000000000005,0.013666666666666667,0.013333333333333338,0.0,0.0,0.0
0.020833333333333336,0.01,0.010166666666666666,0.014000000000000002,0.0,0.0,0.0
0.024999999999999998,0.01,0.013000000000000001,0.016666666666666666,0.0,0.0,0.0
0.0265,0.010000000000000009,0.007500000000000001,0.02333333333333333,0.0,0.0,0.0
0.022833333333333334,0.010000000000000009,0.010000000000000005,0.019833333333333335,0.0,0.0,0.0
0.0215,0.009999999999999998,0.007333333333333334,0.018166666666666668,0.0,0.0,0.0
0.020333333333333335,0.010000000000000005,0.009166666666666668,0.01616666666666667,0.0,0.0,0.0
0.0215,0.010000000000000002,0.008500000000000004,0.016666666666666666,0.0,0.0,0.0
0.0275,0.010000000000000009,0.012333333333333333,0.021166666666666667,0.0,0.0,0.0
0.02633333333333333,0.010000000000000009,0.012000000000000002,0.019833333333333335,0.0,0.0,0.0
0.022000000000000002,0.010000000000000009,0.007000000000000002,0.01933333333333333,0.0,0.0,0.0
0.02416666666666667,0.010000000000000002,0.015333333333333336,0.016333333333333335,0.0,0.0,0.0
0.025666666666666664,0.010000000000000002,0.0105,0.020166666666666663,0.0,0.0,0.0
0.02183333333333333,0.010000000000000009,0.007833333333333336,0.019666666666666666,0.0,0.0,0.0
0.013000000000000001,0.009999999999999998,0.007666666666666668,0.009000000000000003,0.0,0.0,0.0
0.018166666666666664,0.010000000000000009,0.0071666666666666675,0.014666666666666666,0.0,0.0,0.0
0.027166666666666665,0.010000000000000005,0.0105,0.02166666666666667,0.0,0.0,0.0
0.02666666666666667,0.010000000000000009,0.011500000000000003,0.022166666666666668,0.0,0.0,0.0
0.018833333333333334,0.01,0.004666666666666668,0.017333333333333333,0.0,0.0,0.0
0.030999999999999996,0.01,0.01566666666666667,0.023666666666666673,0.0,0.0,0.0
0.0185,0.009999999999999998,0.008666666666666668,0.015166666666666669,0.0,0.0,0.0
0.018000000000000002,0.010000000000000005,0.011833333333333336,0.012000000000000004,0.0,0.0,0.0
0.021833333333333333,0.010000000000000009,0.008333333333333337,0.01766666666666667,0.0,0.0,0.0
0.027166666666666662,0.010000000000000009,0.009500000000000001,0.021166666666666663,0.0,0.0,0.0
0.0225,0.01,0.010833333333333335,0.016666666666666666,0.0,0.0,0.0
0.023333333333333334,0.010000000000000005,0.007500000000000002,0.019500000000000003,0.0,0.0,0.0
0.018500000000000003,0.009999999999999998,0.0125,0.010833333333333335,0.0,0.0,0.0
0.033166666666666664,0.010000000000000005,0.015166666666666669,0.025166666666666667,0.0,0.0,0.0
0.024666666666666667,0.010000000000000002,0.008833333333333334,0.019166666666666665,0.0,0.0,0.0
0.027999999999999994,0.010000000000000009,0.009833333333333335,0.022666666666666665,0.0,0.0,0.0
0.024500000000000004,0.01,0.014666666666666668,0.0165,0.0,0.0,0.0
0.023333333333333334,0.009999999999999998,0.007000000000000004,0.019666666666666666,0.0,0.0,0.0
0.01966666666666667,0.010000000000000009,0.011333333333333338,0.014333333333333337,0.0,0.0,0.0
0.018500000000000003,0.010000000000000002,0.006166666666666667,0.014500000000000002,0.0,0.0,0.0
0.026333333333333334,0.009999999999999998,0.005500000000000001,0.02383333333333333,0.0,0.0,0.0
0.016166666666666666,0.009999999999999998,0.004833333333333334,0.0135,0.0,0.0,0.0
0.020833333333333336,0.010000000000000009,0.007333333333333336,0.019000000000000003,0.0,0.0,0.0
0.01633333333333333,0.009999999999999998,0.008666666666666671,0.012166666666666666,0.0,0.0,0.0
0.01783333333333333,0.009999999999999998,0.007666666666666669,0.014,0.0,0.0,0.0
0.023166666666666665,0.010000000000000009,0.00816666666666667,0.0205,0.0,0.0,0.0
0.019,0.009999999999999998,0.007166666666666669,0.016,0.0,0.0,0.0
0.022000000000000002,0.010000000000000009,0.007666666666666667,0.018166666666666668,0.0,0.0,0.0
0.02433333333333333,0.01,0.013833333333333335,0.016833333333333336,0.0,0.0,0.0
0.03333333333333333,0.010000000000000009,0.013666666666666667,0.024833333333333332,0.0,0.0,0.0
0.03166666666666666,0.01,0.0075000000000000015,0.027666666666666666,0.0,0.0,0.0
0.0195,0.01,0.009000000000000001,0.013500000000000002,0.0,0.0,0.0
0.021666666666666667,0.01,0.007666666666666666,0.018166666666666668,0.0,0.0,0.0
0.025166666666666664,0.01,0.005000000000000001,0.023,0.0,0.0,0.0
0.028833333333333332,0.010000000000000009,0.0135,0.02066666666666667,0.0,0.0,0.0
0.021500000000000005,0.01,0.009500000000000005,0.018666666666666668,0.0,0.0,0.0
0.02033333333333333,0.010000000000000005,0.006000000000000002,0.01716666666666667,0.0,0.0,0.0
0.015333333333333334,0.01,0.008,0.010166666666666668,0.0,0.0,0.0
0.022166666666666664,0.010000000000000009,0.013999999999999997,0.013833333333333336,0.0,0.0,0.0
0.028,0.010000000000000009,0.012500000000000002,0.02033333333333333,0.0,0.0,0.0
0.02366666666666667,0.010000000000000009,0.01266666666666667,0.01666666666666667,0.0,0.0,0.0
0.025333333333333333,0.010000000000000009,0.007833333333333338,0.022500000000000003,0.0,0.0,0.0
0.02266666666666667,0.010000000000000009,0.009666666666666672,0.018000000000000002,0.0,0.0,0.0
0.013666666666666669,0.01,0.0058333333333333345,0.010666666666666668,0.0,0.0,0.0
0.026500000000000003,0.010000000000000009,0.013166666666666667,0.019000000000000006,0.0,0.0,0.0
0.020000000000000004,0.01,0.007000000000000003,0.01633333333333333,0.0,0.0,0.0
0.02466666666666667,0.010000000000000009,0.012666666666666668,0.01766666666666667,0.0,0.0,0.0
0.028000000000000004,0.010000000000000005,0.012,0.02066666666666667,0.0,0.0,0.0
0.025,0.010000000000000005,0.010500000000000002,0.01916666666666667,0.0,0.0,0.0
0.025166666666666667,0.010000000000000002,0.012666666666666665,0.0175,0.0,0.0,0.0
0.02733333333333333,0.010000000000000009,0.014333333333333335,0.0195,0.0,0.0,0.0
0.024666666666666663,0.010000000000000009,0.009833333333333335,0.02,0.0,0.0,0.0
0.02333333333333333,0.010000000000000009,0.012333333333333335,0.018500000000000006,0.0,0.0,0.0
0.023833333333333328,0.010000000000000009,0.010000000000000002,0.019166666666666665,0.0,0.0,0.0
0.021833333333333333,0.010000000000000002,0.009833333333333335,0.017500000000000005,0.0,0.0,0.0
0.021833333333333333,0.010000000000000009,0.011166666666666668,0.018833333333333334,0.0,0.0,0.0
0.01633333333333333,0.01,0.004666666666666669,0.014833333333333334,0.0,0.0,0.0
0.023,0.01,0.010666666666666666,0.01666666666666667,0.0,0.0,0.0
0.025500000000000002,0.010000000000000009,0.010833333333333335,0.02166666666666667,0.0,0.0,0.0
0.017833333333333333,0.010000000000000005,0.005000000000000003,0.01633333333333333,0.0,0.0,0.0
0.021500000000000002,0.01,0.016166666666666666,0.013000000000000005,0.0,0.0,0.0
0.023,0.009999999999999998,0.0085,0.018166666666666664,0.0,0.0,0.0
0.024833333333333332,0.010000000000000009,0.016,0.014666666666666668,0.0,0.0,0.0
0.019666666666666666,0.010000000000000005,0.009000000000000005,0.01633333333333333,0.0,0.0,0.0
0.01966666666666667,0.01,0.008833333333333334,0.014833333333333336,0.0,0.0,0.0
0.022333333333333337,0.010000000000000009,0.015333333333333336,0.014166666666666671,0.0,0.0,0.0
0.021666666666666664,0.010000000000000009,0.008833333333333335,0.017833333333333333,0.0,0.0,0.0
0.017,0.01,0.0063333333333333375,0.0145,0.0,0.0,0.0
0.021,0.01,0.010166666666666668,0.016000000000000004,0.0,0.0,0.0
0.019166666666666665,0.01,0.009833333333333336,0.013666666666666667,0.0,0.0,0.0
0.029500000000000002,0.010000000000000009,0.013166666666666669,0.022500000000000003,0.0,0.0,0.0
0.03183333333333333,0.010000000000000009,0.014166666666666668,0.02416666666666667,0.0,0.0,0.0
0.02033333333333333,0.009999999999999998,0.008166666666666668,0.017666666666666667,0.0,0.0,0.0
0.024333333333333325,0.010000000000000009,0.006333333333333335,0.02133333333333333,0.0,0.0,0.0
0.02183333333333333,0.009999999999999998,0.012833333333333334,0.014666666666666668,0.0,0.0,0.0
0.02266666666666667,0.01,0.009333333333333334,0.018166666666666668,0.0,0.0,0.0
0.021833333333333333,0.010000000000000005,0.006333333333333333,0.018333333333333333,0.0,0.0,0.0
0.026,0.010000000000000009,0.011333333333333336,0.019500000000000003,0.0,0.0,0.0
0.02683333333333333,0.010000000000000002,0.004166666666666668,0.025333333333333326,0.0,0.0,0.0
0.017333333333333333,0.01,0.006,0.014166666666666668,0.0,0.0,0.0
0.024666666666666663,0.010000000000000002,0.009666666666666667,0.020166666666666666,0.0,0.0,0.0
0.025833333333333333,0.010000000000000009,0.009333333333333334,0.02,0.0,0.0,0.0
0.021333333333333333,0.01,0.008000000000000002,0.017833333333333333,0.0,0.0,0.0
0.018500000000000003,0.01,0.007333333333333334,0.015000000000000001,0.0,0.0,0.0
0.029166666666666667,0.010000000000000009,0.011833333333333336,0.02316666666666667,0.0,0.0,0.0
0.018666666666666668,0.01,0.007333333333333337,0.01666666666666667,0.0,0.0,0.0
0.02383333333333334,0.010000000000000002,0.01466666666666667,0.015833333333333335,0.0,0.0,0.0
0.028666666666666663,0.010000000000000009,0.013833333333333335,0.021666666666666667,0.0,0.0,0.0
0.03133333333333333,0.010000000000000009,0.013333333333333336,0.02483333333333333,0.0,0.0,0.0
0.025000000000000005,0.010000000000000009,0.012666666666666668,0.017500000000000005,0.0,0.0,0.0
0.026833333333333334,0.010000000000000005,0.014000000000000002,0.019333333333333334,0.0,0.0,0.0
0.022333333333333334,0.010000000000000009,0.011000000000000003,0.01716666666666667,0.0,0.0,0.0
0.027666666666666662,0.010000000000000009,0.011000000000000003,0.02150000000000001,0.0,0.0,0.0
0.022666666666666665,0.01,0.009500000000000001,0.018333333333333333,0.0,0.0,0.0
0.027666666666666662,0.010000000000000009,0.009333333333333334,0.02433333333333333,0.0,0.0,0.0
0.019666666666666666,0.01,0.008333333333333335,0.015500000000000002,0.0,0.0,0.0
0.026166666666666658,0.010000000000000009,0.015333333333333334,0.0165,0.0,0.0,0.0
0.025,0.010000000000000009,0.010500000000000002,0.018666666666666668,0.0,0.0,0.0
0.022500000000000003,0.010000000000000009,0.010333333333333335,0.017000000000000005,0.0,0.0,0.0
0.02316666666666667,0.010000000000000009,0.009000000000000001,0.018333333333333333,0.0,0.0,0.0
0.024333333333333335,0.010000000000000009,0.01266666666666667,0.018833333333333334,0.0,0.0,0.0
0.018833333333333334,0.01,0.006000000000000002,0.016833333333333332,0.0,0.0,0.0
0.022499999999999996,0.01,0.012333333333333333,0.017166666666666667,0.0,0.0,0.0
0.022500000000000006,0.010000000000000009,0.007166666666666668,0.019500000000000007,0.0,0.0,0.0
0.03133333333333333,0.01,0.010666666666666666,0.02533333333333333,0.0,0.0,0.0
0.01583333333333333,0.009999999999999998,0.007166666666666668,0.013000000000000001,0.0,0.0,0.0
0.025333333333333336,0.010000000000000005,0.010666666666666668,0.02033333333333334,0.0,0.0,0.0
0.032499999999999994,0.010000000000000009,0.007000000000000001,0.028999999999999995,0.0,0.0,0.0
0.015333333333333334,0.010000000000000002,0.007000000000000003,0.012666666666666668,0.0,0.0,0.0
0.025,0.010000000000000009,0.010833333333333334,0.01883333333333333,0.0,0.0,0.0
0.02483333333333333,0.010000000000000009,0.006500000000000002,0.022166666666666668,0.0,0.0,0.0
0.021166666666666667,0.01,0.015166666666666665,0.012333333333333337,0.0,0.0,0.0
0.02316666666666667,0.01,0.007166666666666669,0.019666666666666666,0.0,0.0,0.0
0.03083333333333333,0.010000000000000009,0.012833333333333334,0.024,0.0,0.0,0.0
0.028166666666666666,0.010000000000000009,0.01566666666666667,0.019833333333333335,0.0,0.0,0.0
0.029166666666666664,0.010000000000000005,0.015499999999999996,0.018666666666666668,0.0,0.0,0.0
0.0195,0.009999999999999998,0.008833333333333334,0.014333333333333333,0.0,0.0,0.0
0.025333333333333333,0.010000000000000002,0.0125,0.017833333333333333,0.0,0.0,0.0
0.019333333333333327,0.009999999999999998,0.008166666666666666,0.016,0.0,0.0,0.0
0.020666666666666667,0.01,0.008333333333333335,0.017333333333333333,0.0,0.0,0.0
0.026000000000000002,0.01,0.011500000000000003,0.020333333333333335,0.0,0.0,0.0
0.027,0.010000000000000009,0.010166666666666668,0.021166666666666667,0.0,0.0,0.0
0.024666666666666663,0.01,0.005833333333333335,0.022666666666666665,0.0,0.0,0.0
0.02,0.010000000000000009,0.008833333333333334,0.016000000000000004,0.0,0.0,0.0
0.017,0.010000000000000005,0.009166666666666667,0.012833333333333334,0.0,0.0,0.0
0.029166666666666667,0.010000000000000005,0.011166666666666674,0.026000000000000002,0.0,0.0,0.0
0.029499999999999995,0.01,0.010000000000000002,0.024,0.0,0.0,0.0
0.020666666666666667,0.01,0.012000000000000004,0.014833333333333336,0.0,0.0,0.0
0.018000000000000002,0.009999999999999998,0.009000000000000003,0.015166666666666669,0.0,0.0,0.0
0.0205,0.010000000000000009,0.009166666666666668,0.01616666666666667,0.0,0.0,0.0
0.025833333333333333,0.010000000000000009,0.009500000000000003,0.022,0.0,0.0,0.0
0.02316666666666667,0.010000000000000002,0.006333333333333333,0.0195,0.0,0.0,0.0
0.02133333333333333,0.009999999999999998,0.009833333333333335,0.015833333333333335,0.0,0.0,0.0
0.01566666666666667,0.01,0.006500000000000002,0.013833333333333335,0.0,0.0,0.0
0.017333333333333333,0.009999999999999998,0.009166666666666665,0.011833333333333336,0.0,0.0,0.0
0.0215,0.01,0.008000000000000004,0.016833333333333332,0.0,0.0,0.0
0.026000000000000002,0.010000000000000005,0.010000000000000004,0.021500000000000005,0.0,0.0,0.0
0.02333333333333333,0.01,0.011333333333333334,0.016833333333333336,0.0,0.0,0.0
0.022500000000000003,0.010000000000000005,0.006500000000000004,0.020500000000000004,0.0,0.0,0.0
0.023333333333333334,0.010000000000000009,0.012000000000000004,0.016500000000000004,0.0,0.0,0.0
0.019000000000000003,0.009999999999999998,0.007833333333333336,0.01616666666666667,0.0,0.0,0.0
0.017666666666666667,0.010000000000000009,0.009333333333333336,0.012833333333333337,0.0,0.0,0.0
0.022833333333333334,0.010000000000000009,0.007333333333333337,0.0205,0.0,0.0,0.0
0.025333333333333333,0.01,0.013166666666666667,0.020333333333333335,0.0,0.0,0.0
0.018500000000000003,0.01,0.008333333333333333,0.014833333333333336,0.0,0.0,0.0
0.02516666666666667,0.010000000000000009,0.006500000000000002,0.023000000000000007,0.0,0.0,0.0
0.01916666666666667,0.01,0.009666666666666667,0.013666666666666669,0.0,0.0,0.0
0.015500000000000002,0.009999999999999998,0.0056666666666666705,0.013833333333333333,0.0,0.0,0.0
0.03216666666666666,0.010000000000000005,0.009500000000000003,0.02783333333333333,0.0,0.0,0.0
0.023000000000000007,0.010000000000000009,0.008333333333333333,0.018166666666666668,0.0,0.0,0.0
0.019000000000000003,0.010000000000000002,0.012500000000000002,0.011500000000000003,0.0,0.0,0.0
0.023,0.01,0.013833333333333335,0.014833333333333339,0.0,0.0,0.0
0.020666666666666667,0.010000000000000002,0.011333333333333336,0.01566666666666667,0.0,0.0,0.0
0.021,0.009999999999999998,0.006333333333333335,0.018333333333333333,0.0,0.0,0.0
0.02333333333333333,0.010000000000000009,0.012333333333333333,0.015833333333333335,0.0,0.0,0.0
0.022,0.010000000000000009,0.009000000000000003,0.01716666666666667,0.0,0.0,0.0
0.025333333333333333,0.010000000000000005,0.012833333333333337,0.018833333333333334,0.0,0.0,0.0
0.022000000000000002,0.01,0.005333333333333337,0.020166666666666666,0.0,0.0,0.0
0.017666666666666667,0.009999999999999998,0.0051666666666666675,0.015666666666666666,0.0,0.0,0.0
0.013666666666666667,0.009999999999999998,0.006833333333333335,0.010333333333333335,0.0,0.0,0.0
0.013166666666666667,0.009999999999999998,0.005500000000000002,0.011833333333333336,0.0,0.0,0.0
0.020666666666666667,0.01,0.011833333333333336,0.013833333333333335,0.0,0.0,0.0
0.019499999999999997,0.010000000000000005,0.009000000000000001,0.014166666666666668,0.0,0.0,0.0
0.023666666666666666,0.010000000000000009,0.010833333333333339,0.019166666666666665,0.0,0.0,0.0
0.0225,0.01,0.011666666666666665,0.014666666666666668,0.0,0.0,0.0
0.026166666666666668,0.010000000000000009,0.012666666666666668,0.018833333333333334,0.0,0.0,0.0
0.029500000000000002,0.010000000000000009,0.014166666666666668,0.02066666666666667,0.0,0.0,0.0
0.03183333333333333,0.010000000000000009,0.01783333333333333,0.020000000000000004,0.0,0.0,0.0
0.018000000000000002,0.010000000000000009,0.007000000000000004,0.01616666666666667,0.0,0.0,0.0
0.02316666666666667,0.010000000000000005,0.005666666666666669,0.020500000000000004,0.0,0.0,0.0
0.01933333333333333,0.009999999999999998,0.009000000000000003,0.015000000000000001,0.0,0.0,0.0
0.026166666666666668,0.010000000000000009,0.010000000000000002,0.022500000000000003,0.0,0.0,0.0
0.02333333333333333,0.01,0.010500000000000002,0.017666666666666664,0.0,0.0,0.0
0.015000000000000003,0.009999999999999998,0.009166666666666667,0.009833333333333336,0.0,0.0,0.0
0.018666666666666668,0.010000000000000002,0.008000000000000002,0.015000000000000003,0.0,0.0,0.0
0.029999999999999995,0.010000000000000009,0.006833333333333336,0.02733333333333333,0.0,0.0,0.0
0.021,0.010000000000000005,0.00666666666666667,0.01933333333333333,0.0,0.0,0.0
0.022500000000000003,0.01,0.010000000000000002,0.018166666666666668,0.0,0.0,0.0
0.022833333333333334,0.010000000000000009,0.006666666666666669,0.020333333333333335,0.0,0.0,0.0
0.023500000000000004,0.010000000000000009,0.0135,0.016000000000000004,0.0,0.0,0.0
0.023000000000000003,0.010000000000000005,0.008333333333333335,0.01916666666666667,0.0,0.0,0.0
0.014166666666666666,0.009999999999999998,0.004666666666666668,0.012499999999999999,0.0,0.0,0.0
0.019333333333333334,0.004999999999999999,0.0105,0.01216666666666667,0.0,0.0,0.0
0.026333333333333334,0.010000000000000009,0.006500000000000003,0.024166666666666666,0.0,0.0,0.0
0.0225,0.010000000000000009,0.010500000000000002,0.018333333333333333,0.0,0.0,0.0
0.023,0.010000000000000009,0.013500000000000002,0.015333333333333336,0.0,0.0,0.0
0.01966666666666667,0.010000000000000002,0.012333333333333337,0.013000000000000005,0.0,0.0,0.0
0.02816666666666666,0.010000000000000009,0.017166666666666667,0.017333333333333333,0.0,0.0,0.0
0.023500000000000004,0.010000000000000009,0.008000000000000002,0.018833333333333334,0.0,0.0,0.0
0.030166666666666668,0.01,0.009500000000000001,0.024333333333333332,0.0,0.0,0.0
0.021166666666666663,0.010000000000000005,0.010499999999999999,0.014666666666666666,0.0,0.0,0.0
0.02316666666666667,0.010000000000000009,0.010833333333333335,0.01916666666666667,0.0,0.0,0.0
0.025666666666666667,0.010000000000000009,0.009500000000000001,0.01966666666666667,0.0,0.0,0.0
0.025333333333333333,0.010000000000000005,0.011833333333333336,0.019500000000000003,0.0,0.0,0.0
0.020166666666666666,0.010000000000000002,0.009333333333333334,0.0165,0.0,0.0,0.0
0.03216666666666666,0.010000000000000009,0.01783333333333333,0.021000000000000005,0.0,0.0,0.0
0.030000000000000002,0.010000000000000009,0.014666666666666668,0.024000000000000004,0.0,0.0,0.0
0.028166666666666663,0.010000000000000009,0.011166666666666667,0.02183333333333333,0.0,0.0,0.0
0.025166666666666667,0.010000000000000004,0.011666666666666667,0.019000000000000003,0.0,0.0,0.0
0.03216666666666667,0.010000000000000009,0.014833333333333337,0.025000000000000005,0.0,0.0,0.0
0.011166666666666668,0.009999999999999998,0.007000000000000001,0.00766666666666667,0.0,0.0,0.0
0.0205,0.01,0.010333333333333333,0.013166666666666667,0.0,0.0,0.0
0.02333333333333333,0.010000000000000009,0.007333333333333334,0.02,0.0,0.0,0.0
0.023500000000000004,0.01,0.008000000000000002,0.02,0.0,0.0,0.0
0.020333333333333335,0.010000000000000009,0.010333333333333335,0.014833333333333337,0.0,0.0,0.0
0.02316666666666667,0.01,0.00616666666666667,0.021,0.0,0.0,0.0
0.021000000000000005,0.01,0.011833333333333335,0.014333333333333337,0.0,0.0,0.0
0.03300000000000001,0.010000000000000009,0.015000000000000001,0.02366666666666667,0.0,0.0,0.0
0.025166666666666664,0.010000000000000009,0.010833333333333335,0.019666666666666666,0.0,0.0,0.0
0.02016666666666667,0.01,0.011166666666666668,0.013166666666666669,0.0,0.0,0.0
0.021833333333333333,0.010000000000000005,0.008666666666666671,0.01966666666666667,0.0,0.0,0.0
0.020166666666666663,0.010000000000000009,0.013166666666666665,0.010833333333333335,0.0,0.0,0.0
0.029,0.010000000000000009,0.010000000000000002,0.025166666666666667,0.0,0.0,0.0
0.026333333333333334,0.01,0.012166666666666666,0.01916666666666667,0.0,0.0,0.0
0.024166666666666663,0.01,0.008666666666666666,0.0185,0.0,0.0,0.0
0.02716666666666667,0.010000000000000009,0.013666666666666664,0.01916666666666667,0.0,0.0,0.0
0.018666666666666668,0.01,0.008000000000000002,0.013833333333333335,0.0,0.0,0.0
0.021,0.010000000000000005,0.010333333333333335,0.015500000000000002,0.0,0.0,0.0
0.03466666666666666,0.010000000000000009,0.016333333333333335,0.025333333333333333,0.0,0.0,0.0
0.027333333333333334,0.010000000000000009,0.014000000000000005,0.020500000000000004,0.0,0.0,0.0
0.0235,0.010000000000000009,0.016166666666666666,0.013333333333333336,0.0,0.0,0.0
0.020833333333333332,0.009999999999999998,0.007666666666666666,0.017333333333333333,0.0,0.0,0.0
0.021500000000000002,0.010000000000000009,0.008833333333333335,0.017666666666666667,0.0,0.0,0.0
0.025500000000000005,0.010000000000000009,0.017166666666666667,0.01666666666666667,0.0,0.0,0.0
0.024,0.01,0.0095,0.018500000000000003,0.0,0.0,0.0
0.026666666666666665,0.010000000000000009,0.009500000000000001,0.022,0.0,0.0,0.0
0.02666666666666667,0.010000000000000009,0.010833333333333334,0.02016666666666667,0.0,0.0,0.0
0.022666666666666665,0.010000000000000009,0.008500000000000002,0.018000000000000002,0.0,0.0,0.0
0.026000000000000002,0.010000000000000009,0.011666666666666667,0.01983333333333333,0.0,0.0,0.0
0.020333333333333335,0.010000000000000009,0.006000000000000002,0.01716666666666667,0.0,0.0,0.0
0.03283333333333334,0.010000000000000009,0.014500000000000004,0.026500000000000003,0.0,0.0,0.0
0.019166666666666665,0.009999999999999998,0.011500000000000002,0.013333333333333334,0.0,0.0,0.0
0.01883333333333333,0.010000000000000002,0.007333333333333334,0.015333333333333334,0.0,0.0,0.0
0.020333333333333335,0.010000000000000009,0.009333333333333336,0.016666666666666666,0.0,0.0,0.0
0.023,0.01,0.009166666666666667,0.018000000000000002,0.0,0.0,0.0
0.018500000000000003,0.01,0.006500000000000002,0.01616666666666667,0.0,0.0,0.0
0.03216666666666666,0.010000000000000009,0.010000000000000002,0.027500000000000004,0.0,0.0,0.0
0.019666666666666666,0.01,0.009500000000000001,0.014333333333333335,0.0,0.0,0.0
0.024833333333333332,0.010000000000000005,0.012666666666666668,0.018500000000000003,0.0,0.0,0.0
0.019833333333333335,0.01,0.013333333333333334,0.013500000000000002,0.0,0.0,0.0
0.016333333333333335,0.010000000000000002,0.009000000000000001,0.012000000000000004,0.0,0.0,0.0
0.02316666666666667,0.010000000000000009,0.011500000000000003,0.01566666666666667,0.0,0.0,0.0
0.02516666666666667,0.010000000000000005,0.010166666666666666,0.020833333333333332,0.0,0.0,0.0
0.016666666666666666,0.009999999999999998,0.007666666666666668,0.013333333333333334,0.0,0.0,0.0
0.021166666666666663,0.01,0.011833333333333333,0.01416666666666667,0.0,0.0,0.0
0.028333333333333332,0.010000000000000009,0.013000000000000001,0.02116666666666667,0.0,0.0,0.0
0.026500000000000006,0.010000000000000005,0.007500000000000003,0.02466666666666667,0.0,0.0,0.0
0.018666666666666668,0.010000000000000002,0.010000000000000004,0.014500000000000002,0.0,0.0,0.0
0.027,0.010000000000000002,0.013500000000000002,0.020666666666666667,0.0,0.0,0.0
0.022666666666666665,0.010000000000000009,0.008000000000000002,0.019333333333333334,0.0,0.0,0.0
0.01583333333333333,0.009999999999999998,0.0063333333333333314,0.011166666666666668,0.0,0.0,0.0
0.028166666666666663,0.010000000000000009,0.008833333333333334,0.023,0.0,0.0,0.0
0.017833333333333333,0.009999999999999998,0.012000000000000002,0.010333333333333335,0.0,0.0,0.0
0.022666666666666665,0.010000000000000002,0.010499999999999999,0.016166666666666666,0.0,0.0,0.0
0.01883333333333333,0.009999999999999998,0.004000000000000001,0.017666666666666664,0.0,0.0,0.0
0.021000000000000005,0.010000000000000005,0.010000000000000002,0.016000000000000004,0.0,0.0,0.0
0.024333333333333332,0.010000000000000005,0.009000000000000001,0.01916666666666667,0.0,0.0,0.0
0.018333333333333337,0.01,0.01016666666666667,0.013666666666666669,0.0,0.0,0.0
0.023833333333333335,0.010000000000000009,0.007000000000000003,0.021333333333333333,0.0,0.0,0.0
0.023000000000000003,0.010000000000000009,0.009166666666666667,0.018666666666666668,0.0,0.0,0.0
0.021166666666666663,0.010000000000000009,0.005500000000000002,0.02,0.0,0.0,0.0
0.013833333333333335,0.009999999999999998,0.004000000000000002,0.012333333333333333,0.0,0.0,0.0
0.020166666666666666,0.01,0.009833333333333336,0.016000000000000004,0.0,0.0,0.0
0.0205,0.010000000000000009,0.008833333333333337,0.01583333333333333,0.0,0.0,0.0
0.03033333333333333,0.010000000000000009,0.015333333333333336,0.020833333333333332,0.0,0.0,0.0
0.02183333333333333,0.010000000000000009,0.011666666666666669,0.015166666666666667,0.0,0.0,0.0
0.02416666666666667,0.010000000000000009,0.01066666666666667,0.018166666666666668,0.0,0.0,0.0
0.018500000000000003,0.010000000000000009,0.007000000000000001,0.016333333333333335,0.0,0.0,0.0
0.023499999999999997,0.009999999999999998,0.007833333333333335,0.02,0.0,0.0,0.0
0.027166666666666662,0.010000000000000009,0.011500000000000003,0.022166666666666664,0.0,0.0,0.0
0.027000000000000003,0.010000000000000009,0.014500000000000002,0.017833333333333336,0.0,0.0,0.0
0.01966666666666667,0.01,0.012,0.013000000000000003,0.0,0.0,0.0
0.026,0.010000000000000009,0.015166666666666667,0.017500000000000005,0.0,0.0,0.0
0.022000000000000002,0.010000000000000009,0.006166666666666669,0.020833333333333332,0.0,0.0,0.0
0.018000000000000002,0.010000000000000009,0.009833333333333336,0.013333333333333338,0.0,0.0,0.0
0.021500000000000002,0.010000000000000009,0.011166666666666668,0.015166666666666667,0.0,0.0,0.0
0.01966666666666667,0.009999999999999998,0.004333333333333336,0.018500000000000003,0.0,0.0,0.0
0.025666666666666664,0.009999999999999998,0.008333333333333335,0.021666666666666664,0.0,0.0,0.0
0.029500000000000002,0.010000000000000009,0.011333333333333332,0.022166666666666668,0.0,0.0,0.0
0.02783333333333333,0.010000000000000005,0.017666666666666667,0.019166666666666672,0.0,0.0,0.0
0.027,0.010000000000000009,0.010333333333333335,0.022333333333333334,0.0,0.0,0.0
0.023166666666666665,0.01,0.0085,0.019,0.0,0.0,0.0
0.021666666666666667,0.010000000000000009,0.009833333333333338,0.02033333333333333,0.0,0.0,0.0
0.020000000000000004,0.01,0.008666666666666668,0.01616666666666667,0.0,0.0,0.0
0.017,0.009999999999999998,0.005666666666666669,0.014833333333333334,0.0,0.0,0.0
0.019000000000000003,0.009999999999999998,0.008666666666666666,0.013000000000000005,0.0,0.0,0.0
0.016333333333333335,0.010000000000000002,0.010666666666666668,0.010500000000000004,0.0,0.0,0.0
0.030000000000000002,0.009999999999999998,0.015333333333333332,0.0205,0.0,0.0,0.0
0.015666666666666666,0.009999999999999998,0.004333333333333333,0.0135,0.0,0.0,0.0
0.021666666666666667,0.010000000000000005,0.010666666666666666,0.015000000000000001,0.0,0.0,0.0
0.022833333333333334,0.010000000000000009,0.012000000000000002,0.01716666666666667,0.0,0.0,0.0
0.021666666666666667,0.010000000000000005,0.00716666666666667,0.0205,0.0,0.0,0.0
0.021500000000000002,0.01,0.009333333333333334,0.017166666666666667,0.0,0.0,0.0
0.019166666666666665,0.009999999999999998,0.008,0.013666666666666667,0.0,0.0,0.0
0.020833333333333332,0.010000000000000009,0.013000000000000001,0.013500000000000003,0.0,0.0,0.0
0.021666666666666664,0.010000000000000005,0.0125,0.014000000000000002,0.0,0.0,0.0
0.025,0.01,0.010833333333333335,0.019999999999999997,0.0,0.0,0.0
0.02583333333333333,0.010000000000000009,0.009000000000000003,0.02133333333333333,0.0,0.0,0.0
0.02516666666666667,0.010000000000000009,0.009166666666666668,0.01966666666666667,0.0,0.0,0.0
0.026000000000000006,0.01,0.011000000000000005,0.020666666666666667,0.0,0.0,0.0
0.02633333333333333,0.010000000000000009,0.008500000000000004,0.022833333333333334,0.0,0.0,0.0
0.024499999999999997,0.009999999999999998,0.009500000000000001,0.020333333333333328,0.0,0.0,0.0
0.019333333333333334,0.010000000000000002,0.010666666666666668,0.011833333333333336,0.0,0.0,0.0
0.024000000000000004,0.010000000000000009,0.010000000000000004,0.01966666666666667,0.0,0.0,0.0
0.028666666666666667,0.010000000000000009,0.007666666666666671,0.0265,0.0,0.0,0.0
0.022166666666666668,0.010000000000000009,0.011833333333333333,0.01616666666666667,0.0,0.0,0.0
0.017833333333333333,0.010000000000000005,0.008166666666666668,0.013666666666666667,0.0,0.0,0.0
0.023000000000000007,0.010000000000000009,0.01266666666666667,0.015166666666666669,0.0,0.0,0.0
0.02033333333333333,0.010000000000000005,0.009000000000000003,0.015333333333333332,0.0,0.0,0.0
0.02383333333333333,0.010000000000000009,0.008000000000000002,0.02033333333333333,0.0,0.0,0.0
0.021333333333333333,0.010000000000000009,0.013333333333333338,0.014166666666666668,0.0,0.0,0.0
0.018666666666666668,0.01,0.01,0.01316666666666667,0.0,0.0,0.0
0.027833333333333335,0.010000000000000009,0.009000000000000003,0.0235,0.0,0.0,0.0
0.024500000000000004,0.010000000000000009,0.011333333333333334,0.019500000000000007,0.0,0.0,0.0
0.022000000000000002,0.009999999999999998,0.0035000000000000014,0.021,0.0,0.0,0.0
0.03716666666666666,0.010000000000000009,0.016833333333333332,0.026666666666666665,0.0,0.0,0.0
0.023999999999999997,0.010000000000000005,0.011500000000000003,0.019,0.0,0.0,0.0
0.018166666666666668,0.01,0.008833333333333334,0.014333333333333335,0.0,0.0,0.0
0.02366666666666667,0.010000000000000009,0.014666666666666668,0.01666666666666667,0.0,0.0,0.0
0.018,0.01,0.0068333333333333345,0.01583333333333333,0.0,0.0,0.0
0.014500000000000004,0.010000000000000009,0.00716666666666667,0.011333333333333336,0.0,0.0,0.0
0.019166666666666665,0.009999999999999998,0.009333333333333334,0.013833333333333336,0.0,0.0,0.0
0.024,0.010000000000000009,0.011333333333333334,0.017166666666666667,0.0,0.0,0.0
0.023000000000000003,0.010000000000000009,0.014000000000000002,0.015166666666666669,0.0,0.0,0.0
0.024166666666666666,0.010000000000000009,0.009500000000000003,0.022000000000000002,0.0,0.0,0.0
0.022166666666666668,0.010000000000000005,0.008,0.017666666666666667,0.0,0.0,0.0
0.022333333333333334,0.01,0.007166666666666668,0.019666666666666666,0.0,0.0,0.0
0.019666666666666662,0.01,0.009,0.0145,0.0,0.0,0.0
0.02283333333333333,0.010000000000000002,0.008166666666666668,0.01883333333333333,0.0,0.0,0.0
0.018000000000000002,0.009999999999999998,0.006166666666666668,0.015833333333333335,0.0,0.0,0.0
0.02483333333333333,0.010000000000000002,0.012166666666666668,0.017,0.0,0.0,0.0
0.022166666666666668,0.010000000000000009,0.009666666666666669,0.0165,0.0,0.0,0.0
0.014000000000000002,0.01,0.0051666666666666675,0.011500000000000002,0.0,0.0,0.0
0.030166666666666668,0.010000000000000009,0.01316666666666667,0.024833333333333332,0.0,0.0,0.0
0.026333333333333334,0.010000000000000009,0.009833333333333335,0.02033333333333333,0.0,0.0,0.0
0.025166666666666667,0.010000000000000009,0.010666666666666666,0.02016666666666667,0.0,0.0,0.0
0.0205,0.010000000000000002,0.007333333333333334,0.016,0.0,0.0,0.0
0.03216666666666667,0.010000000000000009,0.012000000000000004,0.026333333333333334,0.0,0.0,0.0
0.01966666666666667,0.01,0.009000000000000003,0.0165,0.0,0.0,0.0
0.027166666666666672,0.010000000000000009,0.013833333333333338,0.020833333333333332,0.0,0.0,0.0
0.01916666666666667,0.01,0.01216666666666667,0.012333333333333337,0.0,0.0,0.0
0.016666666666666666,0.009999999999999998,0.0065000000000000014,0.013666666666666666,0.0,0.0,0.0
0.016333333333333335,0.01,0.0061666666666666675,0.013833333333333335,0.0,0.0,0.0
0.013666666666666669,0.009999999999999998,0.006666666666666668,0.011500000000000003,0.0,0.0,0.0
0.018666666666666668,0.009999999999999998,0.004333333333333334,0.017166666666666663,0.0,0.0,0.0
0.0235,0.010000000000000009,0.01066666666666667,0.019000000000000003,0.0,0.0,0.0
0.023666666666666673,0.01,0.010833333333333335,0.018000000000000002,0.0,0.0,0.0
0.01566666666666667,0.01,0.009333333333333338,0.011666666666666669,0.0,0.0,0.0
0.020833333333333332,0.010000000000000009,0.009666666666666669,0.016666666666666666,0.0,0.0,0.0
0.026166666666666668,0.010000000000000002,0.015000000000000003,0.0175,0.0,0.0,0.0
0.021833333333333333,0.01,0.012166666666666668,0.014833333333333336,0.0,0.0,0.0
0.025666666666666664,0.010000000000000009,0.012333333333333335,0.01966666666666667,0.0,0.0,0.0
0.022000000000000006,0.01,0.008000000000000002,0.016666666666666666,0.0,0.0,0.0
0.023333333333333334,0.010000000000000002,0.008166666666666668,0.019166666666666665,0.0,0.0,0.0
0.024833333333333336,0.010000000000000005,0.013166666666666669,0.01866666666666667,0.0,0.0,0.0
0.01983333333333333,0.010000000000000009,0.01216666666666667,0.013833333333333336,0.0,0.0,0.0
0.023333333333333334,0.009999999999999998,0.013166666666666667,0.015500000000000002,0.0,0.0,0.0
0.029166666666666664,0.009999999999999998,0.0085,0.02433333333333333,0.0,0.0,0.0
0.025500000000000002,0.010000000000000009,0.013999999999999997,0.017666666666666667,0.0,0.0,0.0
0.026666666666666665,0.010000000000000009,0.008666666666666666,0.02133333333333333,0.0,0.0,0.0
0.01966666666666667,0.01,0.009500000000000001,0.014833333333333334,0.0,0.0,0.0
0.023833333333333335,0.010000000000000005,0.015500000000000002,0.013833333333333336,0.0,0.0,0.0
0.024833333333333336,0.010000000000000009,0.013000000000000003,0.01966666666666667,0.0,0.0,0.0
0.022333333333333334,0.010000000000000009,0.011000000000000005,0.018000000000000002,0.0,0.0,0.0
0.022500000000000003,0.010000000000000002,0.0125,0.014500000000000004,0.0,0.0,0.0
0.021333333333333333,0.010000000000000009,0.011833333333333335,0.016000000000000004,0.0,0.0,0.0
0.02783333333333333,0.01,0.0135,0.021,0.0,0.0,0.0
0.024833333333333336,0.010000000000000002,0.0048333333333333344,0.02316666666666667,0.0,0.0,0.0
0.0195,0.01,0.010000000000000002,0.014,0.0,0.0,0.0
0.022000000000000002,0.010000000000000002,0.009833333333333336,0.018500000000000003,0.0,0.0,0.0
0.025166666666666667,0.010000000000000009,0.008666666666666671,0.022500000000000006,0.0,0.0,0.0
0.025833333333333326,0.010000000000000009,0.010333333333333335,0.019666666666666662,0.0,0.0,0.0
0.02333333333333333,0.010000000000000005,0.009166666666666667,0.01966666666666667,0.0,0.0,0.0
0.030500000000000003,0.010000000000000009,0.010333333333333335,0.025500000000000002,0.0,0.0,0.0
0.0235,0.010000000000000009,0.012666666666666668,0.016000000000000004,0.0,0.0,0.0
0.01983333333333333,0.010000000000000009,0.00566666666666667,0.019166666666666665,0.0,0.0,0.0
0.023833333333333335,0.010000000000000009,0.01066666666666667,0.020333333333333335,0.0,0.0,0.0
0.028333333333333335,0.010000000000000005,0.005833333333333334,0.026000000000000002,0.0,0.0,0.0
0.023166666666666665,0.01,0.008166666666666671,0.02,0.0,0.0,0.0
0.02483333333333333,0.01,0.007666666666666668,0.020999999999999998,0.0,0.0,0.0
0.02283333333333333,0.009999999999999998,0.006500000000000001,0.019500000000000003,0.0,0.0,0.0
0.022166666666666668,0.01,0.008333333333333337,0.018666666666666668,0.0,0.0,0.0
0.017166666666666667,0.010000000000000002,0.008666666666666668,0.013166666666666667,0.0,0.0,0.0
0.017333333333333333,0.009999999999999998,0.008000000000000002,0.013666666666666667,0.0,0.0,0.0
0.028333333333333335,0.010000000000000005,0.015499999999999995,0.01716666666666667,0.0,0.0,0.0
0.018833333333333334,0.010000000000000002,0.009166666666666667,0.014833333333333336,0.0,0.0,0.0
0.025833333333333333,0.010000000000000009,0.012500000000000002,0.02033333333333333,0.0,0.0,0.0
0.028,0.010000000000000009,0.010833333333333334,0.02266666666666667,0.0,0.0,0.0
0.021333333333333333,0.010000000000000002,0.006500000000000004,0.018000000000000002,0.0,0.0,0.0
0.030000000000000002,0.010000000000000009,0.012000000000000002,0.024,0.0,0.0,0.0
0.021833333333333333,0.010000000000000002,0.005500000000000004,0.02033333333333333,0.0,0.0,0.0
0.022000000000000002,0.010000000000000009,0.011666666666666667,0.016666666666666666,0.0,0.0,0.0
0.024499999999999997,0.010000000000000009,0.008666666666666666,0.018666666666666668,0.0,0.0,0.0
0.014833333333333336,0.009999999999999998,0.006166666666666668,0.012833333333333334,0.0,0.0,0.0
0.029499999999999995,0.010000000000000009,0.011833333333333336,0.023333333333333334,0.0,0.0,0.0
0.025666666666666667,0.010000000000000009,0.010833333333333337,0.021333333333333333,0.0,0.0,0.0
0.02716666666666667,0.010000000000000002,0.011833333333333336,0.021166666666666667,0.0,0.0,0.0
0.021,0.01,0.008000000000000002,0.016666666666666666,0.0,0.0,0.0
0.025166666666666667,0.010000000000000009,0.013000000000000001,0.017666666666666667,0.0,0.0,0.0
0.02133333333333333,0.01,0.009333333333333332,0.01616666666666667,0.0,0.0,0.0
0.017166666666666667,0.01,0.0070000000000000045,0.015666666666666666,0.0,0.0,0.0
0.02966666666666667,0.010000000000000009,0.013666666666666669,0.023166666666666672,0.0,0.0,0.0
0.025500000000000002,0.010000000000000002,0.010666666666666668,0.020000000000000004,0.0,0.0,0.0
0.029500000000000002,0.010000000000000009,0.015000000000000001,0.020833333333333336,0.0,0.0,0.0
0.029999999999999995,0.010000000000000009,0.009333333333333334,0.025,0.0,0.0,0.0
0.02666666666666667,0.01,0.010000000000000004,0.023000000000000003,0.0,0.0,0.0
0.034499999999999996,0.010000000000000009,0.011333333333333334,0.027,0.0,0.0,0.0
0.029999999999999995,0.010000000000000009,0.01266666666666667,0.024166666666666666,0.0,0.0,0.0
0.01933333333333333,0.010000000000000009,0.0051666666666666675,0.01633333333333333,0.0,0.0,0.0
0.0205,0.01,0.0075000000000000015,0.017166666666666667,0.0,0.0,0.0
0.02416666666666667,0.010000000000000002,0.009333333333333334,0.020833333333333332,0.0,0.0,0.0
0.03066666666666667,0.010000000000000009,0.016333333333333335,0.021833333333333337,0.0,0.0,0.0
0.030333333333333334,0.01,0.009666666666666667,0.025500000000000002,0.0,0.0,0.0
0.018666666666666665,0.010000000000000002,0.01,0.013833333333333335,0.0,0.0,0.0
0.02183333333333333,0.010000000000000005,0.0058333333333333345,0.019666666666666662,0.0,0.0,0.0
0.021500000000000002,0.01,0.010333333333333337,0.017833333333333336,0.0,0.0,0.0
0.02866666666666667,0.010000000000000009,0.018333333333333333,0.018000000000000006,0.0,0.0,0.0
0.023333333333333338,0.010000000000000009,0.014,0.015333333333333336,0.0,0.0,0.0
0.021166666666666667,0.010000000000000009,0.009833333333333333,0.015166666666666667,0.0,0.0,0.0
0.026166666666666668,0.010000000000000009,0.008666666666666666,0.022500000000000003,0.0,0.0,0.0
0.020666666666666667,0.009999999999999998,0.007500000000000004,0.0185,0.0,0.0,0.0
0.026166666666666664,0.010000000000000009,0.014166666666666666,0.017666666666666667,0.0,0.0,0.0
0.024000000000000004,0.010000000000000009,0.009333333333333336,0.019833333333333335,0.0,0.0,0.0
0.022500000000000003,0.010000000000000009,0.008833333333333335,0.018500000000000003,0.0,0.0,0.0
0.03283333333333333,0.010000000000000005,0.015499999999999998,0.023666666666666666,0.0,0.0,0.0
0.02116666666666667,0.010000000000000009,0.013333333333333338,0.013500000000000005,0.0,0.0,0.0
0.023,0.010000000000000009,0.011000000000000003,0.01916666666666667,0.0,0.0,0.0
0.021500000000000002,0.010000000000000005,0.008833333333333337,0.017333333333333336,0.0,0.0,0.0
0.024,0.010000000000000009,0.004500000000000002,0.023166666666666665,0.0,0.0,0.0
0.027333333333333334,0.010000000000000009,0.006833333333333335,0.02333333333333333,0.0,0.0,0.0
0.015500000000000002,0.0,0.0105,0.008666666666666668,0.0,0.0,0.0
0.01833333333333333,0.010000000000000009,0.009333333333333334,0.014,0.0,0.0,0.0
0.021166666666666667,0.010000000000000009,0.010500000000000002,0.017333333333333333,0.0,0.0,0.0
0.020666666666666663,0.009999999999999998,0.008500000000000002,0.015499999999999996,0.0,0.0,0.0
0.026000000000000002,0.01,0.008666666666666668,0.022166666666666668,0.0,0.0,0.0
0.019166666666666665,0.010000000000000009,0.013833333333333335,0.01216666666666667,0.0,0.0,0.0
0.026000000000000002,0.01,0.007333333333333335,0.023333333333333327,0.0,0.0,0.0
0.014666666666666668,0.01,0.006833333333333335,0.012833333333333335,0.0,0.0,0.0
0.020666666666666663,0.010000000000000009,0.010000000000000002,0.01566666666666667,0.0,0.0,0.0
0.020000000000000004,0.01,0.012833333333333335,0.014000000000000002,0.0,0.0,0.0
0.021500000000000002,0.010000000000000009,0.010000000000000002,0.016666666666666666,0.0,0.0,0.0
0.01716666666666667,0.009999999999999998,0.008166666666666668,0.012833333333333337,0.0,0.0,0.0
0.0185,0.01,0.01,0.014166666666666664,0.0,0.0,0.0
0.024333333333333335,0.010000000000000009,0.009666666666666669,0.018833333333333334,0.0,0.0,0.0
0.023,0.010000000000000002,0.015666666666666666,0.01416666666666667,0.0,0.0,0.0
0.027833333333333328,0.01,0.009666666666666667,0.023,0.0,0.0,0.0
0.026166666666666664,0.010000000000000009,0.013333333333333338,0.020333333333333335,0.0,0.0,0.0
0.03366666666666666,0.010000000000000009,0.017833333333333333,0.02316666666666667,0.0,0.0,0.0
0.026166666666666668,0.010000000000000009,0.012500000000000004,0.020833333333333332,0.0,0.0,0.0
0.015500000000000002,0.009999999999999998,0.005666666666666668,0.0125,0.0,0.0,0.0
0.021833333333333333,0.01,0.007833333333333335,0.01933333333333333,0.0,0.0,0.0
0.021999999999999995,0.009999999999999998,0.011999999999999999,0.014833333333333336,0.0,0.0,0.0
0.02866666666666667,0.010000000000000009,0.012833333333333334,0.021000000000000005,0.0,0.0,0.0
0.02533333333333333,0.010000000000000005,0.008666666666666671,0.022166666666666668,0.0,0.0,0.0
0.021,0.010000000000000002,0.010333333333333335,0.015500000000000003,0.0,0.0,0.0
0.02783333333333333,0.01,0.013833333333333333,0.01916666666666667,0.0,0.0,0.0
0.015500000000000002,0.01,0.008833333333333334,0.011333333333333336,0.0,0.0,0.0
0.021500000000000005,0.010000000000000009,0.009000000000000003,0.017833333333333333,0.0,0.0,0.0
0.023833333333333328,0.01,0.009333333333333334,0.02,0.0,0.0,0.0
0.020333333333333335,0.010000000000000009,0.014333333333333332,0.01166666666666667,0.0,0.0,0.0
0.02333333333333333,0.01,0.007000000000000003,0.019666666666666666,0.0,0.0,0.0
0.01966666666666667,0.010000000000000009,0.007833333333333335,0.015166666666666669,0.0,0.0,0.0
0.015500000000000003,0.01,0.007833333333333335,0.012000000000000002,0.0,0.0,0.0
0.0205,0.010000000000000002,0.013666666666666666,0.012333333333333337,0.0,0.0,0.0
0.025500000000000002,0.010000000000000009,0.008666666666666668,0.020666666666666667,0.0,0.0,0.0
0.018333333333333333,0.010000000000000002,0.010833333333333335,0.013000000000000005,0.0,0.0,0.0
0.016666666666666666,0.01,0.010833333333333334,0.009333333333333336,0.0,0.0,0.0
0.033,0.010000000000000009,0.015666666666666672,0.025333333333333333,0.0,0.0,0.0
0.024833333333333332,0.010000000000000009,0.010833333333333334,0.018333333333333333,0.0,0.0,0.0
0.026666666666666665,0.010000000000000005,0.012333333333333335,0.019666666666666673,0.0,0.0,0.0
0.03433333333333333,0.010000000000000009,0.016,0.02416666666666667,0.0,0.0,0.0
0.021166666666666667,0.009999999999999998,0.01,0.014666666666666665,0.0,0.0,0.0
0.03033333333333333,0.010000000000000009,0.011166666666666667,0.02583333333333333,0.0,0.0,0.0
0.017833333333333333,0.01,0.007833333333333333,0.015000000000000001,0.0,0.0,0.0
0.02366666666666667,0.010000000000000009,0.011000000000000005,0.017833333333333333,0.0,0.0,0.0
0.022500000000000003,0.010000000000000002,0.009000000000000001,0.018000000000000002,0.0,0.0,0.0
0.026666666666666665,0.010000000000000009,0.014666666666666668,0.019166666666666665,0.0,0.0,0.0
0.02483333333333333,0.010000000000000002,0.008833333333333334,0.0205,0.0,0.0,0.0
0.023333333333333334,0.010000000000000009,0.008500000000000006,0.019833333333333328,0.0,0.0,0.0
0.022999999999999996,0.010000000000000005,0.008,0.019166666666666665,0.0,0.0,0.0
0.02283333333333333,0.010000000000000009,0.014500000000000002,0.015833333333333335,0.0,0.0,0.0
0.027333333333333334,0.010000000000000009,0.013333333333333338,0.021333333333333336,0.0,0.0,0.0
0.018500000000000003,0.004999999999999999,0.009166666666666672,0.013500000000000002,0.0,0.0,0.0
0.026666666666666665,0.010000000000000009,0.015000000000000001,0.018500000000000003,0.0,0.0,0.0
0.017333333333333333,0.009999999999999998,0.007000000000000003,0.014333333333333335,0.0,0.0,0.0
0.026000000000000002,0.010000000000000009,0.009333333333333338,0.022333333333333334,0.0,0.0,0.0
0.02616666666666667,0.010000000000000009,0.012333333333333335,0.01983333333333333,0.0,0.0,0.0
0.024833333333333336,0.010000000000000009,0.014166666666666668,0.015833333333333335,0.0,0.0,0.0
0.022166666666666664,0.01,0.0065000000000000014,0.019166666666666665,0.0,0.0,0.0
0.02,0.010000000000000009,0.0115,0.01266666666666667,0.0,0.0,0.0
0.022,0.01,0.007833333333333335,0.01833333333333333,0.0,0.0,0.0
0.022500000000000003,0.010000000000000009,0.011500000000000005,0.016833333333333336,0.0,0.0,0.0
0.024999999999999998,0.010000000000000005,0.0063333333333333375,0.0225,0.0,0.0,0.0
0.024,0.010000000000000009,0.008666666666666668,0.0205,0.0,0.0,0.0
0.024,0.010000000000000009,0.009000000000000001,0.021,0.0,0.0,0.0
0.03233333333333333,0.010000000000000009,0.010833333333333335,0.027166666666666665,0.0,0.0,0.0
0.028833333333333336,0.010000000000000009,0.013833333333333335,0.02033333333333334,0.0,0.0,0.0
0.02783333333333333,0.010000000000000009,0.008833333333333334,0.02283333333333333,0.0,0.0,0.0
0.028333333333333332,0.010000000000000009,0.010833333333333335,0.021833333333333337,0.0,0.0,0.0
0.02016666666666667,0.010000000000000009,0.008666666666666671,0.01666666666666667,0.0,0.0,0.0
0.03183333333333333,0.010000000000000009,0.013833333333333338,0.026333333333333334,0.0,0.0,0.0
0.023333333333333334,0.010000000000000002,0.009500000000000001,0.017333333333333333,0.0,0.0,0.0
0.016333333333333335,0.01,0.007500000000000002,0.012666666666666668,0.0,0.0,0.0
0.017166666666666667,0.01,0.007333333333333333,0.012833333333333335,0.0,0.0,0.0
0.021166666666666667,0.010000000000000005,0.008500000000000002,0.016666666666666666,0.0,0.0,0.0
0.029833333333333326,0.010000000000000009,0.012000000000000002,0.022500000000000003,0.0,0.0,0.0
0.019000000000000003,0.01,0.006833333333333335,0.015000000000000001,0.0,0.0,0.0
0.023166666666666665,0.010000000000000005,0.013500000000000003,0.01566666666666667,0.0,0.0,0.0
0.024333333333333332,0.010000000000000009,0.012500000000000006,0.02033333333333333,0.0,0.0,0.0
0.029833333333333333,0.010000000000000009,0.017333333333333333,0.02033333333333334,0.0,0.0,0.0
0.028166666666666666,0.010000000000000009,0.010000000000000004,0.024666666666666667,0.0,0.0,0.0
0.012333333333333337,0.01,0.004166666666666668,0.010333333333333335,0.0,0.0,0.0
0.027,0.010000000000000002,0.009833333333333335,0.021666666666666664,0.0,0.0,0.0
0.02133333333333333,0.010000000000000002,0.009333333333333336,0.0165,0.0,0.0,0.0
0.0205,0.010000000000000005,0.009666666666666665,0.014500000000000002,0.0,0.0,0.0
0.022000000000000006,0.010000000000000009,0.009833333333333336,0.017500000000000005,0.0,0.0,0.0
0.025,0.01,0.013333333333333334,0.01616666666666667,0.0,0.0,0.0
0.016833333333333336,0.010000000000000009,0.010500000000000002,0.011833333333333336,0.0,0.0,0.0
0.02783333333333333,0.010000000000000005,0.009000000000000001,0.023500000000000004,0.0,0.0,0.0
0.020333333333333335,0.010000000000000009,0.008166666666666668,0.0165,0.0,0.0,0.0
0.02333333333333333,0.010000000000000009,0.0105,0.017333333333333333,0.0,0.0,0.0
0.024333333333333332,0.010000000000000005,0.008000000000000002,0.021666666666666664,0.0,0.0,0.0
0.019666666666666666,0.01,0.011833333333333333,0.013333333333333334,0.0,0.0,0.0
0.017333333333333336,0.010000000000000009,0.008500000000000004,0.014666666666666668,0.0,0.0,0.0
0.03333333333333333,0.010000000000000009,0.012166666666666666,0.027,0.0,0.0,0.0
0.029333333333333333,0.010000000000000002,0.012666666666666666,0.023166666666666665,0.0,0.0,0.0
0.030499999999999992,0.010000000000000005,0.016666666666666666,0.022000000000000002,0.0,0.0,0.0
0.022666666666666665,0.010000000000000002,0.008666666666666665,0.017166666666666667,0.0,0.0,0.0
0.027333333333333334,0.010000000000000005,0.015000000000000003,0.019166666666666665,0.0,0.0,0.0
0.027166666666666665,0.010000000000000009,0.008833333333333334,0.02266666666666666,0.0,0.0,0.0
0.034333333333333334,0.01,0.012666666666666666,0.0275,0.0,0.0,0.0
0.030499999999999996,0.009999999999999998,0.012166666666666668,0.022833333333333334,0.0,0.0,0.0
0.029666666666666664,0.010000000000000009,0.013166666666666669,0.022500000000000003,0.0,0.0,0.0
0.0265,0.010000000000000002,0.012666666666666668,0.019166666666666665,0.0,0.0,0.0
0.025833333333333337,0.010000000000000009,0.008000000000000002,0.021833333333333337,0.0,0.0,0.0
0.021499999999999995,0.009999999999999998,0.0041666666666666675,0.018999999999999996,0.0,0.0,0.0
0.02166666666666667,0.010000000000000009,0.008333333333333335,0.017,0.0,0.0,0.0
0.01933333333333333,0.009999999999999998,0.0075000000000000015,0.015166666666666665,0.0,0.0,0.0
0.021666666666666667,0.01,0.006833333333333335,0.019666666666666666,0.0,0.0,0.0
0.022833333333333334,0.010000000000000009,0.009000000000000005,0.02,0.0,0.0,0.0
0.022500000000000003,0.009999999999999998,0.014666666666666668,0.013666666666666667,0.0,0.0,0.0
0.025166666666666667,0.009999999999999998,0.017166666666666667,0.015000000000000005,0.0,0.0,0.0
0.021833333333333333,0.01,0.009666666666666667,0.017666666666666667,0.0,0.0,0.0
0.019333333333333334,0.010000000000000009,0.011666666666666667,0.013333333333333336,0.0,0.0,0.0
0.035833333333333335,0.010000000000000009,0.01616666666666667,0.026333333333333334,0.0,0.0,0.0
0.0175,0.010000000000000002,0.00816666666666667,0.014500000000000002,0.0,0.0,0.0
0.014833333333333336,0.009999999999999998,0.009833333333333335,0.011333333333333336,0.0,0.0,0.0
0.02033333333333333,0.01,0.00766666666666667,0.017833333333333333,0.0,0.0,0.0
0.025333333333333333,0.010000000000000009,0.014833333333333336,0.016833333333333336,0.0,0.0,0.0
0.018333333333333333,0.010000000000000005,0.012166666666666668,0.011833333333333336,0.0,0.0,0.0
0.02616666666666666,0.01,0.005666666666666668,0.0235,0.0,0.0,0.0
0.020833333333333336,0.010000000000000002,0.009833333333333336,0.016000000000000004,0.0,0.0,0.0
0.01633333333333333,0.009999999999999998,0.0068333333333333345,0.014500000000000002,0.0,0.0,0.0
0.030000000000000002,0.010000000000000009,0.015333333333333336,0.02266666666666667,0.0,0.0,0.0
0.023000000000000003,0.010000000000000009,0.011000000000000003,0.01916666666666667,0.0,0.0,0.0
0.03183333333333333,0.010000000000000009,0.008166666666666671,0.027333333333333328,0.0,0.0,0.0
0.020666666666666667,0.010000000000000005,0.0071666666666666675,0.017333333333333333,0.0,0.0,0.0
0.01766666666666667,0.01,0.009833333333333338,0.014166666666666668,0.0,0.0,0.0
0.0205,0.01,0.011833333333333335,0.014166666666666668,0.0,0.0,0.0
0.026166666666666664,0.010000000000000002,0.017833333333333336,0.01533333333333334,0.0,0.0,0.0
0.02666666666666666,0.010000000000000002,0.012000000000000002,0.019166666666666665,0.0,0.0,0.0
0.020333333333333335,0.010000000000000009,0.00816666666666667,0.017166666666666667,0.0,0.0,0.0
0.024333333333333332,0.010000000000000009,0.015333333333333334,0.01766666666666667,0.0,0.0,0.0
0.01466666666666667,0.010000000000000002,0.0063333333333333375,0.011833333333333336,0.0,0.0,0.0
0.019166666666666665,0.010000000000000002,0.010000000000000004,0.014166666666666668,0.0,0.0,0.0
0.027000000000000003,0.010000000000000009,0.012166666666666668,0.01983333333333333,0.0,0.0,0.0
0.01883333333333333,0.009999999999999998,0.008833333333333335,0.014999999999999998,0.0,0.0,0.0
0.020166666666666663,0.010000000000000009,0.008333333333333335,0.01733333333333333,0.0,0.0,0.0
0.029166666666666664,0.010000000000000009,0.008000000000000002,0.0255,0.0,0.0,0.0
0.013833333333333335,0.010000000000000002,0.005000000000000001,0.011166666666666667,0.0,0.0,0.0
0.0285,0.010000000000000009,0.008666666666666666,0.025,0.0,0.0,0.0
0.0245,0.010000000000000005,0.008000000000000004,0.02,0.0,0.0,0.0
0.021500000000000002,0.01,0.009500000000000003,0.016166666666666666,0.0,0.0,0.0
0.025500000000000002,0.010000000000000009,0.0085,0.021,0.0,0.0,0.0
0.02466666666666667,0.010000000000000005,0.011000000000000003,0.018166666666666668,0.0,0.0,0.0
0.021833333333333326,0.01,0.007666666666666667,0.017666666666666667,0.0,0.0,0.0
0.0335,0.010000000000000009,0.013166666666666667,0.02666666666666667,0.0,0.0,0.0
0.03283333333333333,0.010000000000000009,0.011666666666666669,0.028833333333333336,0.0,0.0,0.0
0.026166666666666668,0.010000000000000009,0.014166666666666666,0.019000000000000003,0.0,0.0,0.0
0.014333333333333335,0.01,0.008833333333333334,0.010166666666666668,0.0,0.0,0.0
0.023333333333333334,0.010000000000000002,0.008166666666666671,0.020666666666666667,0.0,0.0,0.0
0.017166666666666663,0.010000000000000002,0.0051666666666666675,0.01583333333333333,0.0,0.0,0.0
0.028833333333333332,0.010000000000000009,0.011166666666666667,0.023666666666666666,0.0,0.0,0.0
0.017166666666666667,0.01,0.0085,0.011833333333333336,0.0,0.0,0.0
0.022333333333333334,0.010000000000000009,0.007166666666666669,0.02016666666666667,0.0,0.0,0.0
0.01566666666666667,0.009999999999999998,0.006833333333333335,0.012166666666666666,0.0,0.0,0.0
0.022333333333333334,0.010000000000000002,0.007333333333333335,0.019000000000000003,0.0,0.0,0.0
0.018333333333333333,0.01,0.006166666666666669,0.015500000000000002,0.0,0.0,0.0
0.019833333333333328,0.009999999999999998,0.007166666666666667,0.015166666666666665,0.0,0.0,0.0
0.029500000000000002,0.010000000000000009,0.011999999999999999,0.021666666666666664,0.0,0.0,0.0
0.024333333333333332,0.01,0.010833333333333335,0.019333333333333334,0.0,0.0,0.0
0.02233333333333333,0.01,0.0075000000000000015,0.019333333333333334,0.0,0.0,0.0
0.02383333333333333,0.010000000000000005,0.008499999999999999,0.018500000000000003,0.0,0.0,0.0
0.023833333333333335,0.010000000000000005,0.011833333333333338,0.0195,0.0,0.0,0.0
0.018166666666666668,0.01,0.011833333333333335,0.011500000000000003,0.0,0.0,0.0
0.013333333333333338,0.01,0.005666666666666668,0.011000000000000003,0.0,0.0,0.0
0.025,0.01,0.008333333333333335,0.01983333333333333,0.0,0.0,0.0
0.028333333333333332,0.010000000000000009,0.013666666666666667,0.021,0.0,0.0,0.0
0.020333333333333335,0.010000000000000005,0.011333333333333336,0.013500000000000005,0.0,0.0,0.0
0.0185,0.009999999999999998,0.008666666666666666,0.015166666666666665,0.0,0.0,0.0
0.026000000000000002,0.01,0.006500000000000002,0.023833333333333335,0.0,0.0,0.0
0.026999999999999993,0.010000000000000005,0.008666666666666671,0.023666666666666666,0.0,0.0,0.0
0.021166666666666667,0.01,0.007666666666666669,0.018333333333333333,0.0,0.0,0.0
0.0245,0.01,0.011333333333333332,0.0175,0.0,0.0,0.0
0.024666666666666667,0.010000000000000009,0.008833333333333335,0.020666666666666667,0.0,0.0,0.0
0.027500000000000004,0.010000000000000005,0.014166666666666668,0.018333333333333333,0.0,0.0,0.0
0.021,0.010000000000000009,0.011500000000000002,0.015500000000000003,0.0,0.0,0.0
0.013500000000000002,0.009999999999999998,0.005000000000000003,0.0125,0.0,0.0,0.0
0.02666666666666667,0.010000000000000005,0.006500000000000002,0.024166666666666663,0.0,0.0,0.0
0.022166666666666668,0.01,0.011500000000000003,0.016833333333333336,0.0,0.0,0.0
0.02666666666666667,0.010000000000000009,0.011000000000000003,0.021,0.0,0.0,0.0
0.035833333333333335,0.010000000000000005,0.015833333333333335,0.025166666666666664,0.0,0.0,0.0
0.027333333333333334,0.010000000000000009,0.00816666666666667,0.023833333333333335,0.0,0.0,0.0
0.01583333333333333,0.009999999999999998,0.008333333333333335,0.011833333333333333,0.0,0.0,0.0
0.0255,0.010000000000000002,0.015166666666666667,0.0165,0.0,0.0,0.0
0.01966666666666667,0.010000000000000002,0.008666666666666668,0.014833333333333336,0.0,0.0,0.0
0.020166666666666663,0.01,0.0075000000000000015,0.017166666666666667,0.0,0.0,0.0
0.02633333333333333,0.010000000000000005,0.013166666666666669,0.019333333333333334,0.0,0.0,0.0
0.015000000000000001,0.01,0.008166666666666668,0.011333333333333336,0.0,0.0,0.0
0.032499999999999994,0.010000000000000009,0.013333333333333336,0.02583333333333333,0.0,0.0,0.0
0.0195,0.01,0.0051666666666666675,0.017166666666666663,0.0,0.0,0.0
0.033333333333333326,0.010000000000000005,0.010000000000000002,0.02749999999999999,0.0,0.0,0.0
0.022666666666666665,0.009999999999999998,0.01,0.017166666666666667,0.0,0.0,0.0
0.029499999999999995,0.010000000000000009,0.012666666666666668,0.0225,0.0,0.0,0.0
0.02116666666666667,0.010000000000000005,0.011166666666666667,0.01616666666666667,0.0,0.0,0.0
0.017166666666666667,0.01,0.011000000000000003,0.011833333333333336,0.0,0.0,0.0
0.02333333333333333,0.010000000000000005,0.015499999999999998,0.01166666666666667,0.0,0.0,0.0
0.02333333333333333,0.01,0.007666666666666668,0.019000000000000003,0.0,0.0,0.0
0.0175,0.009999999999999998,0.007833333333333336,0.014666666666666668,0.0,0.0,0.0
0.021833333333333333,0.010000000000000009,0.013000000000000003,0.015166666666666667,0.0,0.0,0.0
0.023166666666666662,0.01,0.011166666666666667,0.017333333333333333,0.0,0.0,0.0
0.027500000000000004,0.010000000000000009,0.012500000000000002,0.020500000000000004,0.0,0.0,0.0
0.022833333333333334,0.01,0.007666666666666668,0.019333333333333334,0.0,0.0,0.0
0.0185,0.010000000000000002,0.011500000000000002,0.012333333333333335,0.0,0.0,0.0
0.026833333333333334,0.010000000000000009,0.006833333333333334,0.022666666666666672,0.0,0.0,0.0
0.022666666666666665,0.010000000000000009,0.01,0.01566666666666667,0.0,0.0,0.0
0.018500000000000003,0.010000000000000009,0.0085,0.014166666666666668,0.0,0.0,0.0
0.024666666666666667,0.010000000000000009,0.008666666666666671,0.021500000000000002,0.0,0.0,0.0
0.026499999999999992,0.01,0.014999999999999998,0.017666666666666667,0.0,0.0,0.0
0.023166666666666665,0.010000000000000005,0.012166666666666668,0.015833333333333335,0.0,0.0,0.0
0.029,0.010000000000000009,0.011333333333333334,0.0225,0.0,0.0,0.0
0.027499999999999993,0.010000000000000009,0.009166666666666667,0.0215,0.0,0.0,0.0
0.021333333333333333,0.009999999999999998,0.009999999999999998,0.014666666666666668,0.0,0.0,0.0
0.017166666666666667,0.009999999999999998,0.007000000000000003,0.013833333333333336,0.0,0.0,0.0
0.021333333333333333,0.010000000000000009,0.005166666666666669,0.019666666666666666,0.0,0.0,0.0
0.021166666666666663,0.010000000000000005,0.008833333333333332,0.016,0.0,0.0,0.0
0.027166666666666665,0.010000000000000005,0.014666666666666666,0.018500000000000003,0.0,0.0,0.0
0.024,0.010000000000000009,0.0071666666666666675,0.020833333333333332,0.0,0.0,0.0
0.02016666666666667,0.010000000000000009,0.007333333333333334,0.018000000000000002,0.0,0.0,0.0
0.02633333333333333,0.010000000000000005,0.008833333333333335,0.0215,0.0,0.0,0.0
0.022000000000000002,0.010000000000000005,0.009333333333333336,0.0165,0.0,0.0,0.0
0.018666666666666665,0.009999999999999998,0.005666666666666668,0.015666666666666666,0.0,0.0,0.0
0.029166666666666667,0.010000000000000009,0.014333333333333335,0.02066666666666667,0.0,0.0,0.0
0.02416666666666667,0.01,0.014500000000000002,0.01666666666666667,0.0,0.0,0.0
0.025,0.010000000000000005,0.005000000000000002,0.02283333333333333,0.0,0.0,0.0
0.026500000000000006,0.010000000000000009,0.017,0.018500000000000003,0.0,0.0,0.0
0.018000000000000002,0.01,0.009000000000000001,0.014666666666666668,0.0,0.0,0.0
0.023666666666666666,0.010000000000000009,0.010166666666666668,0.018500000000000003,0.0,0.0,0.0
0.03266666666666666,0.010000000000000009,0.019333333333333334,0.020833333333333332,0.0,0.0,0.0
0.0235,0.01,0.01616666666666667,0.013000000000000005,0.0,0.0,0.0
0.02333333333333333,0.010000000000000009,0.010833333333333335,0.018166666666666664,0.0,0.0,0.0
0.024666666666666667,0.010000000000000005,0.008666666666666671,0.022,0.0,0.0,0.0
0.03349999999999999,0.01,0.011000000000000003,0.027000000000000003,0.0,0.0,0.0
0.015833333333333335,0.01,0.007333333333333333,0.012000000000000004,0.0,0.0,0.0
0.0275,0.010000000000000005,0.009500000000000001,0.02283333333333333,0.0,0.0,0.0
0.023333333333333338,0.010000000000000009,0.008333333333333335,0.019166666666666665,0.0,0.0,0.0
0.021500000000000002,0.01,0.009166666666666668,0.017333333333333333,0.0,0.0,0.0
0.028500000000000004,0.010000000000000009,0.0175,0.018000000000000002,0.0,0.0,0.0
0.019166666666666665,0.010000000000000002,0.0058333333333333345,0.017,0.0,0.0,0.0
0.019000000000000003,0.01,0.008833333333333339,0.016000000000000004,0.0,0.0,0.0
0.019000000000000003,0.010000000000000005,0.010666666666666668,0.01366666666666667,0.0,0.0,0.0
0.02,0.009999999999999998,0.0048333333333333344,0.01783333333333333,0.0,0.0,0.0
0.021833333333333333,0.010000000000000005,0.009833333333333335,0.018000000000000002,0.0,0.0,0.0
0.02066666666666667,0.010000000000000009,0.009333333333333334,0.01566666666666667,0.0,0.0,0.0
0.03033333333333333,0.010000000000000009,0.008333333333333335,0.026666666666666665,0.0,0.0,0.0
0.024166666666666666,0.010000000000000009,0.006666666666666669,0.021333333333333333,0.0,0.0,0.0
0.021000000000000005,0.01,0.00766666666666667,0.017,0.0,0.0,0.0
0.02216666666666666,0.01,0.009666666666666667,0.018666666666666668,0.0,0.0,0.0
0.021333333333333333,0.010000000000000002,0.013333333333333334,0.01416666666666667,0.0,0.0,0.0
0.021666666666666664,0.01,0.009166666666666667,0.015000000000000001,0.0,0.0,0.0
0.029166666666666667,0.010000000000000009,0.012333333333333337,0.023500000000000004,0.0,0.0,0.0
0.019166666666666672,0.009999999999999998,0.0051666666666666675,0.016333333333333335,0.0,0.0,0.0
0.021833333333333333,0.010000000000000009,0.010166666666666668,0.016333333333333335,0.0,0.0,0.0
0.021,0.010000000000000009,0.00816666666666667,0.018000000000000002,0.0,0.0,0.0
0.021333333333333336,0.010000000000000009,0.010666666666666668,0.015333333333333336,0.0,0.0,0.0
0.024833333333333336,0.010000000000000009,0.013500000000000003,0.01666666666666667,0.0,0.0,0.0
0.021166666666666667,0.010000000000000009,0.010000000000000002,0.018166666666666668,0.0,0.0,0.0
0.030000000000000002,0.010000000000000009,0.011833333333333336,0.023000000000000003,0.0,0.0,0.0
0.020833333333333332,0.01,0.008500000000000002,0.016000000000000004,0.0,0.0,0.0
0.01583333333333333,0.009999999999999998,0.009000000000000001,0.010333333333333333,0.0,0.0,0.0
0.02383333333333333,0.010000000000000005,0.0071666666666666675,0.021333333333333333,0.0,0.0,0.0
0.014,0.009999999999999998,0.0058333333333333345,0.011833333333333333,0.0,0.0,0.0
0.032,0.010000000000000009,0.017333333333333333,0.022333333333333334,0.0,0.0,0.0
0.024833333333333332,0.009999999999999998,0.010833333333333332,0.018000000000000002,0.0,0.0,0.0
0.028000000000000004,0.010000000000000009,0.015833333333333335,0.019166666666666672,0.0,0.0,0.0
0.024,0.010000000000000009,0.012500000000000004,0.019166666666666665,0.0,0.0,0.0
0.017666666666666664,0.01,0.005500000000000001,0.014833333333333332,0.0,0.0,0.0
0.028500000000000004,0.010000000000000002,0.0125,0.020500000000000004,0.0,0.0,0.0
0.03283333333333333,0.010000000000000009,0.01016666666666667,0.027999999999999994,0.0,0.0,0.0
0.02333333333333333,0.01,0.009500000000000001,0.017333333333333333,0.0,0.0,0.0
0.0165,0.01,0.007333333333333336,0.013166666666666667,0.0,0.0,0.0
0.030000000000000006,0.010000000000000009,0.010666666666666668,0.024500000000000004,0.0,0.0,0.0
0.019833333333333335,0.01,0.009833333333333338,0.01666666666666667,0.0,0.0,0.0
0.031166666666666662,0.010000000000000002,0.017499999999999998,0.0205,0.0,0.0,0.0
0.03066666666666666,0.010000000000000009,0.013833333333333333,0.02183333333333333,0.0,0.0,0.0
0.02083333333333333,0.01,0.011666666666666665,0.013166666666666667,0.0,0.0,0.0
0.019166666666666665,0.009999999999999998,0.008000000000000002,0.015500000000000002,0.0,0.0,0.0
0.023166666666666665,0.010000000000000002,0.0058333333333333345,0.02033333333333333,0.0,0.0,0.0
0.020833333333333332,0.010000000000000005,0.010166666666666668,0.016333333333333335,0.0,0.0,0.0
0.020666666666666667,0.01,0.009833333333333336,0.017333333333333333,0.0,0.0,0.0
0.024666666666666667,0.010000000000000009,0.012333333333333335,0.016833333333333336,0.0,0.0,0.0
0.03716666666666667,0.010000000000000009,0.011000000000000005,0.033166666666666664,0.0,0.0,0.0
0.02266666666666667,0.010000000000000009,0.008666666666666666,0.017333333333333333,0.0,0.0,0.0
0.014000000000000005,0.01,0.006666666666666669,0.011333333333333336,0.0,0.0,0.0
0.022666666666666665,0.010000000000000009,0.012,0.014333333333333335,0.0,0.0,0.0
0.021500000000000002,0.01,0.013000000000000005,0.014833333333333336,0.0,0.0,0.0
0.019500000000000003,0.010000000000000005,0.010166666666666673,0.015166666666666669,0.0,0.0,0.0
0.024666666666666667,0.010000000000000009,0.015333333333333338,0.016833333333333336,0.0,0.0,0.0
0.026500000000000003,0.010000000000000009,0.011000000000000003,0.021333333333333333,0.0,0.0,0.0
0.02,0.010000000000000009,0.009333333333333334,0.014333333333333333,0.0,0.0,0.0
0.03066666666666667,0.010000000000000009,0.011333333333333336,0.026,0.0,0.0,0.0
0.024333333333333332,0.010000000000000002,0.012333333333333337,0.0185,0.0,0.0,0.0
0.028666666666666667,0.01,0.016833333333333336,0.019,0.0,0.0,0.0
0.029500000000000005,0.010000000000000009,0.014666666666666668,0.020333333333333335,0.0,0.0,0.0
0.013833333333333335,0.009999999999999998,0.007000000000000002,0.011333333333333336,0.0,0.0,0.0
0.028666666666666667,0.010000000000000009,0.007833333333333338,0.026166666666666668,0.0,0.0,0.0
0.014000000000000004,0.01,0.007833333333333336,0.012000000000000004,0.0,0.0,0.0
0.021166666666666667,0.01,0.007166666666666669,0.01883333333333333,0.0,0.0,0.0
0.018000000000000002,0.010000000000000009,0.009666666666666669,0.014500000000000002,0.0,0.0,0.0
0.02583333333333333,0.010000000000000009,0.014166666666666668,0.018333333333333333,0.0,0.0,0.0
0.023666666666666666,0.01,0.0145,0.015833333333333338,0.0,0.0,0.0
0.02316666666666667,0.010000000000000005,0.010333333333333335,0.017833333333333336,0.0,0.0,0.0
0.03433333333333333,0.010000000000000009,0.013000000000000001,0.02633333333333333,0.0,0.0,0.0
0.017666666666666667,0.010000000000000009,0.006500000000000002,0.014666666666666666,0.0,0.0,0.0
0.021500000000000002,0.010000000000000009,0.010666666666666668,0.016833333333333336,0.0,0.0,0.0
0.02533333333333333,0.010000000000000009,0.006333333333333336,0.021666666666666664,0.0,0.0,0.0
0.03500000000000001,0.010000000000000009,0.010166666666666668,0.029,0.0,0.0,0.0
0.019500000000000003,0.010000000000000009,0.008833333333333337,0.01616666666666667,0.0,0.0,0.0
0.01633333333333333,0.009999999999999998,0.0075000000000000015,0.012666666666666666,0.0,0.0,0.0
0.024499999999999997,0.010000000000000005,0.015166666666666667,0.0165,0.0,0.0,0.0
0.011000000000000003,0.009999999999999998,0.006000000000000002,0.008333333333333337,0.0,0.0,0.0
0.028666666666666663,0.010000000000000002,0.009500000000000001,0.02233333333333333,0.0,0.0,0.0
0.022000000000000002,0.010000000000000005,0.012833333333333334,0.015333333333333336,0.0,0.0,0.0
0.021833333333333333,0.010000000000000005,0.011666666666666669,0.015333333333333336,0.0,0.0,0.0
0.028999999999999995,0.010000000000000009,0.010000000000000002,0.02483333333333333,0.0,0.0,0.0
0.015500000000000003,0.01,0.0075000000000000015,0.012666666666666668,0.0,0.0,0.0
0.02183333333333333,0.01,0.011333333333333332,0.014333333333333335,0.0,0.0,0.0
0.017833333333333333,0.01,0.00666666666666667,0.015500000000000002,0.0,0.0,0.0
0.018666666666666665,0.009999999999999998,0.005666666666666668,0.0165,0.0,0.0,0.0
0.02283333333333333,0.010000000000000009,0.012333333333333333,0.01566666666666667,0.0,0.0,0.0
0.023499999999999997,0.010000000000000009,0.012833333333333334,0.0165,0.0,0.0,0.0
0.01216666666666667,0.01,0.005000000000000001,0.010333333333333337,0.0,0.0,0.0
0.028333333333333332,0.010000000000000009,0.007166666666666669,0.024666666666666667,0.0,0.0,0.0
0.024,0.010000000000000009,0.010166666666666668,0.020833333333333332,0.0,0.0,0.0
0.019833333333333335,0.010000000000000002,0.013333333333333334,0.012500000000000004,0.0,0.0,0.0
0.029,0.010000000000000009,0.013000000000000003,0.022333333333333334,0.0,0.0,0.0
0.03033333333333333,0.010000000000000009,0.013333333333333336,0.023166666666666665,0.0,0.0,0.0
0.023499999999999997,0.01,0.009500000000000001,0.018833333333333334,0.0,0.0,0.0
0.021166666666666667,0.010000000000000005,0.011333333333333336,0.015333333333333338,0.0,0.0,0.0
0.02716666666666667,0.010000000000000009,0.014333333333333335,0.020666666666666667,0.0,0.0,0.0
0.019333333333333334,0.009999999999999998,0.0065000000000000014,0.01683333333333333,0.0,0.0,0.0
0.019000000000000003,0.010000000000000009,0.012666666666666668,0.01266666666666667,0.0,0.0,0.0
0.026833333333333334,0.01,0.010833333333333334,0.02033333333333333,0.0,0.0,0.0
0.0235,0.010000000000000009,0.013833333333333331,0.016000000000000004,0.0,0.0,0.0
0.01933333333333333,0.01,0.007833333333333336,0.016666666666666666,0.0,0.0,0.0
0.024166666666666666,0.010000000000000002,0.012000000000000004,0.0175,0.0,0.0,0.0
0.019500000000000003,0.010000000000000004,0.011666666666666667,0.013833333333333336,0.0,0.0,0.0
0.03216666666666667,0.010000000000000002,0.018166666666666664,0.020000000000000007,0.0,0.0,0.0
0.028666666666666663,0.010000000000000005,0.014,0.020333333333333335,0.0,0.0,0.0
0.0245,0.010000000000000002,0.013333333333333334,0.016666666666666666,0.0,0.0,0.0
0.025500000000000002,0.010000000000000009,0.011333333333333336,0.019666666666666666,0.0,0.0,0.0
0.023833333333333328,0.010000000000000002,0.010166666666666666,0.0175,0.0,0.0,0.0
0.02949999999999999,0.010000000000000009,0.015666666666666666,0.0205,0.0,0.0,0.0
0.02333333333333333,0.009999999999999998,0.006500000000000001,0.01883333333333333,0.0,0.0,0.0
0.029999999999999995,0.010000000000000002,0.007666666666666669,0.027333333333333328,0.0,0.0,0.0
0.02783333333333333,0.010000000000000009,0.006500000000000001,0.024,0.0,0.0,0.0
0.03133333333333333,0.010000000000000009,0.016833333333333332,0.021833333333333337,0.0,0.0,0.0
0.023999999999999997,0.010000000000000009,0.011166666666666667,0.018,0.0,0.0,0.0
0.026833333333333334,0.010000000000000009,0.008333333333333335,0.024166666666666666,0.0,0.0,0.0
0.01916666666666667,0.010000000000000009,0.0085,0.015166666666666667,0.0,0.0,0.0
0.02233333333333333,0.01,0.013500000000000002,0.01566666666666667,0.0,0.0,0.0
0.030666666666666665,0.010000000000000009,0.008333333333333335,0.028166666666666666,0.0,0.0,0.0
0.019500000000000003,0.010000000000000009,0.011166666666666667,0.01466666666666667,0.0,0.0,0.0
0.018666666666666665,0.010000000000000005,0.007000000000000003,0.015500000000000002,0.0,0.0,0.0
0.026000000000000006,0.010000000000000009,0.007333333333333335,0.023333333333333334,0.0,0.0,0.0
0.026,0.010000000000000009,0.012166666666666675,0.02166666666666667,0.0,0.0,0.0
0.02733333333333333,0.010000000000000009,0.012833333333333334,0.02033333333333333,0.0,0.0,0.0
0.021500000000000002,0.010000000000000009,0.009000000000000001,0.016666666666666666,0.0,0.0,0.0
0.018166666666666668,0.010000000000000009,0.004500000000000002,0.017333333333333333,0.0,0.0,0.0
0.02033333333333333,0.01,0.008833333333333334,0.016666666666666666,0.0,0.0,0.0
0.025500000000000002,0.01,0.0105,0.01933333333333333,0.0,0.0,0.0
0.027833333333333328,0.01,0.012833333333333334,0.02016666666666667,0.0,0.0,0.0
0.02383333333333333,0.010000000000000002,0.013000000000000001,0.016833333333333332,0.0,0.0,0.0
0.021666666666666667,0.010000000000000009,0.010833333333333339,0.01716666666666667,0.0,0.0,0.0
0.020333333333333328,0.01,0.008833333333333334,0.017333333333333333,0.0,0.0,0.0
0.023,0.010000000000000005,0.011333333333333336,0.01566666666666667,0.0,0.0,0.0
0.01916666666666667,0.010000000000000002,0.012833333333333334,0.012666666666666668,0.0,0.0,0.0
0.02533333333333333,0.010000000000000009,0.015333333333333336,0.0175,0.0,0.0,0.0
0.022500000000000003,0.010000000000000002,0.0068333333333333345,0.02033333333333333,0.0,0.0,0.0
0.024,0.010000000000000009,0.008166666666666668,0.0185,0.0,0.0,0.0
0.02666666666666667,0.010000000000000009,0.009500000000000005,0.021833333333333333,0.0,0.0,0.0
0.019000000000000003,0.010000000000000002,0.008166666666666668,0.014333333333333335,0.0,0.0,0.0
0.027166666666666665,0.010000000000000009,0.009000000000000005,0.023166666666666665,0.0,0.0,0.0
0.024166666666666666,0.010000000000000005,0.009666666666666667,0.02016666666666667,0.0,0.0,0.0
0.02233333333333333,0.01,0.013833333333333335,0.014333333333333337,0.0,0.0,0.0
0.03166666666666666,0.01,0.011333333333333336,0.0255,0.0,0.0,0.0
0.02383333333333333,0.010000000000000009,0.015166666666666669,0.01666666666666667,0.0,0.0,0.0
0.021333333333333333,0.010000000000000009,0.015000000000000003,0.012833333333333339,0.0,0.0,0.0
0.02,0.009999999999999998,0.008333333333333333,0.015333333333333336,0.0,0.0,0.0
0.018166666666666668,0.01,0.009333333333333334,0.012833333333333335,0.0,0.0,0.0
0.03333333333333333,0.010000000000000002,0.008833333333333335,0.02866666666666667,0.0,0.0,0.0
0.024500000000000004,0.010000000000000009,0.009500000000000005,0.020333333333333335,0.0,0.0,0.0
0.026666666666666665,0.01,0.009000000000000001,0.022166666666666664,0.0,0.0,0.0
0.025666666666666667,0.010000000000000002,0.007833333333333335,0.022000000000000002,0.0,0.0,0.0
0.023666666666666662,0.010000000000000009,0.009500000000000001,0.018666666666666665,0.0,0.0,0.0
0.025166666666666667,0.010000000000000009,0.011833333333333333,0.018333333333333333,0.0,0.0,0.0
0.019833333333333335,0.01,0.008166666666666668,0.0165,0.0,0.0,0.0
0.030000000000000006,0.010000000000000009,0.008000000000000005,0.027333333333333334,0.0,0.0,0.0
0.01966666666666667,0.010000000000000009,0.00766666666666667,0.016,0.0,0.0,0.0
0.017333333333333336,0.01,0.006833333333333335,0.014500000000000002,0.0,0.0,0.0
0.02783333333333333,0.010000000000000009,0.012333333333333333,0.021333333333333333,0.0,0.0,0.0
0.022500000000000003,0.010000000000000009,0.012500000000000004,0.016666666666666666,0.0,0.0,0.0
0.029500000000000002,0.010000000000000009,0.012166666666666664,0.022333333333333334,0.0,0.0,0.0
0.028833333333333332,0.010000000000000009,0.01733333333333333,0.018000000000000002,0.0,0.0,0.0
0.02516666666666667,0.010000000000000009,0.007833333333333335,0.021500000000000002,0.0,0.0,0.0
0.0175,0.010000000000000005,0.0085,0.012500000000000004,0.0,0.0,0.0
0.021666666666666664,0.010000000000000002,0.009333333333333334,0.016833333333333332,0.0,0.0,0.0
0.019166666666666665,0.01,0.008500000000000002,0.014833333333333334,0.0,0.0,0.0
0.027666666666666666,0.010000000000000009,0.014833333333333336,0.02016666666666667,0.0,0.0,0.0
0.0185,0.01,0.006000000000000001,0.016,0.0,0.0,0.0
0.02233333333333333,0.010000000000000005,0.012166666666666666,0.016333333333333335,0.0,0.0,0.0
0.021,0.01,0.010500000000000002,0.015166666666666667,0.0,0.0,0.0
0.014833333333333336,0.01,0.006333333333333335,0.012166666666666668,0.0,0.0,0.0
0.021333333333333333,0.009999999999999998,0.010166666666666668,0.015833333333333335,0.0,0.0,0.0
0.024500000000000004,0.010000000000000009,0.014166666666666668,0.015500000000000003,0.0,0.0,0.0
0.02766666666666667,0.01,0.012166666666666666,0.02016666666666667,0.0,0.0,0.0
0.024500000000000004,0.010000000000000005,0.013333333333333332,0.016333333333333335,0.0,0.0,0.0
0.025166666666666667,0.010000000000000005,0.01116666666666667,0.02033333333333333,0.0,0.0,0.0
0.022666666666666665,0.010000000000000002,0.014166666666666666,0.014166666666666671,0.0,0.0,0.0
0.021666666666666667,0.010000000000000005,0.011500000000000003,0.015166666666666669,0.0,0.0,0.0
0.034833333333333334,0.010000000000000002,0.013000000000000001,0.026666666666666665,0.0,0.0,0.0
0.030666666666666665,0.010000000000000009,0.012666666666666668,0.025333333333333336,0.0,0.0,0.0
0.019333333333333338,0.010000000000000009,0.010666666666666668,0.015500000000000003,0.0,0.0,0.0
0.020833333333333336,0.010000000000000009,0.008833333333333335,0.017,0.0,0.0,0.0
0.02916666666666667,0.010000000000000009,0.018000000000000006,0.020500000000000004,0.0,0.0,0.0
0.026333333333333334,0.010000000000000009,0.010833333333333337,0.02283333333333333,0.0,0.0,0.0
0.02666666666666667,0.010000000000000009,0.010166666666666668,0.022333333333333337,0.0,0.0,0.0
0.028833333333333332,0.010000000000000009,0.013500000000000002,0.021166666666666667,0.0,0.0,0.0
0.026000000000000006,0.010000000000000009,0.011833333333333336,0.020500000000000004,0.0,0.0,0.0
0.021833333333333333,0.01,0.009166666666666667,0.0165,0.0,0.0,0.0
0.02233333333333333,0.010000000000000009,0.009333333333333334,0.017333333333333333,0.0,0.0,0.0
0.017166666666666663,0.009999999999999998,0.005666666666666667,0.015166666666666665,0.0,0.0,0.0
0.030166666666666665,0.010000000000000009,0.012666666666666668,0.023000000000000003,0.0,0.0,0.0
0.022,0.010000000000000009,0.011333333333333334,0.016500000000000004,0.0,0.0,0.0
0.022333333333333334,0.009999999999999998,0.0063333333333333375,0.02,0.0,0.0,0.0
0.022166666666666668,0.01,0.008833333333333335,0.017666666666666667,0.0,0.0,0.0
0.02083333333333333,0.01,0.011,0.013500000000000002,0.0,0.0,0.0
0.013833333333333335,0.009999999999999998,0.004500000000000002,0.012,0.0,0.0,0.0
0.01916666666666667,0.010000000000000009,0.012333333333333335,0.012333333333333339,0.0,0.0,0.0
0.02366666666666667,0.010000000000000009,0.010833333333333335,0.0175,0.0,0.0,0.0
0.03149999999999999,0.010000000000000009,0.0145,0.022166666666666668,0.0,0.0,0.0
0.0245,0.010000000000000009,0.008833333333333334,0.020166666666666666,0.0,0.0,0.0
0.0205,0.010000000000000005,0.013000000000000001,0.013000000000000005,0.0,0.0,0.0
0.022000000000000002,0.010000000000000002,0.005833333333333337,0.02,0.0,0.0,0.0
0.021333333333333333,0.010000000000000009,0.011333333333333334,0.01516666666666667,0.0,0.0,0.0
0.023,0.010000000000000009,0.010333333333333337,0.01783333333333333,0.0,0.0,0.0
0.02383333333333333,0.010000000000000009,0.008000000000000002,0.02,0.0,0.0,0.0
0.0255,0.010000000000000009,0.018000000000000002,0.015000000000000006,0.0,0.0,0.0
0.016833333333333336,0.010000000000000009,0.008333333333333337,0.014500000000000002,0.0,0.0,0.0
0.0315,0.010000000000000009,0.017666666666666667,0.021000000000000005,0.0,0.0,0.0
0.022500000000000003,0.01,0.011666666666666669,0.017333333333333333,0.0,0.0,0.0
0.02333333333333333,0.010000000000000005,0.011333333333333336,0.017166666666666667,0.0,0.0,0.0
0.023000000000000007,0.010000000000000009,0.010000000000000002,0.018666666666666668,0.0,0.0,0.0
0.022666666666666672,0.01,0.006000000000000001,0.0195,0.0,0.0,0.0
0.027500000000000004,0.010000000000000009,0.007333333333333336,0.025500000000000002,0.0,0.0,0.0
0.020833333333333332,0.01,0.008000000000000002,0.016833333333333332,0.0,0.0,0.0
0.015833333333333335,0.009999999999999998,0.008500000000000004,0.012500000000000002,0.0,0.0,0.0
0.03133333333333333,0.010000000000000009,0.010166666666666668,0.025833333333333333,0.0,0.0,0.0
0.02333333333333333,0.01,0.008333333333333333,0.018666666666666665,0.0,0.0,0.0
0.017166666666666667,0.010000000000000002,0.007000000000000002,0.013666666666666667,0.0,0.0,0.0
0.014333333333333337,0.009999999999999998,0.007000000000000003,0.010500000000000004,0.0,0.0,0.0
0.030000000000000002,0.010000000000000009,0.013166666666666667,0.0225,0.0,0.0,0.0
0.022166666666666668,0.010000000000000002,0.013000000000000001,0.014666666666666672,0.0,0.0,0.0
0.015166666666666667,0.01,0.00566666666666667,0.013,0.0,0.0,0.0
0.0255,0.010000000000000009,0.009833333333333335,0.020333333333333328,0.0,0.0,0.0
0.02766666666666667,0.010000000000000009,0.009666666666666669,0.024166666666666663,0.0,0.0,0.0
0.02716666666666667,0.010000000000000009,0.013833333333333335,0.01966666666666667,0.0,0.0,0.0
0.02583333333333333,0.01,0.007666666666666668,0.021666666666666664,0.0,0.0,0.0
0.030499999999999992,0.010000000000000009,0.009166666666666667,0.024999999999999998,0.0,0.0,0.0
0.0245,0.010000000000000002,0.010500000000000002,0.0195,0.0,0.0,0.0
0.038333333333333316,0.010000000000000009,0.013833333333333338,0.03166666666666666,0.0,0.0,0.0
0.034499999999999996,0.010000000000000009,0.014500000000000002,0.027166666666666665,0.0,0.0,0.0
0.030999999999999996,0.010000000000000009,0.010333333333333335,0.025,0.0,0.0,0.0
0.026833333333333338,0.010000000000000009,0.013333333333333332,0.019833333333333335,0.0,0.0,0.0
0.019166666666666665,0.01,0.007333333333333335,0.016000000000000004,0.0,0.0,0.0
0.021,0.010000000000000005,0.010000000000000002,0.016333333333333335,0.0,0.0,0.0
0.025333333333333333,0.010000000000000009,0.010000000000000002,0.019833333333333335,0.0,0.0,0.0
0.030499999999999992,0.010000000000000009,0.013999999999999997,0.021666666666666664,0.0,0.0,0.0
0.025166666666666667,0.010000000000000009,0.00666666666666667,0.0235,0.0,0.0,0.0
0.014666666666666666,0.01,0.0058333333333333345,0.012166666666666666,0.0,0.0,0.0
0.036,0.010000000000000009,0.011000000000000003,0.030166666666666668,0.0,0.0,0.0
0.0255,0.010000000000000009,0.010833333333333334,0.020333333333333335,0.0,0.0,0.0
0.02316666666666667,0.010000000000000002,0.011666666666666669,0.018000000000000002,0.0,0.0,0.0
0.022333333333333334,0.010000000000000009,0.009333333333333338,0.019,0.0,0.0,0.0
0.033999999999999996,0.010000000000000009,0.011500000000000003,0.028833333333333336,0.0,0.0,0.0
0.017333333333333333,0.01,0.010333333333333335,0.013000000000000001,0.0,0.0,0.0
0.023833333333333335,0.01,0.012166666666666668,0.016833333333333332,0.0,0.0,0.0
0.019500000000000003,0.010000000000000009,0.006833333333333335,0.016833333333333336,0.0,0.0,0.0
0.02066666666666667,0.010000000000000009,0.009333333333333334,0.015000000000000003,0.0,0.0,0.0
0.0175,0.01,0.009333333333333334,0.014166666666666668,0.0,0.0,0.0
0.023166666666666665,0.010000000000000002,0.012833333333333335,0.015333333333333334,0.0,0.0,0.0
0.01883333333333333,0.0,0.011000000000000001,0.012166666666666668,0.0,0.0,0.0
0.026333333333333334,0.010000000000000002,0.007833333333333336,0.023500000000000004,0.0,0.0,0.0
0.0235,0.01,0.0065000000000000014,0.021166666666666667,0.0,0.0,0.0
0.024666666666666667,0.01,0.012666666666666666,0.017500000000000005,0.0,0.0,0.0
0.021833333333333333,0.010000000000000009,0.004500000000000002,0.020666666666666667,0.0,0.0,0.0
0.01783333333333333,0.009999999999999998,0.007000000000000001,0.0135,0.0,0.0,0.0
0.02333333333333333,0.010000000000000009,0.010833333333333337,0.018666666666666668,0.0,0.0,0.0
0.0275,0.01,0.008333333333333335,0.024833333333333332,0.0,0.0,0.0
0.02933333333333333,0.010000000000000009,0.012,0.02283333333333333,0.0,0.0,0.0
0.025500000000000005,0.010000000000000009,0.016000000000000004,0.018000000000000006,0.0,0.0,0.0
0.021166666666666667,0.01,0.0115,0.014166666666666668,0.0,0.0,0.0
0.020333333333333335,0.010000000000000009,0.010333333333333333,0.014166666666666671,0.0,0.0,0.0
0.02983333333333333,0.010000000000000009,0.0125,0.023833333333333335,0.0,0.0,0.0
0.017833333333333333,0.009999999999999998,0.0058333333333333345,0.015166666666666667,0.0,0.0,0.0
0.025,0.010000000000000009,0.009833333333333335,0.019666666666666666,0.0,0.0,0.0
0.021166666666666667,0.010000000000000009,0.010333333333333333,0.015500000000000002,0.0,0.0,0.0
0.030500000000000003,0.010000000000000009,0.009333333333333334,0.025666666666666667,0.0,0.0,0.0
0.02366666666666667,0.010000000000000005,0.008333333333333335,0.02033333333333333,0.0,0.0,0.0
0.025,0.009999999999999998,0.011333333333333332,0.01716666666666667,0.0,0.0,0.0
0.03066666666666667,0.010000000000000009,0.0105,0.02383333333333333,0.0,0.0,0.0
0.013000000000000003,0.01,0.004333333333333334,0.010333333333333335,0.0,0.0,0.0
0.022166666666666668,0.010000000000000009,0.011333333333333334,0.01616666666666667,0.0,0.0,0.0
0.01716666666666667,0.009999999999999998,0.0085,0.014166666666666668,0.0,0.0,0.0
0.034999999999999996,0.010000000000000005,0.013666666666666669,0.0265,0.0,0.0,0.0
0.019333333333333334,0.009999999999999998,0.009666666666666669,0.014833333333333336,0.0,0.0,0.0
0.02666666666666667,0.010000000000000009,0.009333333333333336,0.022166666666666668,0.0,0.0,0.0
0.019833333333333335,0.009999999999999998,0.006666666666666669,0.016499999999999997,0.0,0.0,0.0
0.026999999999999993,0.010000000000000009,0.011166666666666667,0.021000000000000005,0.0,0.0,0.0
0.026,0.010000000000000002,0.010500000000000002,0.019166666666666665,0.0,0.0,0.0
0.027500000000000004,0.010000000000000009,0.011500000000000002,0.021333333333333336,0.0,0.0,0.0
0.026166666666666668,0.010000000000000005,0.011166666666666667,0.019666666666666666,0.0,0.0,0.0
0.02383333333333333,0.010000000000000002,0.009166666666666668,0.020166666666666666,0.0,0.0,0.0
0.018500000000000003,0.010000000000000002,0.007666666666666668,0.013833333333333333,0.0,0.0,0.0
0.02383333333333333,0.010000000000000005,0.011166666666666668,0.01716666666666667,0.0,0.0,0.0
0.022666666666666665,0.010000000000000002,0.008333333333333337,0.018666666666666668,0.0,0.0,0.0
0.01983333333333333,0.009999999999999998,0.009500000000000001,0.015333333333333334,0.0,0.0,0.0
0.040333333333333325,0.015000000000000003,0.0175,0.030833333333333334,0.0,0.0,0.0
0.026500000000000003,0.010000000000000009,0.014833333333333336,0.019500000000000007,0.0,0.0,0.0
0.01966666666666667,0.01,0.008000000000000002,0.014833333333333336,0.0,0.0,0.0
0.025166666666666667,0.010000000000000009,0.014666666666666668,0.01716666666666667,0.0,0.0,0.0
0.021166666666666667,0.01,0.009166666666666668,0.016499999999999997,0.0,0.0,0.0
0.026666666666666665,0.010000000000000009,0.012166666666666668,0.020333333333333335,0.0,0.0,0.0
0.023999999999999997,0.009999999999999998,0.011666666666666667,0.017000000000000005,0.0,0.0,0.0
0.03583333333333334,0.010000000000000009,0.012166666666666668,0.028666666666666663,0.0,0.0,0.0
0.02133333333333333,0.01,0.007500000000000003,0.017833333333333333,0.0,0.0,0.0
0.02316666666666667,0.010000000000000009,0.01566666666666667,0.01366666666666667,0.0,0.0,0.0
0.02283333333333333,0.010000000000000002,0.008666666666666671,0.017833333333333333,0.0,0.0,0.0
0.016833333333333332,0.01,0.008333333333333337,0.012833333333333337,0.0,0.0,0.0
0.02266666666666667,0.010000000000000002,0.009666666666666667,0.017833333333333333,0.0,0.0,0.0
0.027166666666666665,0.01,0.009,0.02233333333333333,0.0,0.0,0.0
0.020833333333333332,0.009999999999999998,0.005500000000000001,0.018833333333333334,0.0,0.0,0.0
0.02316666666666667,0.010000000000000009,0.008166666666666671,0.021333333333333333,0.0,0.0,0.0
0.02333333333333333,0.010000000000000002,0.010833333333333334,0.016333333333333335,0.0,0.0,0.0
0.024166666666666663,0.010000000000000002,0.013333333333333336,0.017,0.0,0.0,0.0
0.015000000000000003,0.01,0.005666666666666669,0.012833333333333334,0.0,0.0,0.0
0.015000000000000003,0.009999999999999998,0.009500000000000001,0.010500000000000004,0.0,0.0,0.0
0.022,0.009999999999999998,0.009833333333333333,0.016,0.0,0.0,0.0
0.029833333333333333,0.010000000000000009,0.01216666666666667,0.02333333333333333,0.0,0.0,0.0
0.024,0.010000000000000009,0.010666666666666668,0.018333333333333333,0.0,0.0,0.0
0.023333333333333334,0.010000000000000009,0.008166666666666671,0.02033333333333333,0.0,0.0,0.0
0.021166666666666667,0.009999999999999998,0.0058333333333333345,0.01883333333333333,0.0,0.0,0.0
0.021333333333333333,0.010000000000000002,0.008333333333333335,0.017666666666666667,0.0,0.0,0.0
0.022833333333333334,0.010000000000000002,0.009833333333333335,0.01583333333333333,0.0,0.0,0.0
0.02683333333333333,0.010000000000000009,0.014833333333333336,0.01966666666666667,0.0,0.0,0.0
0.029500000000000005,0.010000000000000002,0.015500000000000007,0.022333333333333334,0.0,0.0,0.0
0.025833333333333333,0.01,0.012166666666666668,0.01983333333333333,0.0,0.0,0.0
0.022000000000000002,0.01,0.006000000000000003,0.01966666666666667,0.0,0.0,0.0
0.020666666666666667,0.010000000000000009,0.013000000000000005,0.01416666666666667,0.0,0.0,0.0
0.021333333333333333,0.01,0.008833333333333334,0.017,0.0,0.0,0.0
0.03216666666666667,0.010000000000000009,0.013500000000000003,0.026500000000000003,0.0,0.0,0.0
0.01766666666666667,0.009999999999999998,0.009666666666666667,0.012000000000000004,0.0,0.0,0.0
0.026333333333333337,0.010000000000000005,0.011000000000000003,0.020333333333333335,0.0,0.0,0.0
0.026666666666666665,0.010000000000000009,0.007499999999999999,0.022333333333333327,0.0,0.0,0.0
0.024499999999999997,0.010000000000000002,0.009833333333333336,0.0195,0.0,0.0,0.0
0.030833333333333334,0.010000000000000009,0.011166666666666668,0.02566666666666667,0.0,0.0,0.0
0.028333333333333335,0.010000000000000009,0.011833333333333336,0.023000000000000007,0.0,0.0,0.0
0.019333333333333338,0.010000000000000009,0.01316666666666667,0.012500000000000004,0.0,0.0,0.0
0.018833333333333334,0.010000000000000002,0.009000000000000001,0.014,0.0,0.0,0.0
0.03183333333333333,0.010000000000000009,0.015166666666666669,0.024666666666666667,0.0,0.0,0.0
0.018500000000000003,0.010000000000000009,0.006833333333333333,0.014333333333333337,0.0,0.0,0.0
0.017833333333333333,0.01,0.006000000000000002,0.015000000000000003,0.0,0.0,0.0
0.025500000000000002,0.010000000000000002,0.010166666666666666,0.0205,0.0,0.0,0.0
0.020666666666666667,0.010000000000000009,0.011000000000000003,0.015500000000000003,0.0,0.0,0.0
0.025166666666666664,0.01,0.008833333333333334,0.02033333333333333,0.0,0.0,0.0
0.03216666666666666,0.010000000000000009,0.012666666666666666,0.027166666666666665,0.0,0.0,0.0
0.0195,0.010000000000000002,0.0058333333333333345,0.016166666666666666,0.0,0.0,0.0
0.023000000000000007,0.010000000000000009,0.008833333333333335,0.019333333333333334,0.0,0.0,0.0
0.02033333333333334,0.010000000000000002,0.005333333333333337,0.018500000000000003,0.0,0.0,0.0
0.026000000000000002,0.010000000000000009,0.012000000000000004,0.020833333333333332,0.0,0.0,0.0
0.020666666666666667,0.009999999999999998,0.007666666666666669,0.018000000000000002,0.0,0.0,0.0
0.022166666666666668,0.010000000000000005,0.009666666666666667,0.01716666666666667,0.0,0.0,0.0
0.014833333333333334,0.01,0.005166666666666669,0.013833333333333335,0.0,0.0,0.0
0.021833333333333333,0.010000000000000009,0.01066666666666667,0.017166666666666667,0.0,0.0,0.0
0.022500000000000003,0.010000000000000005,0.009000000000000001,0.017500000000000005,0.0,0.0,0.0
0.019833333333333335,0.010000000000000002,0.008000000000000002,0.01566666666666667,0.0,0.0,0.0
0.0165,0.009999999999999998,0.008666666666666666,0.012333333333333335,0.0,0.0,0.0
0.033166666666666664,0.010000000000000009,0.011166666666666668,0.026833333333333334,0.0,0.0,0.0
0.015166666666666667,0.01,0.004833333333333336,0.013333333333333334,0.0,0.0,0.0
0.02916666666666666,0.010000000000000009,0.015000000000000003,0.02,0.0,0.0,0.0
0.03016666666666666,0.010000000000000009,0.012333333333333335,0.024166666666666663,0.0,0.0,0.0
0.02283333333333333,0.010000000000000005,0.011500000000000003,0.0165,0.0,0.0,0.0
0.022000000000000002,0.010000000000000009,0.010000000000000004,0.01783333333333333,0.0,0.0,0.0
0.028833333333333332,0.010000000000000009,0.009833333333333335,0.025500000000000005,0.0,0.0,0.0
0.03149999999999999,0.010000000000000009,0.01066666666666667,0.025833333333333333,0.0,0.0,0.0
0.027000000000000003,0.010000000000000009,0.011333333333333336,0.022000000000000006,0.0,0.0,0.0
0.029500000000000002,0.010000000000000009,0.007000000000000003,0.027000000000000003,0.0,0.0,0.0
0.021166666666666663,0.010000000000000005,0.006500000000000004,0.019000000000000003,0.0,0.0,0.0
0.024333333333333335,0.010000000000000005,0.015500000000000002,0.014833333333333337,0.0,0.0,0.0
0.013166666666666667,0.01,0.0058333333333333345,0.0115,0.0,0.0,0.0
0.026999999999999993,0.010000000000000009,0.010833333333333335,0.02183333333333333,0.0,0.0,0.0
0.025666666666666664,0.01,0.007166666666666668,0.02283333333333333,0.0,0.0,0.0
0.029833333333333337,0.010000000000000009,0.010166666666666668,0.024333333333333335,0.0,0.0,0.0
0.022833333333333334,0.010000000000000009,0.011333333333333336,0.018000000000000002,0.0,0.0,0.0
0.03266666666666666,0.010000000000000009,0.010166666666666668,0.028666666666666667,0.0,0.0,0.0
0.020166666666666666,0.01,0.005333333333333333,0.017166666666666667,0.0,0.0,0.0
0.0165,0.009999999999999998,0.003833333333333335,0.015333333333333334,0.0,0.0,0.0
0.016000000000000004,0.01,0.009666666666666669,0.010666666666666668,0.0,0.0,0.0
0.028166666666666666,0.010000000000000009,0.015500000000000002,0.019166666666666672,0.0,0.0,0.0
0.025500000000000002,0.010000000000000009,0.009833333333333335,0.020666666666666667,0.0,0.0,0.0
0.014833333333333334,0.009999999999999998,0.008666666666666668,0.009833333333333335,0.0,0.0,0.0
0.025,0.010000000000000005,0.011166666666666668,0.018666666666666668,0.0,0.0,0.0
0.026166666666666668,0.010000000000000009,0.013666666666666667,0.018166666666666668,0.0,0.0,0.0
0.02316666666666667,0.009999999999999998,0.007000000000000001,0.01966666666666667,0.0,0.0,0.0
0.0245,0.010000000000000005,0.013833333333333335,0.01566666666666667,0.0,0.0,0.0
0.03283333333333333,0.010000000000000009,0.013333333333333336,0.026000000000000002,0.0,0.0,0.0
0.020666666666666663,0.009999999999999998,0.008,0.016333333333333335,0.0,0.0,0.0
0.03666666666666665,0.010000000000000002,0.012833333333333335,0.028999999999999995,0.0,0.0,0.0
0.0265,0.010000000000000005,0.008500000000000002,0.021666666666666667,0.0,0.0,0.0
0.018666666666666665,0.009999999999999998,0.008000000000000002,0.014833333333333334,0.0,0.0,0.0
0.0315,0.010000000000000009,0.011000000000000001,0.024,0.0,0.0,0.0
0.018833333333333337,0.01,0.008500000000000004,0.01566666666666667,0.0,0.0,0.0
0.032999999999999995,0.010000000000000009,0.011833333333333336,0.026166666666666668,0.0,0.0,0.0
0.029500000000000002,0.010000000000000005,0.009166666666666667,0.025,0.0,0.0,0.0
0.02483333333333333,0.010000000000000005,0.0071666666666666675,0.02183333333333333,0.0,0.0,0.0
0.026833333333333334,0.010000000000000009,0.009333333333333334,0.021500000000000002,0.0,0.0,0.0
0.022833333333333327,0.010000000000000002,0.011,0.016833333333333332,0.0,0.0,0.0
0.02933333333333333,0.010000000000000002,0.007833333333333333,0.02483333333333333,0.0,0.0,0.0
0.019000000000000003,0.01,0.0070000000000000045,0.017166666666666667,0.0,0.0,0.0
0.021,0.009999999999999998,0.009166666666666668,0.015833333333333335,0.0,0.0,0.0
0.02733333333333333,0.010000000000000009,0.013833333333333335,0.020166666666666666,0.0,0.0,0.0
0.018500000000000003,0.010000000000000002,0.009833333333333335,0.013666666666666669,0.0,0.0,0.0
0.020833333333333332,0.010000000000000002,0.009500000000000001,0.016000000000000004,0.0,0.0,0.0
0.021,0.010000000000000002,0.009833333333333335,0.0165,0.0,0.0,0.0
0.026,0.01,0.010166666666666668,0.021500000000000002,0.0,0.0,0.0
0.0225,0.010000000000000005,0.007666666666666668,0.018166666666666668,0.0,0.0,0.0
0.021166666666666667,0.010000000000000009,0.010833333333333335,0.015666666666666666,0.0,0.0,0.0
0.029333333333333333,0.01,0.010666666666666668,0.02266666666666667,0.0,0.0,0.0
0.02033333333333333,0.01,0.008833333333333334,0.016,0.0,0.0,0.0
0.02633333333333333,0.010000000000000009,0.010000000000000004,0.024,0.0,0.0,0.0
0.01933333333333333,0.009999999999999998,0.013333333333333334,0.012000000000000004,0.0,0.0,0.0
0.022333333333333334,0.01,0.010000000000000005,0.018500000000000003,0.0,0.0,0.0
0.015499999999999998,0.009999999999999998,0.005333333333333335,0.013499999999999996,0.0,0.0,0.0
0.019000000000000003,0.010000000000000009,0.009000000000000003,0.014500000000000002,0.0,0.0,0.0
0.022166666666666664,0.01,0.007833333333333333,0.017166666666666667,0.0,0.0,0.0
0.020833333333333336,0.01,0.01216666666666667,0.014500000000000002,0.0,0.0,0.0
0.019833333333333328,0.009999999999999998,0.007499999999999999,0.014833333333333332,0.0,0.0,0.0
0.01966666666666667,0.01,0.013333333333333336,0.012000000000000004,0.0,0.0,0.0
0.023666666666666662,0.010000000000000009,0.0058333333333333345,0.022166666666666664,0.0,0.0,0.0
0.023000000000000003,0.010000000000000005,0.009833333333333336,0.018166666666666668,0.0,0.0,0.0
0.015333333333333336,0.01,0.007000000000000002,0.012666666666666668,0.0,0.0,0.0
0.022666666666666665,0.010000000000000002,0.012833333333333334,0.015333333333333336,0.0,0.0,0.0
0.02383333333333333,0.010000000000000002,0.009000000000000003,0.0205,0.0,0.0,0.0
0.017333333333333333,0.009999999999999998,0.005166666666666669,0.016,0.0,0.0,0.0
0.019500000000000003,0.010000000000000002,0.008833333333333335,0.015833333333333335,0.0,0.0,0.0
0.0255,0.010000000000000009,0.008833333333333337,0.023,0.0,0.0,0.0
0.022166666666666668,0.010000000000000002,0.008000000000000002,0.01833333333333333,0.0,0.0,0.0
0.019000000000000003,0.010000000000000005,0.0085,0.015166666666666667,0.0,0.0,0.0
0.016833333333333332,0.009999999999999998,0.007166666666666668,0.014166666666666664,0.0,0.0,0.0
0.02333333333333333,0.010000000000000002,0.010000000000000002,0.018333333333333333,0.0,0.0,0.0
0.026000000000000002,0.01,0.01683333333333333,0.014000000000000004,0.0,0.0,0.0
0.01566666666666667,0.01,0.008500000000000002,0.011166666666666668,0.0,0.0,0.0
0.02266666666666667,0.01,0.011500000000000003,0.018333333333333333,0.0,0.0,0.0
0.01816666666666667,0.010000000000000002,0.012333333333333335,0.011500000000000005,0.0,0.0,0.0
0.01833333333333333,0.010000000000000002,0.008166666666666666,0.013666666666666667,0.0,0.0,0.0
0.021833333333333337,0.010000000000000009,0.009000000000000001,0.01766666666666667,0.0,0.0,0.0
0.021166666666666667,0.010000000000000002,0.010000000000000002,0.01666666666666667,0.0,0.0,0.0
0.020833333333333332,0.01,0.005333333333333335,0.018333333333333333,0.0,0.0,0.0
0.024333333333333335,0.010000000000000009,0.013666666666666667,0.017166666666666667,0.0,0.0,0.0
0.02016666666666667,0.01,0.006000000000000003,0.018333333333333333,0.0,0.0,0.0
0.018666666666666665,0.009999999999999998,0.007833333333333336,0.014500000000000002,0.0,0.0,0.0
0.028499999999999994,0.010000000000000009,0.012666666666666668,0.021333333333333333,0.0,0.0,0.0
0.022,0.009999999999999998,0.007833333333333335,0.017166666666666663,0.0,0.0,0.0
0.019500000000000003,0.010000000000000009,0.009333333333333334,0.014666666666666668,0.0,0.0,0.0
0.023500000000000004,0.010000000000000005,0.009333333333333334,0.019500000000000003,0.0,0.0,0.0
0.0245,0.010000000000000005,0.008,0.020666666666666667,0.0,0.0,0.0
0.021500000000000002,0.009999999999999998,0.006166666666666667,0.018333333333333333,0.0,0.0,0.0
0.0255,0.01,0.009666666666666667,0.021166666666666667,0.0,0.0,0.0
0.015166666666666669,0.01,0.006166666666666669,0.013166666666666669,0.0,0.0,0.0
0.022,0.01,0.011666666666666667,0.014666666666666668,0.0,0.0,0.0
0.0265,0.010000000000000009,0.010500000000000002,0.021166666666666667,0.0,0.0,0.0
0.025833333333333333,0.010000000000000009,0.011166666666666674,0.022333333333333334,0.0,0.0,0.0
0.017666666666666667,0.01,0.012833333333333337,0.011333333333333336,0.0,0.0,0.0
0.028333333333333332,0.010000000000000005,0.010500000000000002,0.02266666666666667,0.0,0.0,0.0
0.036166666666666666,0.010000000000000009,0.019166666666666665,0.024833333333333336,0.0,0.0,0.0
0.028,0.010000000000000009,0.017833333333333333,0.018000000000000006,0.0,0.0,0.0
0.02416666666666667,0.010000000000000009,0.009500000000000001,0.0205,0.0,0.0,0.0
0.024499999999999997,0.009999999999999998,0.009500000000000003,0.01966666666666667,0.0,0.0,0.0
0.032,0.010000000000000005,0.008833333333333337,0.027333333333333334,0.0,0.0,0.0
0.02233333333333333,0.010000000000000005,0.01,0.017166666666666663,0.0,0.0,0.0
0.021,0.010000000000000005,0.011166666666666667,0.015000000000000003,0.0,0.0,0.0
0.017333333333333333,0.010000000000000002,0.008500000000000002,0.013833333333333335,0.0,0.0,0.0
0.025,0.01,0.010333333333333335,0.020166666666666666,0.0,0.0,0.0
0.02466666666666667,0.010000000000000009,0.011166666666666667,0.019000000000000003,0.0,0.0,0.0
0.0185,0.010000000000000005,0.01,0.012000000000000002,0.0,0.0,0.0
0.026500000000000003,0.010000000000000009,0.010833333333333335,0.02166666666666667,0.0,0.0,0.0
0.02783333333333333,0.010000000000000009,0.013333333333333336,0.020833333333333332,0.0,0.0,0.0
0.02483333333333333,0.009999999999999998,0.0071666666666666675,0.020999999999999998,0.0,0.0,0.0
0.017166666666666667,0.009999999999999998,0.008000000000000002,0.013666666666666667,0.0,0.0,0.0
0.023833333333333335,0.01,0.008833333333333335,0.02,0.0,0.0,0.0
0.016166666666666666,0.010000000000000002,0.00716666666666667,0.013333333333333334,0.0,0.0,0.0
0.027,0.01,0.009000000000000001,0.021666666666666664,0.0,0.0,0.0
0.03166666666666666,0.010000000000000009,0.015333333333333332,0.023000000000000003,0.0,0.0,0.0
0.029166666666666664,0.010000000000000009,0.011833333333333333,0.023166666666666665,0.0,0.0,0.0
0.027000000000000007,0.010000000000000009,0.012833333333333337,0.018666666666666668,0.0,0.0,0.0
0.0235,0.010000000000000009,0.013500000000000002,0.016833333333333332,0.0,0.0,0.0
0.02483333333333333,0.010000000000000002,0.006333333333333335,0.020666666666666663,0.0,0.0,0.0
0.022666666666666665,0.01,0.009666666666666665,0.016,0.0,0.0,0.0
0.014500000000000004,0.01,0.007500000000000002,0.01216666666666667,0.0,0.0,0.0
0.012500000000000002,0.01,0.004833333333333334,0.010500000000000004,0.0,0.0,0.0
0.014666666666666668,0.009999999999999998,0.008666666666666666,0.011333333333333336,0.0,0.0,0.0
0.02266666666666667,0.010000000000000009,0.011500000000000003,0.0175,0.0,0.0,0.0
0.024500000000000004,0.01,0.01066666666666667,0.019166666666666665,0.0,0.0,0.0
0.017,0.009999999999999998,0.008666666666666668,0.013166666666666667,0.0,0.0,0.0
0.02066666666666667,0.010000000000000002,0.006833333333333336,0.0185,0.0,0.0,0.0
0.026499999999999992,0.009999999999999998,0.012000000000000002,0.020333333333333335,0.0,0.0,0.0
0.030000000000000002,0.010000000000000002,0.011500000000000002,0.023500000000000004,0.0,0.0,0.0
0.02066666666666667,0.010000000000000002,0.005166666666666668,0.018666666666666668,0.0,0.0,0.0
0.017500000000000005,0.01,0.005833333333333335,0.015000000000000003,0.0,0.0,0.0
0.018500000000000003,0.01,0.009333333333333338,0.015500000000000003,0.0,0.0,0.0
0.024500000000000004,0.010000000000000009,0.006833333333333334,0.020333333333333335,0.0,0.0,0.0
0.015166666666666667,0.01,0.0055,0.013333333333333336,0.0,0.0,0.0
0.025166666666666667,0.010000000000000005,0.007000000000000003,0.021833333333333333,0.0,0.0,0.0
0.03316666666666666,0.010000000000000005,0.01566666666666667,0.0245,0.0,0.0,0.0
0.017166666666666667,0.010000000000000009,0.010166666666666668,0.011833333333333335,0.0,0.0,0.0
0.015166666666666669,0.009999999999999998,0.0065000000000000014,0.011500000000000003,0.0,0.0,0.0
0.02266666666666667,0.01,0.010833333333333332,0.016,0.0,0.0,0.0
0.024833333333333336,0.010000000000000002,0.010166666666666673,0.02083333333333334,0.0,0.0,0.0
0.01916666666666667,0.01,0.008333333333333333,0.015333333333333334,0.0,0.0,0.0
0.025000000000000005,0.010000000000000009,0.007499999999999999,0.02066666666666667,0.0,0.0,0.0
0.02233333333333333,0.010000000000000009,0.009500000000000001,0.018333333333333333,0.0,0.0,0.0
0.018500000000000003,0.010000000000000009,0.009333333333333334,0.013000000000000003,0.0,0.0,0.0
0.02366666666666667,0.010000000000000009,0.008833333333333334,0.019500000000000003,0.0,0.0,0.0
0.027333333333333328,0.010000000000000009,0.014166666666666664,0.01983333333333333,0.0,0.0,0.0
0.030333333333333334,0.010000000000000009,0.010833333333333337,0.026333333333333334,0.0,0.0,0.0
0.027833333333333328,0.010000000000000002,0.007333333333333334,0.02483333333333333,0.0,0.0,0.0
0.017833333333333336,0.010000000000000009,0.009333333333333338,0.013333333333333336,0.0,0.0,0.0
0.0255,0.010000000000000002,0.009500000000000005,0.021166666666666667,0.0,0.0,0.0
0.02483333333333333,0.010000000000000009,0.009833333333333335,0.019000000000000003,0.0,0.0,0.0
0.028166666666666663,0.010000000000000009,0.016000000000000004,0.020500000000000004,0.0,0.0,0.0
0.0285,0.010000000000000009,0.01016666666666667,0.024166666666666666,0.0,0.0,0.0
0.023666666666666666,0.01,0.009166666666666667,0.017666666666666667,0.0,0.0,0.0
0.022500000000000003,0.010000000000000005,0.009166666666666667,0.018000000000000002,0.0,0.0,0.0
0.030833333333333327,0.01,0.007333333333333333,0.0275,0.0,0.0,0.0
0.02666666666666667,0.010000000000000009,0.014333333333333333,0.019333333333333334,0.0,0.0,0.0
0.017666666666666664,0.009999999999999998,0.006000000000000004,0.016499999999999997,0.0,0.0,0.0
0.0215,0.010000000000000005,0.006333333333333334,0.019,0.0,0.0,0.0
0.02716666666666667,0.010000000000000009,0.010333333333333335,0.02333333333333333,0.0,0.0,0.0
0.020500000000000004,0.01,0.008333333333333333,0.016500000000000004,0.0,0.0,0.0
0.025833333333333333,0.01,0.0095,0.019500000000000003,0.0,0.0,0.0
0.017833333333333333,0.010000000000000009,0.008000000000000002,0.014000000000000002,0.0,0.0,0.0
0.025,0.010000000000000009,0.008166666666666668,0.02133333333333333,0.0,0.0,0.0
0.017499999999999998,0.009999999999999998,0.004666666666666669,0.01583333333333333,0.0,0.0,0.0
0.020666666666666673,0.010000000000000009,0.011833333333333336,0.014000000000000005,0.0,0.0,0.0
0.026500000000000003,0.010000000000000009,0.009666666666666667,0.02116666666666667,0.0,0.0,0.0
0.017166666666666667,0.01,0.007833333333333338,0.013500000000000002,0.0,0.0,0.0
0.0235,0.010000000000000005,0.008666666666666668,0.020666666666666667,0.0,0.0,0.0
0.0315,0.010000000000000009,0.012000000000000004,0.026333333333333334,0.0,0.0,0.0
0.025333333333333333,0.010000000000000002,0.013166666666666665,0.016500000000000004,0.0,0.0,0.0
0.024999999999999998,0.010000000000000009,0.011166666666666667,0.02066666666666667,0.0,0.0,0.0
0.032999999999999995,0.01,0.014000000000000002,0.02383333333333333,0.0,0.0,0.0
0.025333333333333333,0.010000000000000005,0.012166666666666666,0.018333333333333333,0.0,0.0,0.0
0.021166666666666667,0.010000000000000002,0.009666666666666667,0.01633333333333333,0.0,0.0,0.0
0.030166666666666668,0.010000000000000009,0.010333333333333333,0.024833333333333332,0.0,0.0,0.0
0.020333333333333335,0.010000000000000009,0.008166666666666668,0.016666666666666666,0.0,0.0,0.0
0.025333333333333333,0.010000000000000005,0.011000000000000003,0.020166666666666666,0.0,0.0,0.0
0.03333333333333333,0.010000000000000009,0.012666666666666666,0.025666666666666667,0.0,0.0,0.0
0.02233333333333333,0.01,0.010166666666666668,0.01633333333333333,0.0,0.0,0.0
0.020000000000000004,0.010000000000000002,0.010166666666666668,0.015333333333333336,0.0,0.0,0.0
0.015500000000000003,0.010000000000000009,0.010000000000000002,0.011000000000000003,0.0,0.0,0.0
0.026000000000000002,0.01,0.0055000000000000005,0.023166666666666662,0.0,0.0,0.0
0.022666666666666665,0.010000000000000009,0.009166666666666667,0.018166666666666664,0.0,0.0,0.0
0.0245,0.010000000000000005,0.00716666666666667,0.021833333333333333,0.0,0.0,0.0
0.022666666666666665,0.010000000000000009,0.007833333333333336,0.019666666666666666,0.0,0.0,0.0
0.025,0.010000000000000009,0.0085,0.020833333333333332,0.0,0.0,0.0
0.030666666666666665,0.010000000000000005,0.012333333333333335,0.02233333333333333,0.0,0.0,0.0
0.021500000000000005,0.01,0.012500000000000002,0.014500000000000006,0.0,0.0,0.0
0.021666666666666667,0.010000000000000009,0.011,0.01516666666666667,0.0,0.0,0.0
0.020333333333333335,0.01,0.008666666666666666,0.014999999999999998,0.0,0.0,0.0
0.019,0.010000000000000009,0.010333333333333335,0.013666666666666667,0.0,0.0,0.0
0.02716666666666667,0.010000000000000009,0.009166666666666672,0.023166666666666665,0.0,0.0,0.0
0.017666666666666667,0.009999999999999998,0.009500000000000001,0.013166666666666669,0.0,0.0,0.0
0.02,0.01,0.010833333333333335,0.015000000000000003,0.0,0.0,0.0
0.03266666666666666,0.010000000000000009,0.010333333333333335,0.02766666666666667,0.0,0.0,0.0
0.0265,0.010000000000000009,0.01566666666666667,0.019,0.0,0.0,0.0
0.028166666666666666,0.010000000000000009,0.014166666666666668,0.022000000000000002,0.0,0.0,0.0
0.018833333333333337,0.010000000000000009,0.008000000000000004,0.01566666666666667,0.0,0.0,0.0
0.028000000000000004,0.010000000000000009,0.009166666666666667,0.02416666666666667,0.0,0.0,0.0
0.020833333333333332,0.010000000000000005,0.005833333333333337,0.018333333333333333,0.0,0.0,0.0
0.019666666666666673,0.010000000000000002,0.009833333333333338,0.017833333333333336,0.0,0.0,0.0
0.02783333333333333,0.010000000000000009,0.014,0.020000000000000004,0.0,0.0,0.0
0.0205,0.01,0.007333333333333334,0.0165,0.0,0.0,0.0
0.019833333333333335,0.009999999999999998,0.00566666666666667,0.018,0.0,0.0,0.0
0.020166666666666666,0.01,0.012166666666666668,0.012833333333333335,0.0,0.0,0.0
0.022,0.01,0.009000000000000001,0.01583333333333333,0.0,0.0,0.0
0.029999999999999995,0.010000000000000009,0.016833333333333332,0.021333333333333333,0.0,0.0,0.0
0.014000000000000004,0.010000000000000009,0.009000000000000003,0.011666666666666669,0.0,0.0,0.0
0.02383333333333333,0.009999999999999998,0.006000000000000002,0.02033333333333333,0.0,0.0,0.0
0.02266666666666667,0.010000000000000009,0.013833333333333336,0.017500000000000005,0.0,0.0,0.0
0.018500000000000003,0.01,0.005500000000000002,0.016833333333333332,0.0,0.0,0.0
0.027166666666666665,0.010000000000000002,0.008833333333333334,0.022999999999999996,0.0,0.0,0.0
0.024666666666666667,0.009999999999999998,0.013333333333333334,0.017,0.0,0.0,0.0
0.01983333333333333,0.01,0.00766666666666667,0.017666666666666667,0.0,0.0,0.0
0.017166666666666667,0.010000000000000009,0.008833333333333335,0.013666666666666667,0.0,0.0,0.0
0.016500000000000004,0.009999999999999998,0.00716666666666667,0.015500000000000003,0.0,0.0,0.0
0.021500000000000002,0.01,0.0071666666666666675,0.017666666666666667,0.0,0.0,0.0
0.02333333333333333,0.010000000000000009,0.008666666666666666,0.018333333333333333,0.0,0.0,0.0
0.028166666666666663,0.010000000000000009,0.008000000000000002,0.024666666666666663,0.0,0.0,0.0
0.025666666666666667,0.01,0.013166666666666667,0.018500000000000003,0.0,0.0,0.0
0.015000000000000005,0.009999999999999998,0.005000000000000003,0.013333333333333336,0.0,0.0,0.0
0.02233333333333333,0.01,0.009166666666666667,0.017333333333333333,0.0,0.0,0.0
0.022833333333333337,0.01,0.009666666666666667,0.018333333333333333,0.0,0.0,0.0
0.027500000000000004,0.010000000000000009,0.012333333333333335,0.01983333333333333,0.0,0.0,0.0
0.0265,0.010000000000000009,0.007833333333333336,0.022666666666666665,0.0,0.0,0.0
0.02666666666666666,0.010000000000000009,0.011833333333333336,0.022166666666666668,0.0,0.0,0.0
0.025500000000000002,0.010000000000000009,0.009666666666666672,0.022500000000000003,0.0,0.0,0.0
0.021166666666666667,0.010000000000000009,0.007833333333333335,0.018000000000000002,0.0,0.0,0.0
0.021833333333333333,0.01,0.008500000000000002,0.017166666666666663,0.0,0.0,0.0
0.02316666666666667,0.010000000000000009,0.008166666666666668,0.01916666666666667,0.0,0.0,0.0
0.029,0.010000000000000005,0.013333333333333338,0.023000000000000003,0.0,0.0,0.0
0.02033333333333333,0.01,0.010833333333333335,0.016000000000000004,0.0,0.0,0.0
0.0245,0.010000000000000005,0.007000000000000004,0.021333333333333333,0.0,0.0,0.0
0.018,0.009999999999999998,0.007500000000000003,0.015333333333333332,0.0,0.0,0.0
0.023666666666666666,0.01,0.007500000000000003,0.020166666666666666,0.0,0.0,0.0
0.02116666666666667,0.010000000000000009,0.009333333333333336,0.01666666666666667,0.0,0.0,0.0
0.022000000000000002,0.01,0.009333333333333334,0.015333333333333334,0.0,0.0,0.0
0.02916666666666667,0.010000000000000009,0.01466666666666667,0.02033333333333333,0.0,0.0,0.0
0.022000000000000002,0.010000000000000002,0.009666666666666667,0.017833333333333333,0.0,0.0,0.0
0.025666666666666667,0.010000000000000002,0.012,0.01966666666666667,0.0,0.0,0.0
0.023166666666666665,0.010000000000000005,0.010166666666666668,0.017833333333333333,0.0,0.0,0.0
0.02233333333333333,0.010000000000000002,0.014333333333333333,0.0125,0.0,0.0,0.0
0.025666666666666664,0.010000000000000009,0.007333333333333334,0.022166666666666668,0.0,0.0,0.0
0.021333333333333336,0.01,0.007833333333333336,0.018500000000000006,0.0,0.0,0.0
0.022000000000000002,0.01,0.011166666666666667,0.01566666666666667,0.0,0.0,0.0
0.020166666666666666,0.010000000000000009,0.009833333333333335,0.015333333333333336,0.0,0.0,0.0
0.021333333333333333,0.010000000000000009,0.007166666666666669,0.018500000000000006,0.0,0.0,0.0
0.026499999999999992,0.010000000000000009,0.011833333333333335,0.0185,0.0,0.0,0.0
0.01766666666666667,0.01,0.007833333333333335,0.014000000000000004,0.0,0.0,0.0
0.03383333333333333,0.010000000000000009,0.008666666666666666,0.029499999999999995,0.0,0.0,0.0
0.027,0.01,0.012166666666666666,0.01916666666666667,0.0,0.0,0.0
0.02933333333333333,0.010000000000000009,0.009833333333333336,0.024666666666666667,0.0,0.0,0.0
0.02716666666666667,0.010000000000000009,0.010666666666666666,0.021666666666666664,0.0,0.0,0.0
0.022,0.01,0.0145,0.014000000000000005,0.0,0.0,0.0
0.022333333333333334,0.010000000000000002,0.009166666666666667,0.017666666666666667,0.0,0.0,0.0
0.0325,0.010000000000000009,0.009833333333333335,0.027166666666666665,0.0,0.0,0.0
0.0245,0.010000000000000009,0.012000000000000002,0.01816666666666667,0.0,0.0,0.0
0.02033333333333333,0.010000000000000009,0.010666666666666668,0.015166666666666669,0.0,0.0,0.0
0.017666666666666667,0.010000000000000009,0.009166666666666667,0.012333333333333337,0.0,0.0,0.0
0.022833333333333334,0.010000000000000009,0.007833333333333336,0.020666666666666667,0.0,0.0,0.0
0.024666666666666663,0.01,0.008000000000000002,0.021333333333333333,0.0,0.0,0.0
0.01733333333333333,0.009999999999999998,0.005666666666666667,0.013833333333333331,0.0,0.0,0.0
0.01566666666666667,0.01,0.009000000000000001,0.011500000000000002,0.0,0.0,0.0
0.022666666666666665,0.010000000000000005,0.009500000000000001,0.01783333333333333,0.0,0.0,0.0
0.02,0.009999999999999998,0.010166666666666668,0.014833333333333334,0.0,0.0,0.0
0.02683333333333333,0.010000000000000009,0.012833333333333332,0.019000000000000003,0.0,0.0,0.0
0.022833333333333334,0.01,0.011833333333333335,0.016666666666666666,0.0,0.0,0.0
0.03133333333333334,0.010000000000000009,0.014000000000000004,0.0245,0.0,0.0,0.0
0.0275,0.010000000000000002,0.014666666666666668,0.02016666666666667,0.0,0.0,0.0
0.025166666666666664,0.01,0.014166666666666668,0.016,0.0,0.0,0.0
0.02166666666666667,0.01,0.012333333333333333,0.015000000000000003,0.0,0.0,0.0
0.02783333333333333,0.010000000000000009,0.014833333333333334,0.019333333333333334,0.0,0.0,0.0
0.027333333333333338,0.010000000000000009,0.011333333333333336,0.021000000000000005,0.0,0.0,0.0
0.017833333333333333,0.01,0.009333333333333334,0.01266666666666667,0.0,0.0,0.0
0.030000000000000002,0.010000000000000009,0.010666666666666668,0.02316666666666667,0.0,0.0,0.0
0.012500000000000004,0.01,0.004500000000000002,0.010333333333333335,0.0,0.0,0.0
0.024833333333333332,0.010000000000000009,0.012166666666666668,0.018500000000000003,0.0,0.0,0.0
0.026166666666666664,0.010000000000000009,0.011666666666666669,0.021166666666666667,0.0,0.0,0.0
0.02883333333333333,0.01,0.012500000000000002,0.021500000000000002,0.0,0.0,0.0
0.02716666666666667,0.010000000000000009,0.013666666666666667,0.02016666666666667,0.0,0.0,0.0
0.021666666666666667,0.010000000000000005,0.007166666666666669,0.018333333333333333,0.0,0.0,0.0
0.024833333333333336,0.010000000000000009,0.011833333333333336,0.019500000000000003,0.0,0.0,0.0
0.029,0.010000000000000009,0.011833333333333336,0.023333333333333334,0.0,0.0,0.0
0.0325,0.010000000000000009,0.011500000000000003,0.02666666666666667,0.0,0.0,0.0
0.0325,0.010000000000000009,0.018500000000000006,0.021500000000000002,0.0,0.0,0.0
0.019500000000000003,0.009999999999999998,0.014166666666666666,0.01166666666666667,0.0,0.0,0.0
0.027666666666666666,0.010000000000000009,0.012166666666666668,0.02033333333333333,0.0,0.0,0.0
0.014666666666666668,0.009999999999999998,0.009333333333333334,0.009166666666666668,0.0,0.0,0.0
0.0275,0.010000000000000009,0.011666666666666669,0.022,0.0,0.0,0.0
0.018833333333333334,0.010000000000000002,0.006500000000000002,0.015666666666666666,0.0,0.0,0.0
0.024499999999999997,0.010000000000000002,0.0051666666666666675,0.02233333333333333,0.0,0.0,0.0
0.023500000000000004,0.010000000000000005,0.014333333333333335,0.01633333333333334,0.0,0.0,0.0
0.020666666666666667,0.010000000000000009,0.014833333333333334,0.011833333333333336,0.0,0.0,0.0
0.02083333333333333,0.01,0.010500000000000004,0.014999999999999998,0.0,0.0,0.0
0.02,0.010000000000000009,0.006333333333333334,0.017833333333333333,0.0,0.0,0.0
0.020166666666666666,0.010000000000000009,0.006333333333333335,0.017333333333333333,0.0,0.0,0.0
0.018000000000000002,0.010000000000000002,0.0075000000000000015,0.014000000000000002,0.0,0.0,0.0
0.021333333333333333,0.010000000000000009,0.008333333333333335,0.018833333333333334,0.0,0.0,0.0
0.027166666666666665,0.010000000000000009,0.009000000000000003,0.022333333333333334,0.0,0.0,0.0
0.024000000000000004,0.010000000000000009,0.013000000000000005,0.01716666666666667,0.0,0.0,0.0
0.025,0.010000000000000009,0.013333333333333336,0.018000000000000002,0.0,0.0,0.0
0.020000000000000004,0.009999999999999998,0.007333333333333335,0.016333333333333335,0.0,0.0,0.0
0.0235,0.010000000000000009,0.012166666666666668,0.017333333333333333,0.0,0.0,0.0
0.023500000000000004,0.01,0.01216666666666667,0.017333333333333333,0.0,0.0,0.0
0.0225,0.010000000000000005,0.010833333333333335,0.0175,0.0,0.0,0.0
0.026166666666666664,0.010000000000000009,0.012833333333333334,0.019666666666666666,0.0,0.0,0.0
0.0255,0.010000000000000009,0.013833333333333335,0.018833333333333334,0.0,0.0,0.0
0.02266666666666667,0.010000000000000009,0.011000000000000003,0.0175,0.0,0.0,0.0
0.021666666666666667,0.009999999999999998,0.007833333333333333,0.016833333333333332,0.0,0.0,0.0
0.029166666666666664,0.01,0.007833333333333336,0.026333333333333334,0.0,0.0,0.0
0.02133333333333333,0.01,0.0055000000000000005,0.019166666666666665,0.0,0.0,0.0
0.019666666666666666,0.01,0.009666666666666667,0.013833333333333331,0.0,0.0,0.0
0.017,0.010000000000000002,0.005833333333333337,0.015666666666666666,0.0,0.0,0.0
0.02033333333333333,0.01,0.011666666666666669,0.013833333333333335,0.0,0.0,0.0
0.022000000000000002,0.010000000000000009,0.013166666666666669,0.01666666666666667,0.0,0.0,0.0
0.015833333333333335,0.009999999999999998,0.0085,0.011166666666666667,0.0,0.0,0.0
0.02549999999999999,0.010000000000000009,0.00766666666666667,0.023333333333333327,0.0,0.0,0.0
0.028666666666666663,0.010000000000000009,0.009333333333333336,0.024666666666666667,0.0,0.0,0.0
0.025833333333333337,0.010000000000000009,0.014500000000000006,0.02066666666666667,0.0,0.0,0.0
0.021833333333333333,0.010000000000000002,0.01016666666666667,0.017333333333333333,0.0,0.0,0.0
0.0195,0.009999999999999998,0.013,0.011000000000000003,0.0,0.0,0.0
0.031166666666666665,0.010000000000000009,0.017166666666666667,0.02116666666666667,0.0,0.0,0.0
0.021000000000000005,0.010000000000000009,0.007166666666666669,0.018500000000000003,0.0,0.0,0.0
0.027666666666666662,0.010000000000000009,0.010666666666666666,0.02133333333333333,0.0,0.0,0.0
0.02733333333333333,0.010000000000000005,0.008833333333333335,0.023666666666666666,0.0,0.0,0.0
0.024333333333333332,0.010000000000000009,0.0095,0.018333333333333333,0.0,0.0,0.0
0.021333333333333333,0.010000000000000009,0.008833333333333335,0.017,0.0,0.0,0.0
0.022166666666666668,0.01,0.013833333333333335,0.015166666666666672,0.0,0.0,0.0
0.030000000000000002,0.010000000000000009,0.012333333333333335,0.023000000000000003,0.0,0.0,0.0
0.019333333333333334,0.009999999999999998,0.007833333333333333,0.015000000000000003,0.0,0.0,0.0
0.019666666666666666,0.010000000000000009,0.0071666666666666675,0.017,0.0,0.0,0.0
0.024833333333333336,0.010000000000000009,0.011166666666666668,0.01916666666666667,0.0,0.0,0.0
0.024333333333333332,0.010000000000000009,0.011333333333333336,0.019000000000000003,0.0,0.0,0.0
0.02233333333333333,0.010000000000000009,0.008333333333333335,0.01833333333333333,0.0,0.0,0.0
0.030833333333333334,0.010000000000000009,0.010500000000000002,0.024833333333333336,0.0,0.0,0.0
0.026500000000000003,0.010000000000000009,0.009666666666666669,0.022666666666666665,0.0,0.0,0.0
0.026333333333333334,0.010000000000000009,0.00616666666666667,0.024166666666666663,0.0,0.0,0.0
0.024666666666666667,0.010000000000000009,0.012833333333333334,0.0165,0.0,0.0,0.0
0.018666666666666668,0.009999999999999998,0.007833333333333336,0.0145,0.0,0.0,0.0
0.0205,0.010000000000000002,0.011833333333333335,0.013666666666666667,0.0,0.0,0.0
0.018166666666666668,0.009999999999999998,0.007500000000000002,0.015166666666666667,0.0,0.0,0.0
0.0345,0.019999999999999997,0.015500000000000002,0.027166666666666672,0.0,0.0,0.0
0.0205,0.010000000000000009,0.00666666666666667,0.017833333333333333,0.0,0.0,0.0
0.021166666666666667,0.01,0.009166666666666667,0.01633333333333333,0.0,0.0,0.0
0.020999999999999998,0.010000000000000009,0.011666666666666665,0.014000000000000004,0.0,0.0,0.0
0.024,0.010000000000000005,0.005500000000000001,0.021500000000000002,0.0,0.0,0.0
0.018333333333333333,0.01,0.010666666666666666,0.012000000000000002,0.0,0.0,0.0
0.022000000000000002,0.010000000000000009,0.010000000000000002,0.016833333333333332,0.0,0.0,0.0
0.025,0.010000000000000009,0.014000000000000004,0.018166666666666668,0.0,0.0,0.0
0.021166666666666663,0.010000000000000009,0.009833333333333335,0.01633333333333333,0.0,0.0,0.0
0.03083333333333333,0.010000000000000009,0.01616666666666667,0.022000000000000002,0.0,0.0,0.0
0.027999999999999994,0.010000000000000009,0.011500000000000003,0.023000000000000003,0.0,0.0,0.0
0.023,0.010000000000000009,0.009833333333333335,0.018833333333333334,0.0,0.0,0.0
0.02133333333333333,0.010000000000000009,0.011333333333333332,0.015166666666666667,0.0,0.0,0.0
0.02783333333333333,0.010000000000000009,0.010500000000000002,0.022833333333333334,0.0,0.0,0.0
0.029166666666666664,0.010000000000000009,0.018666666666666668,0.017833333333333336,0.0,0.0,0.0
0.030000000000000002,0.010000000000000009,0.011000000000000003,0.023666666666666666,0.0,0.0,0.0
0.025666666666666664,0.010000000000000009,0.009166666666666667,0.021,0.0,0.0,0.0
0.024,0.010000000000000002,0.015666666666666666,0.015000000000000003,0.0,0.0,0.0
0.023833333333333335,0.010000000000000009,0.005166666666666669,0.022333333333333334,0.0,0.0,0.0
0.024500000000000004,0.010000000000000009,0.008333333333333337,0.022000000000000002,0.0,0.0,0.0
0.024,0.010000000000000009,0.010833333333333335,0.018666666666666668,0.0,0.0,0.0
0.030666666666666665,0.010000000000000002,0.011000000000000003,0.025166666666666667,0.0,0.0,0.0
0.018666666666666668,0.01,0.010666666666666666,0.012833333333333337,0.0,0.0,0.0
0.022333333333333337,0.009999999999999998,0.009000000000000003,0.01833333333333333,0.0,0.0,0.0
0.023000000000000003,0.010000000000000005,0.012333333333333333,0.015833333333333335,0.0,0.0,0.0
0.022000000000000002,0.010000000000000009,0.007333333333333334,0.018333333333333333,0.0,0.0,0.0
0.027333333333333328,0.010000000000000009,0.012333333333333333,0.0205,0.0,0.0,0.0
0.018833333333333334,0.01,0.008000000000000002,0.016,0.0,0.0,0.0
0.02683333333333333,0.010000000000000005,0.007666666666666668,0.023499999999999997,0.0,0.0,0.0
0.030000000000000002,0.010000000000000009,0.013000000000000006,0.02516666666666667,0.0,0.0,0.0
0.020000000000000004,0.010000000000000009,0.011166666666666668,0.01616666666666667,0.0,0.0,0.0
0.019,0.01,0.009833333333333335,0.014000000000000002,0.0,0.0,0.0
0.025833333333333337,0.010000000000000009,0.012833333333333337,0.021166666666666667,0.0,0.0,0.0
0.0195,0.01,0.007500000000000001,0.014999999999999998,0.0,0.0,0.0
0.022000000000000002,0.010000000000000002,0.009166666666666667,0.01616666666666667,0.0,0.0,0.0
0.014166666666666668,0.009999999999999998,0.007166666666666668,0.011166666666666667,0.0,0.0,0.0
0.018666666666666665,0.01,0.007000000000000003,0.01583333333333333,0.0,0.0,0.0
0.019000000000000003,0.010000000000000005,0.009500000000000001,0.015000000000000003,0.0,0.0,0.0
0.019500000000000003,0.009999999999999998,0.008333333333333337,0.015166666666666667,0.0,0.0,0.0
0.01933333333333333,0.01,0.009000000000000003,0.01566666666666667,0.0,0.0,0.0
0.02266666666666667,0.01,0.013166666666666667,0.014166666666666668,0.0,0.0,0.0
0.027500000000000004,0.010000000000000009,0.008666666666666671,0.023833333333333335,0.0,0.0,0.0
0.027999999999999994,0.010000000000000005,0.007166666666666666,0.023166666666666662,0.0,0.0,0.0
0.029833333333333333,0.010000000000000009,0.010833333333333335,0.022833333333333334,0.0,0.0,0.0
0.0275,0.010000000000000009,0.011833333333333336,0.023,0.0,0.0,0.0
0.021000000000000005,0.01,0.009666666666666667,0.016500000000000004,0.0,0.0,0.0
0.0235,0.010000000000000002,0.011500000000000002,0.017833333333333333,0.0,0.0,0.0
0.028666666666666663,0.010000000000000009,0.0165,0.01916666666666667,0.0,0.0,0.0
0.01916666666666667,0.01,0.007833333333333335,0.015000000000000003,0.0,0.0,0.0
0.024833333333333336,0.010000000000000009,0.009333333333333338,0.021666666666666667,0.0,0.0,0.0
0.03133333333333333,0.010000000000000005,0.012,0.024999999999999998,0.0,0.0,0.0
0.026,0.010000000000000009,0.0051666666666666675,0.0235,0.0,0.0,0.0
0.019000000000000003,0.010000000000000009,0.011000000000000005,0.01466666666666667,0.0,0.0,0.0
0.025833333333333333,0.010000000000000009,0.011000000000000003,0.020000000000000004,0.0,0.0,0.0
0.022,0.010000000000000009,0.012333333333333337,0.015833333333333335,0.0,0.0,0.0
0.024166666666666666,0.01,0.0095,0.018166666666666668,0.0,0.0,0.0
0.018666666666666665,0.010000000000000002,0.010333333333333335,0.01416666666666667,0.0,0.0,0.0
0.021,0.01,0.012166666666666668,0.015166666666666667,0.0,0.0,0.0
0.028166666666666663,0.010000000000000009,0.012833333333333335,0.020833333333333332,0.0,0.0,0.0
0.027499999999999993,0.010000000000000009,0.007166666666666669,0.02499999999999999,0.0,0.0,0.0
0.01566666666666667,0.010000000000000005,0.007833333333333335,0.011333333333333336,0.0,0.0,0.0
0.01583333333333333,0.009999999999999998,0.005500000000000002,0.014,0.0,0.0,0.0
0.024,0.010000000000000009,0.00766666666666667,0.020666666666666667,0.0,0.0,0.0
0.027333333333333334,0.010000000000000002,0.014833333333333332,0.018000000000000006,0.0,0.0,0.0
0.025666666666666667,0.010000000000000005,0.009666666666666667,0.020999999999999998,0.0,0.0,0.0
0.021666666666666667,0.009999999999999998,0.009333333333333332,0.016000000000000004,0.0,0.0,0.0
0.024000000000000004,0.010000000000000009,0.007500000000000004,0.022000000000000002,0.0,0.0,0.0
0.028499999999999994,0.010000000000000009,0.010000000000000002,0.023833333333333328,0.0,0.0,0.0
0.024500000000000004,0.010000000000000009,0.009000000000000003,0.021500000000000002,0.0,0.0,0.0
0.01516666666666667,0.01,0.005333333333333337,0.013833333333333335,0.0,0.0,0.0
0.021666666666666664,0.010000000000000009,0.011166666666666667,0.016333333333333335,0.0,0.0,0.0
0.03383333333333332,0.010000000000000009,0.010333333333333335,0.02949999999999999,0.0,0.0,0.0
0.026333333333333337,0.010000000000000009,0.013333333333333334,0.01916666666666667,0.0,0.0,0.0
0.020500000000000004,0.010000000000000009,0.006833333333333336,0.017833333333333333,0.0,0.0,0.0
0.0275,0.010000000000000009,0.011333333333333336,0.021666666666666667,0.0,0.0,0.0
0.026666666666666665,0.01,0.007000000000000001,0.022833333333333334,0.0,0.0,0.0
0.025333333333333333,0.010000000000000005,0.013166666666666667,0.01766666666666667,0.0,0.0,0.0
0.02116666666666667,0.010000000000000009,0.01216666666666667,0.014833333333333339,0.0,0.0,0.0
0.02783333333333333,0.010000000000000009,0.011833333333333335,0.021500000000000002,0.0,0.0,0.0
0.02716666666666667,0.010000000000000009,0.010833333333333335,0.020833333333333336,0.0,0.0,0.0
0.02183333333333333,0.009999999999999998,0.005833333333333337,0.020499999999999997,0.0,0.0,0.0
0.0235,0.01,0.0115,0.01566666666666667,0.0,0.0,0.0
0.026333333333333334,0.010000000000000009,0.014500000000000002,0.018666666666666668,0.0,0.0,0.0
0.027000000000000003,0.010000000000000009,0.011000000000000003,0.021666666666666664,0.0,0.0,0.0
0.036833333333333336,0.010000000000000009,0.018000000000000002,0.025500000000000002,0.0,0.0,0.0
0.02266666666666667,0.010000000000000009,0.016333333333333335,0.012500000000000004,0.0,0.0,0.0
0.024666666666666667,0.010000000000000005,0.013500000000000002,0.017,0.0,0.0,0.0
0.0285,0.010000000000000009,0.010000000000000002,0.022166666666666668,0.0,0.0,0.0
0.024666666666666667,0.010000000000000009,0.010666666666666665,0.01783333333333333,0.0,0.0,0.0
0.028,0.010000000000000009,0.010666666666666668,0.022000000000000002,0.0,0.0,0.0
0.030166666666666668,0.010000000000000009,0.008666666666666666,0.026000000000000002,0.0,0.0,0.0
0.025333333333333333,0.010000000000000009,0.012333333333333332,0.017333333333333336,0.0,0.0,0.0
0.020333333333333328,0.010000000000000009,0.008,0.016833333333333332,0.0,0.0,0.0
0.0275,0.010000000000000009,0.013833333333333333,0.019666666666666662,0.0,0.0,0.0
0.020166666666666666,0.009999999999999998,0.00766666666666667,0.016833333333333332,0.0,0.0,0.0
0.026,0.01,0.013166666666666667,0.017833333333333333,0.0,0.0,0.0
0.026166666666666668,0.01,0.008000000000000002,0.023166666666666665,0.0,0.0,0.0
0.014666666666666668,0.010000000000000002,0.007166666666666669,0.011666666666666667,0.0,0.0,0.0
0.017666666666666667,0.01,0.0066666666666666706,0.01566666666666667,0.0,0.0,0.0
0.029500000000000002,0.010000000000000009,0.007500000000000003,0.02766666666666667,0.0,0.0,0.0
0.03183333333333333,0.010000000000000009,0.0135,0.02416666666666667,0.0,0.0,0.0
0.0235,0.010000000000000009,0.014333333333333339,0.016833333333333332,0.0,0.0,0.0
0.038833333333333324,0.010000000000000009,0.01883333333333333,0.026000000000000006,0.0,0.0,0.0
0.01983333333333333,0.010000000000000009,0.010833333333333335,0.014833333333333337,0.0,0.0,0.0
0.0235,0.010000000000000005,0.010166666666666668,0.01916666666666667,0.0,0.0,0.0
0.029,0.010000000000000009,0.011666666666666669,0.02266666666666667,0.0,0.0,0.0
0.036166666666666666,0.010000000000000009,0.016333333333333335,0.026833333333333334,0.0,0.0,0.0
0.027166666666666665,0.010000000000000009,0.009833333333333335,0.02133333333333333,0.0,0.0,0.0
0.02033333333333333,0.01,0.007500000000000002,0.0165,0.0,0.0,0.0
0.017666666666666667,0.010000000000000009,0.004833333333333337,0.0165,0.0,0.0,0.0
0.0315,0.010000000000000009,0.01016666666666667,0.02733333333333333,0.0,0.0,0.0
0.02266666666666667,0.010000000000000002,0.008,0.018666666666666668,0.0,0.0,0.0
0.01833333333333333,0.01,0.012166666666666668,0.011333333333333336,0.0,0.0,0.0
0.022833333333333334,0.010000000000000002,0.010833333333333334,0.017,0.0,0.0,0.0
0.02333333333333333,0.010000000000000005,0.012500000000000002,0.017833333333333333,0.0,0.0,0.0
0.019500000000000003,0.01,0.004666666666666669,0.01783333333333333,0.0,0.0,0.0
0.02933333333333333,0.010000000000000009,0.011333333333333336,0.024499999999999997,0.0,0.0,0.0
0.02783333333333333,0.010000000000000009,0.0165,0.018166666666666668,0.0,0.0,0.0
0.018333333333333333,0.010000000000000005,0.012666666666666668,0.010333333333333335,0.0,0.0,0.0
0.026166666666666668,0.010000000000000009,0.01266666666666667,0.020166666666666666,0.0,0.0,0.0
0.025166666666666664,0.010000000000000005,0.011666666666666667,0.017666666666666667,0.0,0.0,0.0
0.025333333333333333,0.01,0.0145,0.0165,0.0,0.0,0.0
0.029666666666666664,0.010000000000000009,0.014000000000000004,0.021833333333333333,0.0,0.0,0.0
0.024,0.01,0.009833333333333335,0.019500000000000003,0.0,0.0,0.0
0.02633333333333333,0.01,0.01,0.02,0.0,0.0,0.0
0.0285,0.010000000000000009,0.009333333333333334,0.0235,0.0,0.0,0.0
0.024333333333333332,0.010000000000000009,0.010499999999999999,0.0175,0.0,0.0,0.0
0.01883333333333333,0.01,0.011500000000000002,0.012166666666666671,0.0,0.0,0.0
0.018500000000000003,0.01,0.008166666666666668,0.015000000000000003,0.0,0.0,0.0
0.02133333333333333,0.010000000000000005,0.00766666666666667,0.018500000000000003,0.0,0.0,0.0
0.027999999999999994,0.01,0.009333333333333334,0.02266666666666666,0.0,0.0,0.0
0.02183333333333333,0.010000000000000009,0.007500000000000001,0.018166666666666664,0.0,0.0,0.0
0.03216666666666666,0.010000000000000009,0.008666666666666666,0.02666666666666667,0.0,0.0,0.0
0.023333333333333334,0.01,0.010333333333333337,0.019333333333333334,0.0,0.0,0.0
0.025,0.010000000000000005,0.011666666666666669,0.019666666666666666,0.0,0.0,0.0
0.026166666666666664,0.010000000000000002,0.013500000000000003,0.018833333333333334,0.0,0.0,0.0
0.016833333333333332,0.01,0.009500000000000001,0.011333333333333336,0.0,0.0,0.0
0.024500000000000004,0.010000000000000009,0.011166666666666668,0.02016666666666667,0.0,0.0,0.0
0.03283333333333333,0.010000000000000009,0.011333333333333332,0.025666666666666667,0.0,0.0,0.0
0.024833333333333332,0.010000000000000009,0.012500000000000002,0.0175,0.0,0.0,0.0
0.026500000000000003,0.010000000000000009,0.017,0.01766666666666667,0.0,0.0,0.0
0.023666666666666666,0.010000000000000009,0.012000000000000005,0.019000000000000003,0.0,0.0,0.0
0.03166666666666666,0.010000000000000009,0.013999999999999997,0.02383333333333333,0.0,0.0,0.0
0.018500000000000003,0.01,0.005833333333333335,0.015500000000000002,0.0,0.0,0.0
0.01966666666666667,0.010000000000000009,0.011166666666666668,0.013333333333333338,0.0,0.0,0.0
0.022166666666666668,0.010000000000000005,0.008333333333333335,0.017,0.0,0.0,0.0
0.024833333333333332,0.010000000000000009,0.0165,0.015666666666666672,0.0,0.0,0.0
0.03166666666666666,0.010000000000000009,0.010166666666666668,0.025,0.0,0.0,0.0
0.01983333333333333,0.010000000000000002,0.013500000000000002,0.012333333333333337,0.0,0.0,0.0
0.020333333333333335,0.009999999999999998,0.009333333333333336,0.016666666666666666,0.0,0.0,0.0
0.02983333333333333,0.010000000000000009,0.012166666666666668,0.024333333333333332,0.0,0.0,0.0
0.030500000000000003,0.010000000000000009,0.012333333333333335,0.023666666666666666,0.0,0.0,0.0
0.019333333333333327,0.01,0.007333333333333332,0.014166666666666666,0.0,0.0,0.0
0.020000000000000004,0.01,0.010333333333333335,0.014333333333333335,0.0,0.0,0.0
0.02416666666666667,0.010000000000000005,0.006666666666666668,0.021833333333333333,0.0,0.0,0.0
0.024,0.010000000000000009,0.01216666666666667,0.016833333333333336,0.0,0.0,0.0
0.020833333333333336,0.01,0.007166666666666669,0.017500000000000005,0.0,0.0,0.0
0.023166666666666662,0.01,0.012833333333333334,0.01583333333333333,0.0,0.0,0.0
0.017833333333333333,0.010000000000000009,0.0066666666666666706,0.014833333333333336,0.0,0.0,0.0
0.020500000000000004,0.01,0.011833333333333335,0.015000000000000003,0.0,0.0,0.0
0.022500000000000006,0.01,0.012833333333333334,0.01466666666666667,0.0,0.0,0.0
0.020666666666666663,0.01,0.012833333333333335,0.013000000000000001,0.0,0.0,0.0
0.028166666666666663,0.010000000000000002,0.010166666666666668,0.023333333333333334,0.0,0.0,0.0
0.019166666666666665,0.009999999999999998,0.005333333333333334,0.01683333333333333,0.0,0.0,0.0
0.026333333333333334,0.010000000000000009,0.013000000000000001,0.018166666666666668,0.0,0.0,0.0
0.029999999999999995,0.010000000000000009,0.013500000000000003,0.0235,0.0,0.0,0.0
0.025166666666666664,0.01,0.011000000000000001,0.02,0.0,0.0,0.0
0.03566666666666665,0.010000000000000009,0.015333333333333336,0.02733333333333333,0.0,0.0,0.0
0.01366666666666667,0.01,0.005333333333333335,0.010666666666666668,0.0,0.0,0.0
0.02183333333333333,0.010000000000000009,0.008000000000000004,0.019166666666666665,0.0,0.0,0.0
0.02783333333333333,0.010000000000000009,0.009833333333333335,0.024333333333333335,0.0,0.0,0.0
0.016833333333333332,0.010000000000000009,0.0065000000000000014,0.014500000000000002,0.0,0.0,0.0
0.0275,0.010000000000000009,0.0125,0.021500000000000002,0.0,0.0,0.0
0.02416666666666667,0.010000000000000009,0.010666666666666668,0.017499999999999998,0.0,0.0,0.0
0.02166666666666667,0.010000000000000009,0.01066666666666667,0.01766666666666667,0.0,0.0,0.0
0.021,0.010000000000000009,0.011666666666666669,0.015166666666666669,0.0,0.0,0.0
0.030999999999999996,0.01,0.013666666666666667,0.02316666666666667,0.0,0.0,0.0
0.024833333333333332,0.010000000000000002,0.013666666666666667,0.017,0.0,0.0,0.0
0.015333333333333334,0.01,0.009166666666666667,0.010500000000000002,0.0,0.0,0.0
0.029000000000000005,0.010000000000000009,0.011833333333333335,0.02216666666666667,0.0,0.0,0.0
0.028833333333333332,0.010000000000000009,0.009333333333333334,0.024,0.0,0.0,0.0
0.021333333333333333,0.01,0.0075000000000000015,0.018666666666666668,0.0,0.0,0.0
0.028166666666666666,0.010000000000000009,0.01516666666666667,0.020666666666666667,0.0,0.0,0.0
0.028,0.010000000000000009,0.011333333333333334,0.021833333333333337,0.0,0.0,0.0
0.025666666666666667,0.009999999999999998,0.014333333333333332,0.016000000000000004,0.0,0.0,0.0
0.02183333333333334,0.010000000000000009,0.007833333333333336,0.019333333333333338,0.0,0.0,0.0
0.024666666666666667,0.010000000000000005,0.005166666666666669,0.023500000000000004,0.0,0.0,0.0
0.02316666666666667,0.01,0.010000000000000002,0.01966666666666667,0.0,0.0,0.0
0.024833333333333336,0.010000000000000005,0.011500000000000002,0.018666666666666668,0.0,0.0,0.0
0.029166666666666667,0.010000000000000009,0.007000000000000003,0.024499999999999997,0.0,0.0,0.0
0.022000000000000002,0.010000000000000009,0.012000000000000002,0.015000000000000005,0.0,0.0,0.0
0.02666666666666667,0.009999999999999998,0.009333333333333334,0.021,0.0,0.0,0.0
0.025166666666666667,0.010000000000000009,0.0115,0.018000000000000006,0.0,0.0,0.0
0.030333333333333327,0.010000000000000009,0.013000000000000003,0.023500000000000004,0.0,0.0,0.0
0.019000000000000003,0.01,0.011166666666666667,0.012500000000000004,0.0,0.0,0.0
0.020999999999999998,0.009999999999999998,0.007500000000000001,0.017166666666666667,0.0,0.0,0.0
0.02033333333333333,0.01,0.009166666666666667,0.015166666666666667,0.0,0.0,0.0
0.03283333333333334,0.010000000000000009,0.011166666666666668,0.028833333333333336,0.0,0.0,0.0
0.02033333333333333,0.009999999999999998,0.009166666666666667,0.01616666666666667,0.0,0.0,0.0
0.028666666666666663,0.010000000000000009,0.010333333333333338,0.02483333333333333,0.0,0.0,0.0
0.020833333333333332,0.01,0.009666666666666667,0.014666666666666666,0.0,0.0,0.0
0.02,0.010000000000000002,0.008666666666666668,0.015333333333333334,0.0,0.0,0.0
0.026166666666666664,0.010000000000000005,0.014,0.016666666666666666,0.0,0.0,0.0
0.02183333333333333,0.009999999999999998,0.007666666666666668,0.017666666666666667,0.0,0.0,0.0
0.02366666666666667,0.010000000000000009,0.010833333333333339,0.019500000000000003,0.0,0.0,0.0
0.022166666666666664,0.009999999999999998,0.014666666666666666,0.011666666666666669,0.0,0.0,0.0
0.020500000000000004,0.01,0.008833333333333337,0.01716666666666667,0.0,0.0,0.0
0.020666666666666667,0.01,0.008833333333333334,0.0165,0.0,0.0,0.0
0.024833333333333332,0.010000000000000009,0.006666666666666669,0.02183333333333333,0.0,0.0,0.0
0.0125,0.01,0.006833333333333332,0.008833333333333335,0.0,0.0,0.0
0.01933333333333333,0.010000000000000005,0.0071666666666666675,0.017166666666666663,0.0,0.0,0.0
0.02366666666666667,0.01,0.0115,0.018333333333333333,0.0,0.0,0.0
0.025833333333333333,0.010000000000000002,0.0145,0.017500000000000005,0.0,0.0,0.0
0.0255,0.010000000000000009,0.010000000000000002,0.0205,0.0,0.0,0.0
0.025166666666666667,0.01,0.013833333333333335,0.0175,0.0,0.0,0.0
0.021666666666666664,0.01,0.01,0.0165,0.0,0.0,0.0
0.030999999999999996,0.010000000000000009,0.006500000000000003,0.029166666666666664,0.0,0.0,0.0
0.019000000000000006,0.010000000000000005,0.013000000000000003,0.012333333333333339,0.0,0.0,0.0
0.02133333333333333,0.01,0.010666666666666666,0.0165,0.0,0.0,0.0
0.024833333333333332,0.010000000000000002,0.008833333333333337,0.022000000000000002,0.0,0.0,0.0
0.021333333333333336,0.010000000000000009,0.01066666666666667,0.01716666666666667,0.0,0.0,0.0
0.022500000000000003,0.010000000000000005,0.013166666666666667,0.015333333333333336,0.0,0.0,0.0
0.022000000000000006,0.010000000000000009,0.011500000000000003,0.01583333333333334,0.0,0.0,0.0
0.020500000000000004,0.010000000000000009,0.0053333333333333375,0.019000000000000003,0.0,0.0,0.0
0.03483333333333332,0.010000000000000009,0.01633333333333333,0.024333333333333332,0.0,0.0,0.0
0.019000000000000003,0.010000000000000005,0.008333333333333335,0.015000000000000001,0.0,0.0,0.0
0.020000000000000004,0.010000000000000002,0.007000000000000002,0.016833333333333336,0.0,0.0,0.0
0.02633333333333333,0.010000000000000009,0.012833333333333334,0.018666666666666668,0.0,0.0,0.0
0.014333333333333335,0.01,0.008333333333333333,0.008833333333333335,0.0,0.0,0.0
0.013833333333333335,0.009999999999999998,0.006666666666666667,0.010000000000000002,0.0,0.0,0.0
0.023666666666666666,0.010000000000000005,0.010666666666666668,0.018666666666666665,0.0,0.0,0.0
0.0195,0.01,0.007000000000000004,0.016666666666666666,0.0,0.0,0.0
0.028833333333333332,0.010000000000000009,0.015333333333333334,0.021333333333333336,0.0,0.0,0.0
0.026833333333333327,0.01,0.0085,0.0225,0.0,0.0,0.0
0.024499999999999997,0.010000000000000005,0.012500000000000004,0.017500000000000005,0.0,0.0,0.0
0.02466666666666667,0.010000000000000009,0.013500000000000002,0.016833333333333343,0.0,0.0,0.0
0.02383333333333333,0.010000000000000009,0.009333333333333334,0.01916666666666667,0.0,0.0,0.0
0.024500000000000004,0.01,0.011833333333333335,0.018833333333333337,0.0,0.0,0.0
0.022666666666666665,0.010000000000000009,0.011666666666666667,0.016333333333333335,0.0,0.0,0.0
0.023833333333333335,0.009999999999999998,0.013833333333333335,0.016833333333333336,0.0,0.0,0.0
0.024166666666666663,0.010000000000000005,0.009000000000000005,0.020000000000000004,0.0,0.0,0.0
0.021,0.009999999999999998,0.011000000000000001,0.014500000000000004,0.0,0.0,0.0
0.026333333333333334,0.010000000000000009,0.009333333333333336,0.022500000000000003,0.0,0.0,0.0
0.0195,0.01,0.01216666666666667,0.012333333333333337,0.0,0.0,0.0
0.028000000000000004,0.010000000000000009,0.011833333333333333,0.02066666666666667,0.0,0.0,0.0
0.023,0.010000000000000009,0.016666666666666666,0.011666666666666674,0.0,0.0,0.0
0.02333333333333333,0.01,0.009500000000000001,0.018500000000000003,0.0,0.0,0.0
0.018833333333333334,0.010000000000000002,0.010333333333333337,0.015000000000000003,0.0,0.0,0.0
0.0275,0.010000000000000009,0.016666666666666666,0.017833333333333336,0.0,0.0,0.0
0.024,0.010000000000000009,0.013333333333333332,0.016333333333333335,0.0,0.0,0.0
0.022666666666666665,0.01,0.012833333333333334,0.015333333333333336,0.0,0.0,0.0
0.0235,0.010000000000000009,0.00666666666666667,0.0215,0.0,0.0,0.0
0.02033333333333333,0.009999999999999998,0.006000000000000001,0.0165,0.0,0.0,0.0
0.019000000000000003,0.010000000000000005,0.004666666666666669,0.017,0.0,0.0,0.0
0.01933333333333333,0.010000000000000002,0.006000000000000004,0.018166666666666668,0.0,0.0,0.0
0.028,0.010000000000000005,0.009333333333333334,0.023,0.0,0.0,0.0
0.034833333333333334,0.010000000000000009,0.014833333333333336,0.026000000000000002,0.0,0.0,0.0
